latitude_deg,zodiac,rising_sign,rising_share_pct,mc_in_whole_sign_10th_pct,porphyry_no_interception_pct,mc_house_1_pct,mc_house_2_pct,mc_house_3_pct,mc_house_4_pct,mc_house_5_pct,mc_house_6_pct,mc_house_7_pct,mc_house_8_pct,mc_house_9_pct,mc_house_10_pct,mc_house_11_pct,mc_house_12_pct
0,tropical,all,100.0,90.51,90.51,0.0,0.0,0.0,0.0,0.0,0.0,0.0,0.0,4.74,90.51,4.74,0.0
0,sidereal_lahiri,all,100.0,89.6,,0.0,0.0,0.0,0.0,0.0,0.0,0.0,0.0,5.2,89.6,5.2,0.0
0,tropical,Aries,7.75,100.0,,0.0,0.0,0.0,0.0,0.0,0.0,0.0,0.0,0.0,100.0,0.0,0.0
0,sidereal_lahiri,Aries,8.17,87.46,,0.0,0.0,0.0,0.0,0.0,0.0,0.0,0.0,12.54,87.46,0.0,0.0
0,tropical,Taurus,8.31,85.72,,0.0,0.0,0.0,0.0,0.0,0.0,0.0,0.0,14.28,85.72,0.0,0.0
0,sidereal_lahiri,Taurus,8.85,85.31,,0.0,0.0,0.0,0.0,0.0,0.0,0.0,0.0,14.69,85.31,0.0,0.0
0,tropical,Gemini,8.94,86.73,,0.0,0.0,0.0,0.0,0.0,0.0,0.0,0.0,13.27,86.73,0.0,0.0
0,sidereal_lahiri,Gemini,9.01,85.56,,0.0,0.0,0.0,0.0,0.0,0.0,0.0,0.0,3.05,85.56,11.38,0.0
0,tropical,Cancer,8.94,86.73,,0.0,0.0,0.0,0.0,0.0,0.0,0.0,0.0,0.0,86.73,13.27,0.0
0,sidereal_lahiri,Cancer,8.45,84.61,,0.0,0.0,0.0,0.0,0.0,0.0,0.0,0.0,0.0,84.61,15.39,0.0
0,tropical,Leo,8.31,85.72,,0.0,0.0,0.0,0.0,0.0,0.0,0.0,0.0,0.0,85.72,14.28,0.0
0,sidereal_lahiri,Leo,7.82,96.48,,0.0,0.0,0.0,0.0,0.0,0.0,0.0,0.0,0.0,96.48,3.52,0.0
0,tropical,Virgo,7.75,100.0,,0.0,0.0,0.0,0.0,0.0,0.0,0.0,0.0,0.0,100.0,0.0,0.0
0,sidereal_lahiri,Virgo,7.71,100.0,,0.0,0.0,0.0,0.0,0.0,0.0,0.0,0.0,0.0,100.0,0.0,0.0
0,tropical,Libra,7.75,100.0,,0.0,0.0,0.0,0.0,0.0,0.0,0.0,0.0,0.0,100.0,0.0,0.0
0,sidereal_lahiri,Libra,8.17,87.46,,0.0,0.0,0.0,0.0,0.0,0.0,0.0,0.0,12.54,87.46,0.0,0.0
0,tropical,Scorpio,8.31,85.72,,0.0,0.0,0.0,0.0,0.0,0.0,0.0,0.0,14.28,85.72,0.0,0.0
0,sidereal_lahiri,Scorpio,8.85,85.31,,0.0,0.0,0.0,0.0,0.0,0.0,0.0,0.0,14.69,85.31,0.0,0.0
0,tropical,Sagittarius,8.94,86.73,,0.0,0.0,0.0,0.0,0.0,0.0,0.0,0.0,13.27,86.73,0.0,0.0
0,sidereal_lahiri,Sagittarius,9.01,85.56,,0.0,0.0,0.0,0.0,0.0,0.0,0.0,0.0,3.05,85.56,11.38,0.0
0,tropical,Capricorn,8.94,86.73,,0.0,0.0,0.0,0.0,0.0,0.0,0.0,0.0,0.0,86.73,13.27,0.0
0,sidereal_lahiri,Capricorn,8.45,84.61,,0.0,0.0,0.0,0.0,0.0,0.0,0.0,0.0,0.0,84.61,15.39,0.0
0,tropical,Aquarius,8.31,85.72,,0.0,0.0,0.0,0.0,0.0,0.0,0.0,0.0,0.0,85.72,14.28,0.0
0,sidereal_lahiri,Aquarius,7.82,96.48,,0.0,0.0,0.0,0.0,0.0,0.0,0.0,0.0,0.0,96.48,3.52,0.0
0,tropical,Pisces,7.75,100.0,,0.0,0.0,0.0,0.0,0.0,0.0,0.0,0.0,0.0,100.0,0.0,0.0
0,sidereal_lahiri,Pisces,7.71,100.0,,0.0,0.0,0.0,0.0,0.0,0.0,0.0,0.0,0.0,100.0,0.0,0.0
1,tropical,all,100.0,90.27,90.27,0.0,0.0,0.0,0.0,0.0,0.0,0.0,0.0,4.86,90.27,4.86,0.0
1,sidereal_lahiri,all,100.0,89.6,,0.0,0.0,0.0,0.0,0.0,0.0,0.0,0.0,5.2,89.6,5.2,0.0
1,tropical,Aries,7.7,100.0,,0.0,0.0,0.0,0.0,0.0,0.0,0.0,0.0,0.0,100.0,0.0,0.0
1,sidereal_lahiri,Aries,8.12,86.8,,0.0,0.0,0.0,0.0,0.0,0.0,0.0,0.0,13.2,86.8,0.0,0.0
1,tropical,Taurus,8.26,84.97,,0.0,0.0,0.0,0.0,0.0,0.0,0.0,0.0,15.03,84.97,0.0,0.0
1,sidereal_lahiri,Taurus,8.82,84.19,,0.0,0.0,0.0,0.0,0.0,0.0,0.0,0.0,15.81,84.19,0.0,0.0
1,tropical,Gemini,8.92,85.55,,0.0,0.0,0.0,0.0,0.0,0.0,0.0,0.0,14.45,85.55,0.0,0.0
1,sidereal_lahiri,Gemini,9.02,85.46,,0.0,0.0,0.0,0.0,0.0,0.0,0.0,0.0,4.37,85.46,10.17,0.0
1,tropical,Cancer,8.96,86.57,,0.0,0.0,0.0,0.0,0.0,0.0,0.0,0.0,1.33,86.57,12.1,0.0
1,sidereal_lahiri,Cancer,8.49,85.47,,0.0,0.0,0.0,0.0,0.0,0.0,0.0,0.0,0.0,85.47,14.53,0.0
1,tropical,Leo,8.36,86.47,,0.0,0.0,0.0,0.0,0.0,0.0,0.0,0.0,0.0,86.47,13.53,0.0
1,sidereal_lahiri,Leo,7.88,96.65,,0.0,0.0,0.0,0.0,0.0,0.0,0.0,0.0,0.0,96.65,3.35,0.0
1,tropical,Virgo,7.81,100.0,,0.0,0.0,0.0,0.0,0.0,0.0,0.0,0.0,0.0,100.0,0.0,0.0
1,sidereal_lahiri,Virgo,7.76,100.0,,0.0,0.0,0.0,0.0,0.0,0.0,0.0,0.0,0.0,100.0,0.0,0.0
1,tropical,Libra,7.81,100.0,,0.0,0.0,0.0,0.0,0.0,0.0,0.0,0.0,0.0,100.0,0.0,0.0
1,sidereal_lahiri,Libra,8.22,88.07,,0.0,0.0,0.0,0.0,0.0,0.0,0.0,0.0,11.93,88.07,0.0,0.0
1,tropical,Scorpio,8.36,86.47,,0.0,0.0,0.0,0.0,0.0,0.0,0.0,0.0,13.53,86.47,0.0,0.0
1,sidereal_lahiri,Scorpio,8.88,86.42,,0.0,0.0,0.0,0.0,0.0,0.0,0.0,0.0,13.58,86.42,0.0,0.0
1,tropical,Sagittarius,8.96,86.57,,0.0,0.0,0.0,0.0,0.0,0.0,0.0,0.0,12.1,86.57,1.33,0.0
1,sidereal_lahiri,Sagittarius,8.99,85.7,,0.0,0.0,0.0,0.0,0.0,0.0,0.0,0.0,1.7,85.7,12.6,0.0
1,tropical,Capricorn,8.92,85.55,,0.0,0.0,0.0,0.0,0.0,0.0,0.0,0.0,0.0,85.55,14.45,0.0
1,sidereal_lahiri,Capricorn,8.41,83.74,,0.0,0.0,0.0,0.0,0.0,0.0,0.0,0.0,0.0,83.74,16.26,0.0
1,tropical,Aquarius,8.26,84.97,,0.0,0.0,0.0,0.0,0.0,0.0,0.0,0.0,0.0,84.97,15.03,0.0
1,sidereal_lahiri,Aquarius,7.77,96.32,,0.0,0.0,0.0,0.0,0.0,0.0,0.0,0.0,0.0,96.32,3.68,0.0
1,tropical,Pisces,7.7,100.0,,0.0,0.0,0.0,0.0,0.0,0.0,0.0,0.0,0.0,100.0,0.0,0.0
1,sidereal_lahiri,Pisces,7.65,100.0,,0.0,0.0,0.0,0.0,0.0,0.0,0.0,0.0,0.0,100.0,0.0,0.0
2,tropical,all,100.0,90.02,90.02,0.0,0.0,0.0,0.0,0.0,0.0,0.0,0.0,4.99,90.02,4.99,0.0
2,sidereal_lahiri,all,100.0,89.61,,0.0,0.0,0.0,0.0,0.0,0.0,0.0,0.0,5.2,89.61,5.2,0.0
2,tropical,Aries,7.64,100.0,,0.0,0.0,0.0,0.0,0.0,0.0,0.0,0.0,0.0,100.0,0.0,0.0
2,sidereal_lahiri,Aries,8.07,86.17,,0.0,0.0,0.0,0.0,0.0,0.0,0.0,0.0,13.83,86.17,0.0,0.0
2,tropical,Taurus,8.22,84.18,,0.0,0.0,0.0,0.0,0.0,0.0,0.0,0.0,15.82,84.18,0.0,0.0
2,sidereal_lahiri,Taurus,8.8,83.08,,0.0,0.0,0.0,0.0,0.0,0.0,0.0,0.0,16.92,83.08,0.0,0.0
2,tropical,Gemini,8.9,84.37,,0.0,0.0,0.0,0.0,0.0,0.0,0.0,0.0,15.63,84.37,0.0,0.0
2,sidereal_lahiri,Gemini,9.03,85.35,,0.0,0.0,0.0,0.0,0.0,0.0,0.0,0.0,5.69,85.35,8.95,0.0
2,tropical,Cancer,8.98,86.36,,0.0,0.0,0.0,0.0,0.0,0.0,0.0,0.0,2.69,86.36,10.95,0.0
2,sidereal_lahiri,Cancer,8.53,86.32,,0.0,0.0,0.0,0.0,0.0,0.0,0.0,0.0,0.0,86.32,13.68,0.0
2,tropical,Leo,8.4,87.23,,0.0,0.0,0.0,0.0,0.0,0.0,0.0,0.0,0.0,87.23,12.77,0.0
2,sidereal_lahiri,Leo,7.93,96.81,,0.0,0.0,0.0,0.0,0.0,0.0,0.0,0.0,0.0,96.81,3.19,0.0
2,tropical,Virgo,7.87,100.0,,0.0,0.0,0.0,0.0,0.0,0.0,0.0,0.0,0.0,100.0,0.0,0.0
2,sidereal_lahiri,Virgo,7.82,100.0,,0.0,0.0,0.0,0.0,0.0,0.0,0.0,0.0,0.0,100.0,0.0,0.0
2,tropical,Libra,7.87,100.0,,0.0,0.0,0.0,0.0,0.0,0.0,0.0,0.0,0.0,100.0,0.0,0.0
2,sidereal_lahiri,Libra,8.27,88.71,,0.0,0.0,0.0,0.0,0.0,0.0,0.0,0.0,11.29,88.71,0.0,0.0
2,tropical,Scorpio,8.4,87.23,,0.0,0.0,0.0,0.0,0.0,0.0,0.0,0.0,12.77,87.23,0.0,0.0
2,sidereal_lahiri,Scorpio,8.9,87.52,,0.0,0.0,0.0,0.0,0.0,0.0,0.0,0.0,12.48,87.52,0.0,0.0
2,tropical,Sagittarius,8.98,86.36,,0.0,0.0,0.0,0.0,0.0,0.0,0.0,0.0,10.95,86.36,2.69,0.0
2,sidereal_lahiri,Sagittarius,8.98,85.8,,0.0,0.0,0.0,0.0,0.0,0.0,0.0,0.0,0.37,85.8,13.83,0.0
2,tropical,Capricorn,8.9,84.37,,0.0,0.0,0.0,0.0,0.0,0.0,0.0,0.0,0.0,84.37,15.63,0.0
2,sidereal_lahiri,Capricorn,8.36,82.89,,0.0,0.0,0.0,0.0,0.0,0.0,0.0,0.0,0.0,82.89,17.11,0.0
2,tropical,Aquarius,8.22,84.18,,0.0,0.0,0.0,0.0,0.0,0.0,0.0,0.0,0.0,84.18,15.82,0.0
2,sidereal_lahiri,Aquarius,7.71,96.15,,0.0,0.0,0.0,0.0,0.0,0.0,0.0,0.0,0.0,96.15,3.85,0.0
2,tropical,Pisces,7.64,100.0,,0.0,0.0,0.0,0.0,0.0,0.0,0.0,0.0,0.0,100.0,0.0,0.0
2,sidereal_lahiri,Pisces,7.59,100.0,,0.0,0.0,0.0,0.0,0.0,0.0,0.0,0.0,0.0,100.0,0.0,0.0
3,tropical,all,100.0,89.79,89.79,0.0,0.0,0.0,0.0,0.0,0.0,0.0,0.0,5.11,89.79,5.11,0.0
3,sidereal_lahiri,all,100.0,89.43,,0.0,0.0,0.0,0.0,0.0,0.0,0.0,0.0,5.29,89.43,5.28,0.0
3,tropical,Aries,7.58,100.0,,0.0,0.0,0.0,0.0,0.0,0.0,0.0,0.0,0.0,100.0,0.0,0.0
3,sidereal_lahiri,Aries,8.03,85.5,,0.0,0.0,0.0,0.0,0.0,0.0,0.0,0.0,14.5,85.5,0.0,0.0
3,tropical,Taurus,8.17,83.41,,0.0,0.0,0.0,0.0,0.0,0.0,0.0,0.0,16.59,83.41,0.0,0.0
3,sidereal_lahiri,Taurus,8.77,81.95,,0.0,0.0,0.0,0.0,0.0,0.0,0.0,0.0,18.05,81.95,0.0,0.0
3,tropical,Gemini,8.88,83.21,,0.0,0.0,0.0,0.0,0.0,0.0,0.0,0.0,16.79,83.21,0.0,0.0
3,sidereal_lahiri,Gemini,9.04,85.25,,0.0,0.0,0.0,0.0,0.0,0.0,0.0,0.0,7.01,85.25,7.74,0.0
3,tropical,Cancer,8.99,86.2,,0.0,0.0,0.0,0.0,0.0,0.0,0.0,0.0,4.01,86.2,9.79,0.0
3,sidereal_lahiri,Cancer,8.57,87.17,,0.0,0.0,0.0,0.0,0.0,0.0,0.0,0.0,0.0,87.17,12.83,0.0
3,tropical,Leo,8.44,87.96,,0.0,0.0,0.0,0.0,0.0,0.0,0.0,0.0,0.0,87.96,12.04,0.0
3,sidereal_lahiri,Leo,7.99,96.97,,0.0,0.0,0.0,0.0,0.0,0.0,0.0,0.0,0.0,96.97,3.03,0.0
3,tropical,Virgo,7.92,100.0,,0.0,0.0,0.0,0.0,0.0,0.0,0.0,0.0,0.0,100.0,0.0,0.0
3,sidereal_lahiri,Virgo,7.88,100.0,,0.0,0.0,0.0,0.0,0.0,0.0,0.0,0.0,0.0,100.0,0.0,0.0
3,tropical,Libra,7.92,100.0,,0.0,0.0,0.0,0.0,0.0,0.0,0.0,0.0,0.0,100.0,0.0,0.0
3,sidereal_lahiri,Libra,8.32,89.32,,0.0,0.0,0.0,0.0,0.0,0.0,0.0,0.0,10.68,89.32,0.0,0.0
3,tropical,Scorpio,8.44,87.96,,0.0,0.0,0.0,0.0,0.0,0.0,0.0,0.0,12.04,87.96,0.0,0.0
3,sidereal_lahiri,Scorpio,8.93,87.64,,0.0,0.0,0.0,0.0,0.0,0.0,0.0,0.0,11.39,87.64,0.96,0.0
3,tropical,Sagittarius,8.99,86.2,,0.0,0.0,0.0,0.0,0.0,0.0,0.0,0.0,9.79,86.2,4.01,0.0
3,sidereal_lahiri,Sagittarius,8.97,84.95,,0.0,0.0,0.0,0.0,0.0,0.0,0.0,0.0,0.0,84.95,15.05,0.0
3,tropical,Capricorn,8.88,83.21,,0.0,0.0,0.0,0.0,0.0,0.0,0.0,0.0,0.0,83.21,16.79,0.0
3,sidereal_lahiri,Capricorn,8.32,82.0,,0.0,0.0,0.0,0.0,0.0,0.0,0.0,0.0,0.0,82.0,18.0,0.0
3,tropical,Aquarius,8.17,83.41,,0.0,0.0,0.0,0.0,0.0,0.0,0.0,0.0,0.0,83.41,16.59,0.0
3,sidereal_lahiri,Aquarius,7.66,95.97,,0.0,0.0,0.0,0.0,0.0,0.0,0.0,0.0,0.0,95.97,4.03,0.0
3,tropical,Pisces,7.58,100.0,,0.0,0.0,0.0,0.0,0.0,0.0,0.0,0.0,0.0,100.0,0.0,0.0
3,sidereal_lahiri,Pisces,7.53,100.0,,0.0,0.0,0.0,0.0,0.0,0.0,0.0,0.0,0.0,100.0,0.0,0.0
4,tropical,all,100.0,89.54,89.54,0.0,0.0,0.0,0.0,0.0,0.0,0.0,0.0,5.23,89.54,5.23,0.0
4,sidereal_lahiri,all,100.0,89.19,,0.0,0.0,0.0,0.0,0.0,0.0,0.0,0.0,5.41,89.19,5.4,0.0
4,tropical,Aries,7.53,100.0,,0.0,0.0,0.0,0.0,0.0,0.0,0.0,0.0,0.0,100.0,0.0,0.0
4,sidereal_lahiri,Aries,7.98,84.82,,0.0,0.0,0.0,0.0,0.0,0.0,0.0,0.0,15.18,84.82,0.0,0.0
4,tropical,Taurus,8.12,82.63,,0.0,0.0,0.0,0.0,0.0,0.0,0.0,0.0,17.37,82.63,0.0,0.0
4,sidereal_lahiri,Taurus,8.75,80.79,,0.0,0.0,0.0,0.0,0.0,0.0,0.0,0.0,19.21,80.79,0.0,0.0
4,tropical,Gemini,8.86,82.01,,0.0,0.0,0.0,0.0,0.0,0.0,0.0,0.0,17.99,82.01,0.0,0.0
4,sidereal_lahiri,Gemini,9.05,85.14,,0.0,0.0,0.0,0.0,0.0,0.0,0.0,0.0,8.32,85.14,6.54,0.0
4,tropical,Cancer,9.01,86.01,,0.0,0.0,0.0,0.0,0.0,0.0,0.0,0.0,5.36,86.01,8.63,0.0
4,sidereal_lahiri,Cancer,8.61,88.0,,0.0,0.0,0.0,0.0,0.0,0.0,0.0,0.0,0.0,88.0,12.0,0.0
4,tropical,Leo,8.49,88.68,,0.0,0.0,0.0,0.0,0.0,0.0,0.0,0.0,0.0,88.68,11.32,0.0
4,sidereal_lahiri,Leo,8.04,97.13,,0.0,0.0,0.0,0.0,0.0,0.0,0.0,0.0,0.0,97.13,2.87,0.0
4,tropical,Virgo,7.98,100.0,,0.0,0.0,0.0,0.0,0.0,0.0,0.0,0.0,0.0,100.0,0.0,0.0
4,sidereal_lahiri,Virgo,7.93,100.0,,0.0,0.0,0.0,0.0,0.0,0.0,0.0,0.0,0.0,100.0,0.0,0.0
4,tropical,Libra,7.98,100.0,,0.0,0.0,0.0,0.0,0.0,0.0,0.0,0.0,0.0,100.0,0.0,0.0
4,sidereal_lahiri,Libra,8.37,89.94,,0.0,0.0,0.0,0.0,0.0,0.0,0.0,0.0,10.06,89.94,0.0,0.0
4,tropical,Scorpio,8.49,88.68,,0.0,0.0,0.0,0.0,0.0,0.0,0.0,0.0,11.32,88.68,0.0,0.0
4,sidereal_lahiri,Scorpio,8.95,87.43,,0.0,0.0,0.0,0.0,0.0,0.0,0.0,0.0,10.28,87.43,2.3,0.0
4,tropical,Sagittarius,9.01,86.01,,0.0,0.0,0.0,0.0,0.0,0.0,0.0,0.0,8.63,86.01,5.36,0.0
4,sidereal_lahiri,Sagittarius,8.96,83.72,,0.0,0.0,0.0,0.0,0.0,0.0,0.0,0.0,0.0,83.72,16.28,0.0
4,tropical,Capricorn,8.86,82.01,,0.0,0.0,0.0,0.0,0.0,0.0,0.0,0.0,0.0,82.01,17.99,0.0
4,sidereal_lahiri,Capricorn,8.28,81.11,,0.0,0.0,0.0,0.0,0.0,0.0,0.0,0.0,0.0,81.11,18.89,0.0
4,tropical,Aquarius,8.12,82.63,,0.0,0.0,0.0,0.0,0.0,0.0,0.0,0.0,0.0,82.63,17.37,0.0
4,sidereal_lahiri,Aquarius,7.6,95.8,,0.0,0.0,0.0,0.0,0.0,0.0,0.0,0.0,0.0,95.8,4.2,0.0
4,tropical,Pisces,7.53,100.0,,0.0,0.0,0.0,0.0,0.0,0.0,0.0,0.0,0.0,100.0,0.0,0.0
4,sidereal_lahiri,Pisces,7.47,100.0,,0.0,0.0,0.0,0.0,0.0,0.0,0.0,0.0,0.0,100.0,0.0,0.0
5,tropical,all,100.0,89.31,89.31,0.0,0.0,0.0,0.0,0.0,0.0,0.0,0.0,5.35,89.31,5.35,0.0
5,sidereal_lahiri,all,100.0,88.94,,0.0,0.0,0.0,0.0,0.0,0.0,0.0,0.0,5.53,88.94,5.53,0.0
5,tropical,Aries,7.47,100.0,,0.0,0.0,0.0,0.0,0.0,0.0,0.0,0.0,0.0,100.0,0.0,0.0
5,sidereal_lahiri,Aries,7.93,84.16,,0.0,0.0,0.0,0.0,0.0,0.0,0.0,0.0,15.84,84.16,0.0,0.0
5,tropical,Taurus,8.08,81.82,,0.0,0.0,0.0,0.0,0.0,0.0,0.0,0.0,18.18,81.82,0.0,0.0
5,sidereal_lahiri,Taurus,8.72,79.65,,0.0,0.0,0.0,0.0,0.0,0.0,0.0,0.0,20.35,79.65,0.0,0.0
5,tropical,Gemini,8.85,80.82,,0.0,0.0,0.0,0.0,0.0,0.0,0.0,0.0,19.18,80.82,0.0,0.0
5,sidereal_lahiri,Gemini,9.06,85.01,,0.0,0.0,0.0,0.0,0.0,0.0,0.0,0.0,9.65,85.01,5.33,0.0
5,tropical,Cancer,9.03,85.85,,0.0,0.0,0.0,0.0,0.0,0.0,0.0,0.0,6.67,85.85,7.47,0.0
5,sidereal_lahiri,Cancer,8.66,88.83,,0.0,0.0,0.0,0.0,0.0,0.0,0.0,0.0,0.0,88.83,11.17,0.0
5,tropical,Leo,8.54,89.42,,0.0,0.0,0.0,0.0,0.0,0.0,0.0,0.0,0.0,89.42,10.58,0.0
5,sidereal_lahiri,Leo,8.1,97.29,,0.0,0.0,0.0,0.0,0.0,0.0,0.0,0.0,0.0,97.29,2.71,0.0
5,tropical,Virgo,8.04,100.0,,0.0,0.0,0.0,0.0,0.0,0.0,0.0,0.0,0.0,100.0,0.0,0.0
5,sidereal_lahiri,Virgo,7.99,100.0,,0.0,0.0,0.0,0.0,0.0,0.0,0.0,0.0,0.0,100.0,0.0,0.0
5,tropical,Libra,8.04,100.0,,0.0,0.0,0.0,0.0,0.0,0.0,0.0,0.0,0.0,100.0,0.0,0.0
5,sidereal_lahiri,Libra,8.42,90.56,,0.0,0.0,0.0,0.0,0.0,0.0,0.0,0.0,9.44,90.56,0.0,0.0
5,tropical,Scorpio,8.54,89.42,,0.0,0.0,0.0,0.0,0.0,0.0,0.0,0.0,10.58,89.42,0.0,0.0
5,sidereal_lahiri,Scorpio,8.97,87.16,,0.0,0.0,0.0,0.0,0.0,0.0,0.0,0.0,9.19,87.16,3.65,0.0
5,tropical,Sagittarius,9.03,85.85,,0.0,0.0,0.0,0.0,0.0,0.0,0.0,0.0,7.47,85.85,6.67,0.0
5,sidereal_lahiri,Sagittarius,8.94,82.48,,0.0,0.0,0.0,0.0,0.0,0.0,0.0,0.0,0.0,82.48,17.52,0.0
5,tropical,Capricorn,8.85,80.82,,0.0,0.0,0.0,0.0,0.0,0.0,0.0,0.0,0.0,80.82,19.18,0.0
5,sidereal_lahiri,Capricorn,8.24,80.18,,0.0,0.0,0.0,0.0,0.0,0.0,0.0,0.0,0.0,80.18,19.82,0.0
5,tropical,Aquarius,8.08,81.82,,0.0,0.0,0.0,0.0,0.0,0.0,0.0,0.0,0.0,81.82,18.18,0.0
5,sidereal_lahiri,Aquarius,7.55,95.58,,0.0,0.0,0.0,0.0,0.0,0.0,0.0,0.0,0.0,95.58,4.42,0.0
5,tropical,Pisces,7.47,100.0,,0.0,0.0,0.0,0.0,0.0,0.0,0.0,0.0,0.0,100.0,0.0,0.0
5,sidereal_lahiri,Pisces,7.42,100.0,,0.0,0.0,0.0,0.0,0.0,0.0,0.0,0.0,0.0,100.0,0.0,0.0
6,tropical,all,100.0,89.06,89.06,0.0,0.0,0.0,0.0,0.0,0.0,0.0,0.0,5.47,89.06,5.47,0.0
6,sidereal_lahiri,all,100.0,88.71,,0.0,0.0,0.0,0.0,0.0,0.0,0.0,0.0,5.65,88.71,5.65,0.0
6,tropical,Aries,7.41,100.0,,0.0,0.0,0.0,0.0,0.0,0.0,0.0,0.0,0.0,100.0,0.0,0.0
6,sidereal_lahiri,Aries,7.88,83.47,,0.0,0.0,0.0,0.0,0.0,0.0,0.0,0.0,16.53,83.47,0.0,0.0
6,tropical,Taurus,8.03,81.02,,0.0,0.0,0.0,0.0,0.0,0.0,0.0,0.0,18.98,81.02,0.0,0.0
6,sidereal_lahiri,Taurus,8.7,78.51,,0.0,0.0,0.0,0.0,0.0,0.0,0.0,0.0,21.49,78.51,0.0,0.0
6,tropical,Gemini,8.83,79.61,,0.0,0.0,0.0,0.0,0.0,0.0,0.0,0.0,20.39,79.61,0.0,0.0
6,sidereal_lahiri,Gemini,9.07,84.94,,0.0,0.0,0.0,0.0,0.0,0.0,0.0,0.0,10.96,84.94,4.1,0.0
6,tropical,Cancer,9.05,85.67,,0.0,0.0,0.0,0.0,0.0,0.0,0.0,0.0,8.01,85.67,6.32,0.0
6,sidereal_lahiri,Cancer,8.7,89.66,,0.0,0.0,0.0,0.0,0.0,0.0,0.0,0.0,0.0,89.66,10.34,0.0
6,tropical,Leo,8.58,90.13,,0.0,0.0,0.0,0.0,0.0,0.0,0.0,0.0,0.0,90.13,9.87,0.0
6,sidereal_lahiri,Leo,8.16,97.45,,0.0,0.0,0.0,0.0,0.0,0.0,0.0,0.0,0.0,97.45,2.55,0.0
6,tropical,Virgo,8.09,100.0,,0.0,0.0,0.0,0.0,0.0,0.0,0.0,0.0,0.0,100.0,0.0,0.0
6,sidereal_lahiri,Virgo,8.05,100.0,,0.0,0.0,0.0,0.0,0.0,0.0,0.0,0.0,0.0,100.0,0.0,0.0
6,tropical,Libra,8.09,100.0,,0.0,0.0,0.0,0.0,0.0,0.0,0.0,0.0,0.0,100.0,0.0,0.0
6,sidereal_lahiri,Libra,8.47,91.14,,0.0,0.0,0.0,0.0,0.0,0.0,0.0,0.0,8.86,91.14,0.0,0.0
6,tropical,Scorpio,8.58,90.13,,0.0,0.0,0.0,0.0,0.0,0.0,0.0,0.0,9.87,90.13,0.0,0.0
6,sidereal_lahiri,Scorpio,9.0,86.91,,0.0,0.0,0.0,0.0,0.0,0.0,0.0,0.0,8.12,86.91,4.97,0.0
6,tropical,Sagittarius,9.05,85.67,,0.0,0.0,0.0,0.0,0.0,0.0,0.0,0.0,6.32,85.67,8.01,0.0
6,sidereal_lahiri,Sagittarius,8.93,81.25,,0.0,0.0,0.0,0.0,0.0,0.0,0.0,0.0,0.0,81.25,18.75,0.0
6,tropical,Capricorn,8.83,79.61,,0.0,0.0,0.0,0.0,0.0,0.0,0.0,0.0,0.0,79.61,20.39,0.0
6,sidereal_lahiri,Capricorn,8.2,79.26,,0.0,0.0,0.0,0.0,0.0,0.0,0.0,0.0,0.0,79.26,20.74,0.0
6,tropical,Aquarius,8.03,81.02,,0.0,0.0,0.0,0.0,0.0,0.0,0.0,0.0,0.0,81.02,18.98,0.0
6,sidereal_lahiri,Aquarius,7.49,95.4,,0.0,0.0,0.0,0.0,0.0,0.0,0.0,0.0,0.0,95.4,4.6,0.0
6,tropical,Pisces,7.41,100.0,,0.0,0.0,0.0,0.0,0.0,0.0,0.0,0.0,0.0,100.0,0.0,0.0
6,sidereal_lahiri,Pisces,7.36,100.0,,0.0,0.0,0.0,0.0,0.0,0.0,0.0,0.0,0.0,100.0,0.0,0.0
7,tropical,all,100.0,88.82,88.82,0.0,0.0,0.0,0.0,0.0,0.0,0.0,0.0,5.59,88.82,5.59,0.0
7,sidereal_lahiri,all,100.0,88.46,,0.0,0.0,0.0,0.0,0.0,0.0,0.0,0.0,5.77,88.46,5.77,0.0
7,tropical,Aries,7.36,100.0,,0.0,0.0,0.0,0.0,0.0,0.0,0.0,0.0,0.0,100.0,0.0,0.0
7,sidereal_lahiri,Aries,7.83,82.76,,0.0,0.0,0.0,0.0,0.0,0.0,0.0,0.0,17.24,82.76,0.0,0.0
7,tropical,Taurus,7.99,80.18,,0.0,0.0,0.0,0.0,0.0,0.0,0.0,0.0,19.82,80.18,0.0,0.0
7,sidereal_lahiri,Taurus,8.67,77.32,,0.0,0.0,0.0,0.0,0.0,0.0,0.0,0.0,22.68,77.32,0.0,0.0
7,tropical,Gemini,8.81,78.4,,0.0,0.0,0.0,0.0,0.0,0.0,0.0,0.0,21.6,78.4,0.0,0.0
7,sidereal_lahiri,Gemini,9.09,84.81,,0.0,0.0,0.0,0.0,0.0,0.0,0.0,0.0,12.29,84.81,2.9,0.0
7,tropical,Cancer,9.07,85.48,,0.0,0.0,0.0,0.0,0.0,0.0,0.0,0.0,9.34,85.48,5.18,0.0
7,sidereal_lahiri,Cancer,8.74,90.5,,0.0,0.0,0.0,0.0,0.0,0.0,0.0,0.0,0.0,90.5,9.5,0.0
7,tropical,Leo,8.63,90.86,,0.0,0.0,0.0,0.0,0.0,0.0,0.0,0.0,0.0,90.86,9.14,0.0
7,sidereal_lahiri,Leo,8.21,97.6,,0.0,0.0,0.0,0.0,0.0,0.0,0.0,0.0,0.0,97.6,2.4,0.0
7,tropical,Virgo,8.15,100.0,,0.0,0.0,0.0,0.0,0.0,0.0,0.0,0.0,0.0,100.0,0.0,0.0
7,sidereal_lahiri,Virgo,8.11,100.0,,0.0,0.0,0.0,0.0,0.0,0.0,0.0,0.0,0.0,100.0,0.0,0.0
7,tropical,Libra,8.15,100.0,,0.0,0.0,0.0,0.0,0.0,0.0,0.0,0.0,0.0,100.0,0.0,0.0
7,sidereal_lahiri,Libra,8.52,91.75,,0.0,0.0,0.0,0.0,0.0,0.0,0.0,0.0,8.25,91.75,0.0,0.0
7,tropical,Scorpio,8.63,90.86,,0.0,0.0,0.0,0.0,0.0,0.0,0.0,0.0,9.14,90.86,0.0,0.0
7,sidereal_lahiri,Scorpio,9.03,86.67,,0.0,0.0,0.0,0.0,0.0,0.0,0.0,0.0,7.02,86.67,6.31,0.0
7,tropical,Sagittarius,9.07,85.48,,0.0,0.0,0.0,0.0,0.0,0.0,0.0,0.0,5.18,85.48,9.34,0.0
7,sidereal_lahiri,Sagittarius,8.92,79.98,,0.0,0.0,0.0,0.0,0.0,0.0,0.0,0.0,0.0,79.98,20.02,0.0
7,tropical,Capricorn,8.81,78.4,,0.0,0.0,0.0,0.0,0.0,0.0,0.0,0.0,0.0,78.4,21.6,0.0
7,sidereal_lahiri,Capricorn,8.15,78.33,,0.0,0.0,0.0,0.0,0.0,0.0,0.0,0.0,0.0,78.33,21.67,0.0
7,tropical,Aquarius,7.99,80.18,,0.0,0.0,0.0,0.0,0.0,0.0,0.0,0.0,0.0,80.18,19.82,0.0
7,sidereal_lahiri,Aquarius,7.44,95.22,,0.0,0.0,0.0,0.0,0.0,0.0,0.0,0.0,0.0,95.22,4.78,0.0
7,tropical,Pisces,7.36,100.0,,0.0,0.0,0.0,0.0,0.0,0.0,0.0,0.0,0.0,100.0,0.0,0.0
7,sidereal_lahiri,Pisces,7.3,100.0,,0.0,0.0,0.0,0.0,0.0,0.0,0.0,0.0,0.0,100.0,0.0,0.0
8,tropical,all,100.0,88.57,88.57,0.0,0.0,0.0,0.0,0.0,0.0,0.0,0.0,5.71,88.57,5.71,0.0
8,sidereal_lahiri,all,100.0,88.22,,0.0,0.0,0.0,0.0,0.0,0.0,0.0,0.0,5.89,88.22,5.89,0.0
8,tropical,Aries,7.3,100.0,,0.0,0.0,0.0,0.0,0.0,0.0,0.0,0.0,0.0,100.0,0.0,0.0
8,sidereal_lahiri,Aries,7.78,82.07,,0.0,0.0,0.0,0.0,0.0,0.0,0.0,0.0,17.93,82.07,0.0,0.0
8,tropical,Taurus,7.94,79.36,,0.0,0.0,0.0,0.0,0.0,0.0,0.0,0.0,20.64,79.36,0.0,0.0
8,sidereal_lahiri,Taurus,8.65,76.13,,0.0,0.0,0.0,0.0,0.0,0.0,0.0,0.0,23.87,76.13,0.0,0.0
8,tropical,Gemini,8.79,77.16,,0.0,0.0,0.0,0.0,0.0,0.0,0.0,0.0,22.84,77.16,0.0,0.0
8,sidereal_lahiri,Gemini,9.1,84.7,,0.0,0.0,0.0,0.0,0.0,0.0,0.0,0.0,13.62,84.7,1.68,0.0
8,tropical,Cancer,9.09,85.3,,0.0,0.0,0.0,0.0,0.0,0.0,0.0,0.0,10.67,85.3,4.03,0.0
8,sidereal_lahiri,Cancer,8.78,91.3,,0.0,0.0,0.0,0.0,0.0,0.0,0.0,0.0,0.0,91.3,8.7,0.0
8,tropical,Leo,8.67,91.58,,0.0,0.0,0.0,0.0,0.0,0.0,0.0,0.0,0.0,91.58,8.42,0.0
8,sidereal_lahiri,Leo,8.27,97.75,,0.0,0.0,0.0,0.0,0.0,0.0,0.0,0.0,0.0,97.75,2.25,0.0
8,tropical,Virgo,8.21,100.0,,0.0,0.0,0.0,0.0,0.0,0.0,0.0,0.0,0.0,100.0,0.0,0.0
8,sidereal_lahiri,Virgo,8.16,100.0,,0.0,0.0,0.0,0.0,0.0,0.0,0.0,0.0,0.0,100.0,0.0,0.0
8,tropical,Libra,8.21,100.0,,0.0,0.0,0.0,0.0,0.0,0.0,0.0,0.0,0.0,100.0,0.0,0.0
8,sidereal_lahiri,Libra,8.57,92.35,,0.0,0.0,0.0,0.0,0.0,0.0,0.0,0.0,7.65,92.35,0.0,0.0
8,tropical,Scorpio,8.67,91.58,,0.0,0.0,0.0,0.0,0.0,0.0,0.0,0.0,8.42,91.58,0.0,0.0
8,sidereal_lahiri,Scorpio,9.05,86.43,,0.0,0.0,0.0,0.0,0.0,0.0,0.0,0.0,5.92,86.43,7.64,0.0
8,tropical,Sagittarius,9.09,85.3,,0.0,0.0,0.0,0.0,0.0,0.0,0.0,0.0,4.03,85.3,10.67,0.0
8,sidereal_lahiri,Sagittarius,8.91,78.73,,0.0,0.0,0.0,0.0,0.0,0.0,0.0,0.0,0.0,78.73,21.27,0.0
8,tropical,Capricorn,8.79,77.16,,0.0,0.0,0.0,0.0,0.0,0.0,0.0,0.0,0.0,77.16,22.84,0.0
8,sidereal_lahiri,Capricorn,8.11,77.4,,0.0,0.0,0.0,0.0,0.0,0.0,0.0,0.0,0.0,77.4,22.6,0.0
8,tropical,Aquarius,7.94,79.36,,0.0,0.0,0.0,0.0,0.0,0.0,0.0,0.0,0.0,79.36,20.64,0.0
8,sidereal_lahiri,Aquarius,7.38,95.03,,0.0,0.0,0.0,0.0,0.0,0.0,0.0,0.0,0.0,95.03,4.97,0.0
8,tropical,Pisces,7.3,100.0,,0.0,0.0,0.0,0.0,0.0,0.0,0.0,0.0,0.0,100.0,0.0,0.0
8,sidereal_lahiri,Pisces,7.24,100.0,,0.0,0.0,0.0,0.0,0.0,0.0,0.0,0.0,0.0,100.0,0.0,0.0
9,tropical,all,100.0,88.32,88.32,0.0,0.0,0.0,0.0,0.0,0.0,0.0,0.0,5.84,88.32,5.84,0.0
9,sidereal_lahiri,all,100.0,87.98,,0.0,0.0,0.0,0.0,0.0,0.0,0.0,0.0,6.01,87.98,6.01,0.0
9,tropical,Aries,7.24,100.0,,0.0,0.0,0.0,0.0,0.0,0.0,0.0,0.0,0.0,100.0,0.0,0.0
9,sidereal_lahiri,Aries,7.73,81.35,,0.0,0.0,0.0,0.0,0.0,0.0,0.0,0.0,18.65,81.35,0.0,0.0
9,tropical,Taurus,7.89,78.5,,0.0,0.0,0.0,0.0,0.0,0.0,0.0,0.0,21.5,78.5,0.0,0.0
9,sidereal_lahiri,Taurus,8.62,74.96,,0.0,0.0,0.0,0.0,0.0,0.0,0.0,0.0,25.04,74.96,0.0,0.0
9,tropical,Gemini,8.77,75.93,,0.0,0.0,0.0,0.0,0.0,0.0,0.0,0.0,24.07,75.93,0.0,0.0
9,sidereal_lahiri,Gemini,9.11,84.6,,0.0,0.0,0.0,0.0,0.0,0.0,0.0,0.0,14.94,84.6,0.46,0.0
9,tropical,Cancer,9.11,85.12,,0.0,0.0,0.0,0.0,0.0,0.0,0.0,0.0,12.02,85.12,2.87,0.0
9,sidereal_lahiri,Cancer,8.83,92.1,,0.0,0.0,0.0,0.0,0.0,0.0,0.0,0.0,0.0,92.1,7.9,0.0
9,tropical,Leo,8.72,92.26,,0.0,0.0,0.0,0.0,0.0,0.0,0.0,0.0,0.0,92.26,7.74,0.0
9,sidereal_lahiri,Leo,8.32,97.9,,0.0,0.0,0.0,0.0,0.0,0.0,0.0,0.0,0.0,97.9,2.1,0.0
9,tropical,Virgo,8.26,100.0,,0.0,0.0,0.0,0.0,0.0,0.0,0.0,0.0,0.0,100.0,0.0,0.0
9,sidereal_lahiri,Virgo,8.22,100.0,,0.0,0.0,0.0,0.0,0.0,0.0,0.0,0.0,0.0,100.0,0.0,0.0
9,tropical,Libra,8.26,100.0,,0.0,0.0,0.0,0.0,0.0,0.0,0.0,0.0,0.0,100.0,0.0,0.0
9,sidereal_lahiri,Libra,8.62,92.94,,0.0,0.0,0.0,0.0,0.0,0.0,0.0,0.0,7.06,92.94,0.0,0.0
9,tropical,Scorpio,8.72,92.26,,0.0,0.0,0.0,0.0,0.0,0.0,0.0,0.0,7.74,92.26,0.0,0.0
9,sidereal_lahiri,Scorpio,9.07,86.2,,0.0,0.0,0.0,0.0,0.0,0.0,0.0,0.0,4.84,86.2,8.97,0.0
9,tropical,Sagittarius,9.11,85.12,,0.0,0.0,0.0,0.0,0.0,0.0,0.0,0.0,2.87,85.12,12.02,0.0
9,sidereal_lahiri,Sagittarius,8.9,77.46,,0.0,0.0,0.0,0.0,0.0,0.0,0.0,0.0,0.0,77.46,22.54,0.0
9,tropical,Capricorn,8.77,75.93,,0.0,0.0,0.0,0.0,0.0,0.0,0.0,0.0,0.0,75.93,24.07,0.0
9,sidereal_lahiri,Capricorn,8.07,76.42,,0.0,0.0,0.0,0.0,0.0,0.0,0.0,0.0,0.0,76.42,23.58,0.0
9,tropical,Aquarius,7.89,78.5,,0.0,0.0,0.0,0.0,0.0,0.0,0.0,0.0,0.0,78.5,21.5,0.0
9,sidereal_lahiri,Aquarius,7.32,94.84,,0.0,0.0,0.0,0.0,0.0,0.0,0.0,0.0,0.0,94.84,5.16,0.0
9,tropical,Pisces,7.24,100.0,,0.0,0.0,0.0,0.0,0.0,0.0,0.0,0.0,0.0,100.0,0.0,0.0
9,sidereal_lahiri,Pisces,7.19,100.0,,0.0,0.0,0.0,0.0,0.0,0.0,0.0,0.0,0.0,100.0,0.0,0.0
10,tropical,all,100.0,88.08,88.08,0.0,0.0,0.0,0.0,0.0,0.0,0.0,0.0,5.96,88.08,5.96,0.0
10,sidereal_lahiri,all,100.0,87.59,,0.0,0.0,0.0,0.0,0.0,0.0,0.0,0.0,6.2,87.59,6.2,0.0
10,tropical,Aries,7.18,100.0,,0.0,0.0,0.0,0.0,0.0,0.0,0.0,0.0,0.0,100.0,0.0,0.0
10,sidereal_lahiri,Aries,7.68,80.61,,0.0,0.0,0.0,0.0,0.0,0.0,0.0,0.0,19.39,80.61,0.0,0.0
10,tropical,Taurus,7.85,77.63,,0.0,0.0,0.0,0.0,0.0,0.0,0.0,0.0,22.37,77.63,0.0,0.0
10,sidereal_lahiri,Taurus,8.6,73.73,,0.0,0.0,0.0,0.0,0.0,0.0,0.0,0.0,26.27,73.73,0.0,0.0
10,tropical,Gemini,8.75,74.67,,0.0,0.0,0.0,0.0,0.0,0.0,0.0,0.0,25.33,74.67,0.0,0.0
10,sidereal_lahiri,Gemini,9.12,83.73,,0.0,0.0,0.0,0.0,0.0,0.0,0.0,0.0,16.27,83.73,0.0,0.0
10,tropical,Cancer,9.12,84.96,,0.0,0.0,0.0,0.0,0.0,0.0,0.0,0.0,13.33,84.96,1.7,0.0
10,sidereal_lahiri,Cancer,8.87,92.14,,0.0,0.0,0.0,0.0,0.0,0.0,0.0,0.0,0.78,92.14,7.08,0.0
10,tropical,Leo,8.77,92.97,,0.0,0.0,0.0,0.0,0.0,0.0,0.0,0.0,0.0,92.97,7.03,0.0
10,sidereal_lahiri,Leo,8.38,98.05,,0.0,0.0,0.0,0.0,0.0,0.0,0.0,0.0,0.0,98.05,1.95,0.0
10,tropical,Virgo,8.32,100.0,,0.0,0.0,0.0,0.0,0.0,0.0,0.0,0.0,0.0,100.0,0.0,0.0
10,sidereal_lahiri,Virgo,8.28,100.0,,0.0,0.0,0.0,0.0,0.0,0.0,0.0,0.0,0.0,100.0,0.0,0.0
10,tropical,Libra,8.32,100.0,,0.0,0.0,0.0,0.0,0.0,0.0,0.0,0.0,0.0,100.0,0.0,0.0
10,sidereal_lahiri,Libra,8.67,93.53,,0.0,0.0,0.0,0.0,0.0,0.0,0.0,0.0,6.47,93.53,0.0,0.0
10,tropical,Scorpio,8.77,92.97,,0.0,0.0,0.0,0.0,0.0,0.0,0.0,0.0,7.03,92.97,0.0,0.0
10,sidereal_lahiri,Scorpio,9.1,85.96,,0.0,0.0,0.0,0.0,0.0,0.0,0.0,0.0,3.75,85.96,10.29,0.0
10,tropical,Sagittarius,9.12,84.96,,0.0,0.0,0.0,0.0,0.0,0.0,0.0,0.0,1.7,84.96,13.33,0.0
10,sidereal_lahiri,Sagittarius,8.89,76.18,,0.0,0.0,0.0,0.0,0.0,0.0,0.0,0.0,0.0,76.18,23.82,0.0
10,tropical,Capricorn,8.75,74.67,,0.0,0.0,0.0,0.0,0.0,0.0,0.0,0.0,0.0,74.67,25.33,0.0
10,sidereal_lahiri,Capricorn,8.03,75.46,,0.0,0.0,0.0,0.0,0.0,0.0,0.0,0.0,0.0,75.46,24.54,0.0
10,tropical,Aquarius,7.85,77.63,,0.0,0.0,0.0,0.0,0.0,0.0,0.0,0.0,0.0,77.63,22.37,0.0
10,sidereal_lahiri,Aquarius,7.27,94.65,,0.0,0.0,0.0,0.0,0.0,0.0,0.0,0.0,0.0,94.65,5.35,0.0
10,tropical,Pisces,7.18,100.0,,0.0,0.0,0.0,0.0,0.0,0.0,0.0,0.0,0.0,100.0,0.0,0.0
10,sidereal_lahiri,Pisces,7.13,100.0,,0.0,0.0,0.0,0.0,0.0,0.0,0.0,0.0,0.0,100.0,0.0,0.0
11,tropical,all,100.0,87.83,87.83,0.0,0.0,0.0,0.0,0.0,0.0,0.0,0.0,6.09,87.83,6.09,0.0
11,sidereal_lahiri,all,100.0,87.12,,0.0,0.0,0.0,0.0,0.0,0.0,0.0,0.0,6.44,87.12,6.44,0.0
11,tropical,Aries,7.12,100.0,,0.0,0.0,0.0,0.0,0.0,0.0,0.0,0.0,0.0,100.0,0.0,0.0
11,sidereal_lahiri,Aries,7.63,79.83,,0.0,0.0,0.0,0.0,0.0,0.0,0.0,0.0,20.17,79.83,0.0,0.0
11,tropical,Taurus,7.8,76.75,,0.0,0.0,0.0,0.0,0.0,0.0,0.0,0.0,23.25,76.75,0.0,0.0
11,sidereal_lahiri,Taurus,8.57,72.51,,0.0,0.0,0.0,0.0,0.0,0.0,0.0,0.0,27.49,72.51,0.0,0.0
11,tropical,Gemini,8.73,73.41,,0.0,0.0,0.0,0.0,0.0,0.0,0.0,0.0,26.59,73.41,0.0,0.0
11,sidereal_lahiri,Gemini,9.13,82.39,,0.0,0.0,0.0,0.0,0.0,0.0,0.0,0.0,17.61,82.39,0.0,0.0
11,tropical,Cancer,9.14,84.78,,0.0,0.0,0.0,0.0,0.0,0.0,0.0,0.0,14.67,84.78,0.55,0.0
11,sidereal_lahiri,Cancer,8.91,91.71,,0.0,0.0,0.0,0.0,0.0,0.0,0.0,0.0,2.03,91.71,6.27,0.0
11,tropical,Leo,8.82,93.67,,0.0,0.0,0.0,0.0,0.0,0.0,0.0,0.0,0.0,93.67,6.33,0.0
11,sidereal_lahiri,Leo,8.44,98.19,,0.0,0.0,0.0,0.0,0.0,0.0,0.0,0.0,0.0,98.19,1.81,0.0
11,tropical,Virgo,8.38,100.0,,0.0,0.0,0.0,0.0,0.0,0.0,0.0,0.0,0.0,100.0,0.0,0.0
11,sidereal_lahiri,Virgo,8.34,100.0,,0.0,0.0,0.0,0.0,0.0,0.0,0.0,0.0,0.0,100.0,0.0,0.0
11,tropical,Libra,8.38,100.0,,0.0,0.0,0.0,0.0,0.0,0.0,0.0,0.0,0.0,100.0,0.0,0.0
11,sidereal_lahiri,Libra,8.72,94.1,,0.0,0.0,0.0,0.0,0.0,0.0,0.0,0.0,5.9,94.1,0.0,0.0
11,tropical,Scorpio,8.82,93.67,,0.0,0.0,0.0,0.0,0.0,0.0,0.0,0.0,6.33,93.67,0.0,0.0
11,sidereal_lahiri,Scorpio,9.13,85.7,,0.0,0.0,0.0,0.0,0.0,0.0,0.0,0.0,2.68,85.7,11.63,0.0
11,tropical,Sagittarius,9.14,84.78,,0.0,0.0,0.0,0.0,0.0,0.0,0.0,0.0,0.55,84.78,14.67,0.0
11,sidereal_lahiri,Sagittarius,8.88,74.87,,0.0,0.0,0.0,0.0,0.0,0.0,0.0,0.0,0.0,74.87,25.13,0.0
11,tropical,Capricorn,8.73,73.41,,0.0,0.0,0.0,0.0,0.0,0.0,0.0,0.0,0.0,73.41,26.59,0.0
11,sidereal_lahiri,Capricorn,7.98,74.45,,0.0,0.0,0.0,0.0,0.0,0.0,0.0,0.0,0.0,74.45,25.55,0.0
11,tropical,Aquarius,7.8,76.75,,0.0,0.0,0.0,0.0,0.0,0.0,0.0,0.0,0.0,76.75,23.25,0.0
11,sidereal_lahiri,Aquarius,7.21,94.45,,0.0,0.0,0.0,0.0,0.0,0.0,0.0,0.0,0.0,94.45,5.55,0.0
11,tropical,Pisces,7.12,100.0,,0.0,0.0,0.0,0.0,0.0,0.0,0.0,0.0,0.0,100.0,0.0,0.0
11,sidereal_lahiri,Pisces,7.07,100.0,,0.0,0.0,0.0,0.0,0.0,0.0,0.0,0.0,0.0,100.0,0.0,0.0
12,tropical,all,100.0,87.35,87.35,0.0,0.0,0.0,0.0,0.0,0.0,0.0,0.0,6.33,87.35,6.33,0.0
12,sidereal_lahiri,all,100.0,86.64,,0.0,0.0,0.0,0.0,0.0,0.0,0.0,0.0,6.68,86.64,6.68,0.0
12,tropical,Aries,7.07,100.0,,0.0,0.0,0.0,0.0,0.0,0.0,0.0,0.0,0.0,100.0,0.0,0.0
12,sidereal_lahiri,Aries,7.58,79.07,,0.0,0.0,0.0,0.0,0.0,0.0,0.0,0.0,20.93,79.07,0.0,0.0
12,tropical,Taurus,7.75,75.85,,0.0,0.0,0.0,0.0,0.0,0.0,0.0,0.0,24.15,75.85,0.0,0.0
12,sidereal_lahiri,Taurus,8.54,71.26,,0.0,0.0,0.0,0.0,0.0,0.0,0.0,0.0,28.74,71.26,0.0,0.0
12,tropical,Gemini,8.71,72.13,,0.0,0.0,0.0,0.0,0.0,0.0,0.0,0.0,27.87,72.13,0.0,0.0
12,sidereal_lahiri,Gemini,9.14,81.04,,0.0,0.0,0.0,0.0,0.0,0.0,0.0,0.0,18.96,81.04,0.0,0.0
12,tropical,Cancer,9.17,83.97,,0.0,0.0,0.0,0.0,0.0,0.0,0.0,0.0,16.03,83.97,0.0,0.0
12,sidereal_lahiri,Cancer,8.96,91.25,,0.0,0.0,0.0,0.0,0.0,0.0,0.0,0.0,3.29,91.25,5.46,0.0
12,tropical,Leo,8.86,93.73,,0.0,0.0,0.0,0.0,0.0,0.0,0.0,0.0,0.63,93.73,5.64,0.0
12,sidereal_lahiri,Leo,8.5,98.33,,0.0,0.0,0.0,0.0,0.0,0.0,0.0,0.0,0.0,98.33,1.67,0.0
12,tropical,Virgo,8.44,100.0,,0.0,0.0,0.0,0.0,0.0,0.0,0.0,0.0,0.0,100.0,0.0,0.0
12,sidereal_lahiri,Virgo,8.4,100.0,,0.0,0.0,0.0,0.0,0.0,0.0,0.0,0.0,0.0,100.0,0.0,0.0
12,tropical,Libra,8.44,100.0,,0.0,0.0,0.0,0.0,0.0,0.0,0.0,0.0,0.0,100.0,0.0,0.0
12,sidereal_lahiri,Libra,8.77,94.68,,0.0,0.0,0.0,0.0,0.0,0.0,0.0,0.0,5.32,94.68,0.0,0.0
12,tropical,Scorpio,8.86,93.73,,0.0,0.0,0.0,0.0,0.0,0.0,0.0,0.0,5.64,93.73,0.63,0.0
12,sidereal_lahiri,Scorpio,9.15,85.46,,0.0,0.0,0.0,0.0,0.0,0.0,0.0,0.0,1.58,85.46,12.96,0.0
12,tropical,Sagittarius,9.17,83.97,,0.0,0.0,0.0,0.0,0.0,0.0,0.0,0.0,0.0,83.97,16.03,0.0
12,sidereal_lahiri,Sagittarius,8.86,73.57,,0.0,0.0,0.0,0.0,0.0,0.0,0.0,0.0,0.0,73.57,26.43,0.0
12,tropical,Capricorn,8.71,72.13,,0.0,0.0,0.0,0.0,0.0,0.0,0.0,0.0,0.0,72.13,27.87,0.0
12,sidereal_lahiri,Capricorn,7.94,73.44,,0.0,0.0,0.0,0.0,0.0,0.0,0.0,0.0,0.0,73.44,26.56,0.0
12,tropical,Aquarius,7.75,75.85,,0.0,0.0,0.0,0.0,0.0,0.0,0.0,0.0,0.0,75.85,24.15,0.0
12,sidereal_lahiri,Aquarius,7.15,94.25,,0.0,0.0,0.0,0.0,0.0,0.0,0.0,0.0,0.0,94.25,5.75,0.0
12,tropical,Pisces,7.07,100.0,,0.0,0.0,0.0,0.0,0.0,0.0,0.0,0.0,0.0,100.0,0.0,0.0
12,sidereal_lahiri,Pisces,7.01,100.0,,0.0,0.0,0.0,0.0,0.0,0.0,0.0,0.0,0.0,100.0,0.0,0.0
13,tropical,all,100.0,86.67,86.67,0.0,0.0,0.0,0.0,0.0,0.0,0.0,0.0,6.66,86.67,6.66,0.0
13,sidereal_lahiri,all,100.0,86.17,,0.0,0.0,0.0,0.0,0.0,0.0,0.0,0.0,6.92,86.17,6.91,0.0
13,tropical,Aries,7.01,100.0,,0.0,0.0,0.0,0.0,0.0,0.0,0.0,0.0,0.0,100.0,0.0,0.0
13,sidereal_lahiri,Aries,7.53,78.3,,0.0,0.0,0.0,0.0,0.0,0.0,0.0,0.0,21.7,78.3,0.0,0.0
13,tropical,Taurus,7.7,74.94,,0.0,0.0,0.0,0.0,0.0,0.0,0.0,0.0,25.06,74.94,0.0,0.0
13,sidereal_lahiri,Taurus,8.52,70.03,,0.0,0.0,0.0,0.0,0.0,0.0,0.0,0.0,29.97,70.03,0.0,0.0
13,tropical,Gemini,8.69,70.83,,0.0,0.0,0.0,0.0,0.0,0.0,0.0,0.0,29.17,70.83,0.0,0.0
13,sidereal_lahiri,Gemini,9.16,79.7,,0.0,0.0,0.0,0.0,0.0,0.0,0.0,0.0,20.3,79.7,0.0,0.0
13,tropical,Cancer,9.18,82.64,,0.0,0.0,0.0,0.0,0.0,0.0,0.0,0.0,17.36,82.64,0.0,0.0
13,sidereal_lahiri,Cancer,9.0,90.8,,0.0,0.0,0.0,0.0,0.0,0.0,0.0,0.0,4.54,90.8,4.66,0.0
13,tropical,Leo,8.91,93.24,,0.0,0.0,0.0,0.0,0.0,0.0,0.0,0.0,1.84,93.24,4.93,0.0
13,sidereal_lahiri,Leo,8.56,98.51,,0.0,0.0,0.0,0.0,0.0,0.0,0.0,0.0,0.0,98.51,1.49,0.0
13,tropical,Virgo,8.5,100.0,,0.0,0.0,0.0,0.0,0.0,0.0,0.0,0.0,0.0,100.0,0.0,0.0
13,sidereal_lahiri,Virgo,8.46,100.0,,0.0,0.0,0.0,0.0,0.0,0.0,0.0,0.0,0.0,100.0,0.0,0.0
13,tropical,Libra,8.5,100.0,,0.0,0.0,0.0,0.0,0.0,0.0,0.0,0.0,0.0,100.0,0.0,0.0
13,sidereal_lahiri,Libra,8.82,95.27,,0.0,0.0,0.0,0.0,0.0,0.0,0.0,0.0,4.73,95.27,0.0,0.0
13,tropical,Scorpio,8.91,93.24,,0.0,0.0,0.0,0.0,0.0,0.0,0.0,0.0,4.93,93.24,1.84,0.0
13,sidereal_lahiri,Scorpio,9.18,85.2,,0.0,0.0,0.0,0.0,0.0,0.0,0.0,0.0,0.51,85.2,14.28,0.0
13,tropical,Sagittarius,9.18,82.64,,0.0,0.0,0.0,0.0,0.0,0.0,0.0,0.0,0.0,82.64,17.36,0.0
13,sidereal_lahiri,Sagittarius,8.85,72.25,,0.0,0.0,0.0,0.0,0.0,0.0,0.0,0.0,0.0,72.25,27.75,0.0
13,tropical,Capricorn,8.69,70.83,,0.0,0.0,0.0,0.0,0.0,0.0,0.0,0.0,0.0,70.83,29.17,0.0
13,sidereal_lahiri,Capricorn,7.89,72.41,,0.0,0.0,0.0,0.0,0.0,0.0,0.0,0.0,0.0,72.41,27.59,0.0
13,tropical,Aquarius,7.7,74.94,,0.0,0.0,0.0,0.0,0.0,0.0,0.0,0.0,0.0,74.94,25.06,0.0
13,sidereal_lahiri,Aquarius,7.09,94.05,,0.0,0.0,0.0,0.0,0.0,0.0,0.0,0.0,0.0,94.05,5.95,0.0
13,tropical,Pisces,7.01,100.0,,0.0,0.0,0.0,0.0,0.0,0.0,0.0,0.0,0.0,100.0,0.0,0.0
13,sidereal_lahiri,Pisces,6.95,100.0,,0.0,0.0,0.0,0.0,0.0,0.0,0.0,0.0,0.0,100.0,0.0,0.0
14,tropical,all,100.0,85.97,85.97,0.0,0.0,0.0,0.0,0.0,0.0,0.0,0.0,7.01,85.97,7.01,0.0
14,sidereal_lahiri,all,100.0,85.57,,0.0,0.0,0.0,0.0,0.0,0.0,0.0,0.0,7.22,85.57,7.22,0.0
14,tropical,Aries,6.95,100.0,,0.0,0.0,0.0,0.0,0.0,0.0,0.0,0.0,0.0,100.0,0.0,0.0
14,sidereal_lahiri,Aries,7.47,77.48,,0.0,0.0,0.0,0.0,0.0,0.0,0.0,0.0,22.52,77.48,0.0,0.0
14,tropical,Taurus,7.66,73.98,,0.0,0.0,0.0,0.0,0.0,0.0,0.0,0.0,26.02,73.98,0.0,0.0
14,sidereal_lahiri,Taurus,8.49,68.73,,0.0,0.0,0.0,0.0,0.0,0.0,0.0,0.0,31.27,68.73,0.0,0.0
14,tropical,Gemini,8.67,69.51,,0.0,0.0,0.0,0.0,0.0,0.0,0.0,0.0,30.49,69.51,0.0,0.0
14,sidereal_lahiri,Gemini,9.17,78.34,,0.0,0.0,0.0,0.0,0.0,0.0,0.0,0.0,21.66,78.34,0.0,0.0
14,tropical,Cancer,9.21,81.26,,0.0,0.0,0.0,0.0,0.0,0.0,0.0,0.0,18.74,81.26,0.0,0.0
14,sidereal_lahiri,Cancer,9.04,90.36,,0.0,0.0,0.0,0.0,0.0,0.0,0.0,0.0,5.77,90.36,3.87,0.0
14,tropical,Leo,8.96,92.72,,0.0,0.0,0.0,0.0,0.0,0.0,0.0,0.0,3.04,92.72,4.25,0.0
14,sidereal_lahiri,Leo,8.61,98.65,,0.0,0.0,0.0,0.0,0.0,0.0,0.0,0.0,0.0,98.65,1.35,0.0
14,tropical,Virgo,8.56,100.0,,0.0,0.0,0.0,0.0,0.0,0.0,0.0,0.0,0.0,100.0,0.0,0.0
14,sidereal_lahiri,Virgo,8.52,100.0,,0.0,0.0,0.0,0.0,0.0,0.0,0.0,0.0,0.0,100.0,0.0,0.0
14,tropical,Libra,8.56,100.0,,0.0,0.0,0.0,0.0,0.0,0.0,0.0,0.0,0.0,100.0,0.0,0.0
14,sidereal_lahiri,Libra,8.87,95.21,,0.0,0.0,0.0,0.0,0.0,0.0,0.0,0.0,4.16,95.21,0.63,0.0
14,tropical,Scorpio,8.96,92.72,,0.0,0.0,0.0,0.0,0.0,0.0,0.0,0.0,4.25,92.72,3.04,0.0
14,sidereal_lahiri,Scorpio,9.21,84.37,,0.0,0.0,0.0,0.0,0.0,0.0,0.0,0.0,0.0,84.37,15.63,0.0
14,tropical,Sagittarius,9.21,81.26,,0.0,0.0,0.0,0.0,0.0,0.0,0.0,0.0,0.0,81.26,18.74,0.0
14,sidereal_lahiri,Sagittarius,8.84,70.9,,0.0,0.0,0.0,0.0,0.0,0.0,0.0,0.0,0.0,70.9,29.1,0.0
14,tropical,Capricorn,8.67,69.51,,0.0,0.0,0.0,0.0,0.0,0.0,0.0,0.0,0.0,69.51,30.49,0.0
14,sidereal_lahiri,Capricorn,7.85,71.36,,0.0,0.0,0.0,0.0,0.0,0.0,0.0,0.0,0.0,71.36,28.64,0.0
14,tropical,Aquarius,7.66,73.98,,0.0,0.0,0.0,0.0,0.0,0.0,0.0,0.0,0.0,73.98,26.02,0.0
14,sidereal_lahiri,Aquarius,7.04,93.8,,0.0,0.0,0.0,0.0,0.0,0.0,0.0,0.0,0.0,93.8,6.2,0.0
14,tropical,Pisces,6.95,100.0,,0.0,0.0,0.0,0.0,0.0,0.0,0.0,0.0,0.0,100.0,0.0,0.0
14,sidereal_lahiri,Pisces,6.89,100.0,,0.0,0.0,0.0,0.0,0.0,0.0,0.0,0.0,0.0,100.0,0.0,0.0
15,tropical,all,100.0,85.28,85.28,0.0,0.0,0.0,0.0,0.0,0.0,0.0,0.0,7.36,85.28,7.36,0.0
15,sidereal_lahiri,all,100.0,84.88,,0.0,0.0,0.0,0.0,0.0,0.0,0.0,0.0,7.56,84.88,7.56,0.0
15,tropical,Aries,6.89,100.0,,0.0,0.0,0.0,0.0,0.0,0.0,0.0,0.0,0.0,100.0,0.0,0.0
15,sidereal_lahiri,Aries,7.42,76.68,,0.0,0.0,0.0,0.0,0.0,0.0,0.0,0.0,23.32,76.68,0.0,0.0
15,tropical,Taurus,7.61,73.02,,0.0,0.0,0.0,0.0,0.0,0.0,0.0,0.0,26.98,73.02,0.0,0.0
15,sidereal_lahiri,Taurus,8.46,67.43,,0.0,0.0,0.0,0.0,0.0,0.0,0.0,0.0,32.57,67.43,0.0,0.0
15,tropical,Gemini,8.65,68.19,,0.0,0.0,0.0,0.0,0.0,0.0,0.0,0.0,31.81,68.19,0.0,0.0
15,sidereal_lahiri,Gemini,9.18,76.95,,0.0,0.0,0.0,0.0,0.0,0.0,0.0,0.0,23.05,76.95,0.0,0.0
15,tropical,Cancer,9.22,79.92,,0.0,0.0,0.0,0.0,0.0,0.0,0.0,0.0,20.08,79.92,0.0,0.0
15,sidereal_lahiri,Cancer,9.09,89.91,,0.0,0.0,0.0,0.0,0.0,0.0,0.0,0.0,7.03,89.91,3.06,0.0
15,tropical,Leo,9.01,92.23,,0.0,0.0,0.0,0.0,0.0,0.0,0.0,0.0,4.22,92.23,3.55,0.0
15,sidereal_lahiri,Leo,8.68,98.78,,0.0,0.0,0.0,0.0,0.0,0.0,0.0,0.0,0.0,98.78,1.22,0.0
15,tropical,Virgo,8.62,100.0,,0.0,0.0,0.0,0.0,0.0,0.0,0.0,0.0,0.0,100.0,0.0,0.0
15,sidereal_lahiri,Virgo,8.58,100.0,,0.0,0.0,0.0,0.0,0.0,0.0,0.0,0.0,0.0,100.0,0.0,0.0
15,tropical,Libra,8.62,100.0,,0.0,0.0,0.0,0.0,0.0,0.0,0.0,0.0,0.0,100.0,0.0,0.0
15,sidereal_lahiri,Libra,8.92,94.68,,0.0,0.0,0.0,0.0,0.0,0.0,0.0,0.0,3.58,94.68,1.74,0.0
15,tropical,Scorpio,9.01,92.23,,0.0,0.0,0.0,0.0,0.0,0.0,0.0,0.0,3.55,92.23,4.22,0.0
15,sidereal_lahiri,Scorpio,9.23,83.03,,0.0,0.0,0.0,0.0,0.0,0.0,0.0,0.0,0.0,83.03,16.97,0.0
15,tropical,Sagittarius,9.22,79.92,,0.0,0.0,0.0,0.0,0.0,0.0,0.0,0.0,0.0,79.92,20.08,0.0
15,sidereal_lahiri,Sagittarius,8.83,69.54,,0.0,0.0,0.0,0.0,0.0,0.0,0.0,0.0,0.0,69.54,30.46,0.0
15,tropical,Capricorn,8.65,68.19,,0.0,0.0,0.0,0.0,0.0,0.0,0.0,0.0,0.0,68.19,31.81,0.0
15,sidereal_lahiri,Capricorn,7.8,70.27,,0.0,0.0,0.0,0.0,0.0,0.0,0.0,0.0,0.0,70.27,29.73,0.0
15,tropical,Aquarius,7.61,73.02,,0.0,0.0,0.0,0.0,0.0,0.0,0.0,0.0,0.0,73.02,26.98,0.0
15,sidereal_lahiri,Aquarius,6.97,93.59,,0.0,0.0,0.0,0.0,0.0,0.0,0.0,0.0,0.0,93.59,6.41,0.0
15,tropical,Pisces,6.89,100.0,,0.0,0.0,0.0,0.0,0.0,0.0,0.0,0.0,0.0,100.0,0.0,0.0
15,sidereal_lahiri,Pisces,6.83,100.0,,0.0,0.0,0.0,0.0,0.0,0.0,0.0,0.0,0.0,100.0,0.0,0.0
16,tropical,all,100.0,84.58,84.58,0.0,0.0,0.0,0.0,0.0,0.0,0.0,0.0,7.71,84.58,7.71,0.0
16,sidereal_lahiri,all,100.0,84.18,,0.0,0.0,0.0,0.0,0.0,0.0,0.0,0.0,7.91,84.18,7.91,0.0
16,tropical,Aries,6.83,100.0,,0.0,0.0,0.0,0.0,0.0,0.0,0.0,0.0,0.0,100.0,0.0,0.0
16,sidereal_lahiri,Aries,7.37,75.84,,0.0,0.0,0.0,0.0,0.0,0.0,0.0,0.0,24.16,75.84,0.0,0.0
16,tropical,Taurus,7.56,72.03,,0.0,0.0,0.0,0.0,0.0,0.0,0.0,0.0,27.97,72.03,0.0,0.0
16,sidereal_lahiri,Taurus,8.44,66.12,,0.0,0.0,0.0,0.0,0.0,0.0,0.0,0.0,33.88,66.12,0.0,0.0
16,tropical,Gemini,8.63,66.83,,0.0,0.0,0.0,0.0,0.0,0.0,0.0,0.0,33.17,66.83,0.0,0.0
16,sidereal_lahiri,Gemini,9.19,75.59,,0.0,0.0,0.0,0.0,0.0,0.0,0.0,0.0,24.41,75.59,0.0,0.0
16,tropical,Cancer,9.24,78.55,,0.0,0.0,0.0,0.0,0.0,0.0,0.0,0.0,21.45,78.55,0.0,0.0
16,sidereal_lahiri,Cancer,9.13,89.48,,0.0,0.0,0.0,0.0,0.0,0.0,0.0,0.0,8.27,89.48,2.25,0.0
16,tropical,Leo,9.06,91.72,,0.0,0.0,0.0,0.0,0.0,0.0,0.0,0.0,5.43,91.72,2.85,0.0
16,sidereal_lahiri,Leo,8.74,98.92,,0.0,0.0,0.0,0.0,0.0,0.0,0.0,0.0,0.0,98.92,1.08,0.0
16,tropical,Virgo,8.68,100.0,,0.0,0.0,0.0,0.0,0.0,0.0,0.0,0.0,0.0,100.0,0.0,0.0
16,sidereal_lahiri,Virgo,8.64,100.0,,0.0,0.0,0.0,0.0,0.0,0.0,0.0,0.0,0.0,100.0,0.0,0.0
16,tropical,Libra,8.68,100.0,,0.0,0.0,0.0,0.0,0.0,0.0,0.0,0.0,0.0,100.0,0.0,0.0
16,sidereal_lahiri,Libra,8.97,94.12,,0.0,0.0,0.0,0.0,0.0,0.0,0.0,0.0,3.0,94.12,2.88,0.0
16,tropical,Scorpio,9.06,91.72,,0.0,0.0,0.0,0.0,0.0,0.0,0.0,0.0,2.85,91.72,5.43,0.0
16,sidereal_lahiri,Scorpio,9.26,81.67,,0.0,0.0,0.0,0.0,0.0,0.0,0.0,0.0,0.0,81.67,18.33,0.0
16,tropical,Sagittarius,9.24,78.55,,0.0,0.0,0.0,0.0,0.0,0.0,0.0,0.0,0.0,78.55,21.45,0.0
16,sidereal_lahiri,Sagittarius,8.81,68.17,,0.0,0.0,0.0,0.0,0.0,0.0,0.0,0.0,0.0,68.17,31.83,0.0
16,tropical,Capricorn,8.63,66.83,,0.0,0.0,0.0,0.0,0.0,0.0,0.0,0.0,0.0,66.83,33.17,0.0
16,sidereal_lahiri,Capricorn,7.76,69.17,,0.0,0.0,0.0,0.0,0.0,0.0,0.0,0.0,0.0,69.17,30.83,0.0
16,tropical,Aquarius,7.56,72.03,,0.0,0.0,0.0,0.0,0.0,0.0,0.0,0.0,0.0,72.03,27.97,0.0
16,sidereal_lahiri,Aquarius,6.91,93.37,,0.0,0.0,0.0,0.0,0.0,0.0,0.0,0.0,0.0,93.37,6.63,0.0
16,tropical,Pisces,6.83,100.0,,0.0,0.0,0.0,0.0,0.0,0.0,0.0,0.0,0.0,100.0,0.0,0.0
16,sidereal_lahiri,Pisces,6.77,100.0,,0.0,0.0,0.0,0.0,0.0,0.0,0.0,0.0,0.0,100.0,0.0,0.0
17,tropical,all,100.0,83.87,83.87,0.0,0.0,0.0,0.0,0.0,0.0,0.0,0.0,8.07,83.87,8.07,0.0
17,sidereal_lahiri,all,100.0,83.47,,0.0,0.0,0.0,0.0,0.0,0.0,0.0,0.0,8.26,83.47,8.26,0.0
17,tropical,Aries,6.76,100.0,,0.0,0.0,0.0,0.0,0.0,0.0,0.0,0.0,0.0,100.0,0.0,0.0
17,sidereal_lahiri,Aries,7.32,74.98,,0.0,0.0,0.0,0.0,0.0,0.0,0.0,0.0,25.02,74.98,0.0,0.0
17,tropical,Taurus,7.51,71.03,,0.0,0.0,0.0,0.0,0.0,0.0,0.0,0.0,28.97,71.03,0.0,0.0
17,sidereal_lahiri,Taurus,8.41,64.77,,0.0,0.0,0.0,0.0,0.0,0.0,0.0,0.0,35.23,64.77,0.0,0.0
17,tropical,Gemini,8.61,65.45,,0.0,0.0,0.0,0.0,0.0,0.0,0.0,0.0,34.55,65.45,0.0,0.0
17,sidereal_lahiri,Gemini,9.21,74.18,,0.0,0.0,0.0,0.0,0.0,0.0,0.0,0.0,25.82,74.18,0.0,0.0
17,tropical,Cancer,9.27,77.16,,0.0,0.0,0.0,0.0,0.0,0.0,0.0,0.0,22.84,77.16,0.0,0.0
17,sidereal_lahiri,Cancer,9.18,89.02,,0.0,0.0,0.0,0.0,0.0,0.0,0.0,0.0,9.53,89.02,1.45,0.0
17,tropical,Leo,9.11,91.22,,0.0,0.0,0.0,0.0,0.0,0.0,0.0,0.0,6.62,91.22,2.17,0.0
17,sidereal_lahiri,Leo,8.79,99.08,,0.0,0.0,0.0,0.0,0.0,0.0,0.0,0.0,0.0,99.08,0.92,0.0
17,tropical,Virgo,8.74,100.0,,0.0,0.0,0.0,0.0,0.0,0.0,0.0,0.0,0.0,100.0,0.0,0.0
17,sidereal_lahiri,Virgo,8.71,100.0,,0.0,0.0,0.0,0.0,0.0,0.0,0.0,0.0,0.0,100.0,0.0,0.0
17,tropical,Libra,8.74,100.0,,0.0,0.0,0.0,0.0,0.0,0.0,0.0,0.0,0.0,100.0,0.0,0.0
17,sidereal_lahiri,Libra,9.03,93.57,,0.0,0.0,0.0,0.0,0.0,0.0,0.0,0.0,2.43,93.57,4.0,0.0
17,tropical,Scorpio,9.11,91.22,,0.0,0.0,0.0,0.0,0.0,0.0,0.0,0.0,2.17,91.22,6.62,0.0
17,sidereal_lahiri,Scorpio,9.29,80.32,,0.0,0.0,0.0,0.0,0.0,0.0,0.0,0.0,0.0,80.32,19.68,0.0
17,tropical,Sagittarius,9.27,77.16,,0.0,0.0,0.0,0.0,0.0,0.0,0.0,0.0,0.0,77.16,22.84,0.0
17,sidereal_lahiri,Sagittarius,8.8,66.79,,0.0,0.0,0.0,0.0,0.0,0.0,0.0,0.0,0.0,66.79,33.21,0.0
17,tropical,Capricorn,8.61,65.45,,0.0,0.0,0.0,0.0,0.0,0.0,0.0,0.0,0.0,65.45,34.55,0.0
17,sidereal_lahiri,Capricorn,7.71,68.06,,0.0,0.0,0.0,0.0,0.0,0.0,0.0,0.0,0.0,68.06,31.94,0.0
17,tropical,Aquarius,7.51,71.03,,0.0,0.0,0.0,0.0,0.0,0.0,0.0,0.0,0.0,71.03,28.97,0.0
17,sidereal_lahiri,Aquarius,6.86,93.11,,0.0,0.0,0.0,0.0,0.0,0.0,0.0,0.0,0.0,93.11,6.89,0.0
17,tropical,Pisces,6.76,100.0,,0.0,0.0,0.0,0.0,0.0,0.0,0.0,0.0,0.0,100.0,0.0,0.0
17,sidereal_lahiri,Pisces,6.7,100.0,,0.0,0.0,0.0,0.0,0.0,0.0,0.0,0.0,0.0,100.0,0.0,0.0
18,tropical,all,100.0,83.14,83.14,0.0,0.0,0.0,0.0,0.0,0.0,0.0,0.0,8.43,83.14,8.43,0.0
18,sidereal_lahiri,all,100.0,82.76,,0.0,0.0,0.0,0.0,0.0,0.0,0.0,0.0,8.62,82.76,8.62,0.0
18,tropical,Aries,6.7,100.0,,0.0,0.0,0.0,0.0,0.0,0.0,0.0,0.0,0.0,100.0,0.0,0.0
18,sidereal_lahiri,Aries,7.26,74.1,,0.0,0.0,0.0,0.0,0.0,0.0,0.0,0.0,25.9,74.1,0.0,0.0
18,tropical,Taurus,7.46,70.01,,0.0,0.0,0.0,0.0,0.0,0.0,0.0,0.0,29.99,70.01,0.0,0.0
18,sidereal_lahiri,Taurus,8.38,63.41,,0.0,0.0,0.0,0.0,0.0,0.0,0.0,0.0,36.59,63.41,0.0,0.0
18,tropical,Gemini,8.59,64.05,,0.0,0.0,0.0,0.0,0.0,0.0,0.0,0.0,35.95,64.05,0.0,0.0
18,sidereal_lahiri,Gemini,9.22,72.79,,0.0,0.0,0.0,0.0,0.0,0.0,0.0,0.0,27.21,72.79,0.0,0.0
18,tropical,Cancer,9.29,75.77,,0.0,0.0,0.0,0.0,0.0,0.0,0.0,0.0,24.23,75.77,0.0,0.0
18,sidereal_lahiri,Cancer,9.23,88.56,,0.0,0.0,0.0,0.0,0.0,0.0,0.0,0.0,10.78,88.56,0.66,0.0
18,tropical,Leo,9.16,90.69,,0.0,0.0,0.0,0.0,0.0,0.0,0.0,0.0,7.82,90.69,1.49,0.0
18,sidereal_lahiri,Leo,8.86,99.22,,0.0,0.0,0.0,0.0,0.0,0.0,0.0,0.0,0.0,99.22,0.78,0.0
18,tropical,Virgo,8.8,100.0,,0.0,0.0,0.0,0.0,0.0,0.0,0.0,0.0,0.0,100.0,0.0,0.0
18,sidereal_lahiri,Virgo,8.77,100.0,,0.0,0.0,0.0,0.0,0.0,0.0,0.0,0.0,0.0,100.0,0.0,0.0
18,tropical,Libra,8.8,100.0,,0.0,0.0,0.0,0.0,0.0,0.0,0.0,0.0,0.0,100.0,0.0,0.0
18,sidereal_lahiri,Libra,9.08,93.0,,0.0,0.0,0.0,0.0,0.0,0.0,0.0,0.0,1.87,93.0,5.14,0.0
18,tropical,Scorpio,9.16,90.69,,0.0,0.0,0.0,0.0,0.0,0.0,0.0,0.0,1.49,90.69,7.82,0.0
18,sidereal_lahiri,Scorpio,9.32,78.95,,0.0,0.0,0.0,0.0,0.0,0.0,0.0,0.0,0.0,78.95,21.05,0.0
18,tropical,Sagittarius,9.29,75.77,,0.0,0.0,0.0,0.0,0.0,0.0,0.0,0.0,0.0,75.77,24.23,0.0
18,sidereal_lahiri,Sagittarius,8.79,65.38,,0.0,0.0,0.0,0.0,0.0,0.0,0.0,0.0,0.0,65.38,34.62,0.0
18,tropical,Capricorn,8.59,64.05,,0.0,0.0,0.0,0.0,0.0,0.0,0.0,0.0,0.0,64.05,35.95,0.0
18,sidereal_lahiri,Capricorn,7.67,66.92,,0.0,0.0,0.0,0.0,0.0,0.0,0.0,0.0,0.0,66.92,33.08,0.0
18,tropical,Aquarius,7.46,70.01,,0.0,0.0,0.0,0.0,0.0,0.0,0.0,0.0,0.0,70.01,29.99,0.0
18,sidereal_lahiri,Aquarius,6.79,92.89,,0.0,0.0,0.0,0.0,0.0,0.0,0.0,0.0,0.0,92.89,7.11,0.0
18,tropical,Pisces,6.7,100.0,,0.0,0.0,0.0,0.0,0.0,0.0,0.0,0.0,0.0,100.0,0.0,0.0
18,sidereal_lahiri,Pisces,6.64,100.0,,0.0,0.0,0.0,0.0,0.0,0.0,0.0,0.0,0.0,100.0,0.0,0.0
19,tropical,all,100.0,82.42,82.42,0.0,0.0,0.0,0.0,0.0,0.0,0.0,0.0,8.79,82.42,8.79,0.0
19,sidereal_lahiri,all,100.0,82.01,,0.0,0.0,0.0,0.0,0.0,0.0,0.0,0.0,9.0,82.01,9.0,0.0
19,tropical,Aries,6.64,100.0,,0.0,0.0,0.0,0.0,0.0,0.0,0.0,0.0,0.0,100.0,0.0,0.0
19,sidereal_lahiri,Aries,7.21,73.18,,0.0,0.0,0.0,0.0,0.0,0.0,0.0,0.0,26.82,73.18,0.0,0.0
19,tropical,Taurus,7.41,68.94,,0.0,0.0,0.0,0.0,0.0,0.0,0.0,0.0,31.06,68.94,0.0,0.0
19,sidereal_lahiri,Taurus,8.35,62.01,,0.0,0.0,0.0,0.0,0.0,0.0,0.0,0.0,37.99,62.01,0.0,0.0
19,tropical,Gemini,8.57,62.64,,0.0,0.0,0.0,0.0,0.0,0.0,0.0,0.0,37.36,62.64,0.0,0.0
19,sidereal_lahiri,Gemini,9.24,71.37,,0.0,0.0,0.0,0.0,0.0,0.0,0.0,0.0,28.63,71.37,0.0,0.0
19,tropical,Cancer,9.31,74.39,,0.0,0.0,0.0,0.0,0.0,0.0,0.0,0.0,25.61,74.39,0.0,0.0
19,sidereal_lahiri,Cancer,9.27,87.99,,0.0,0.0,0.0,0.0,0.0,0.0,0.0,0.0,12.01,87.99,0.0,0.0
19,tropical,Leo,9.21,90.2,,0.0,0.0,0.0,0.0,0.0,0.0,0.0,0.0,9.02,90.2,0.78,0.0
19,sidereal_lahiri,Leo,8.92,99.22,,0.0,0.0,0.0,0.0,0.0,0.0,0.0,0.0,0.16,99.22,0.62,0.0
19,tropical,Virgo,8.87,100.0,,0.0,0.0,0.0,0.0,0.0,0.0,0.0,0.0,0.0,100.0,0.0,0.0
19,sidereal_lahiri,Virgo,8.83,100.0,,0.0,0.0,0.0,0.0,0.0,0.0,0.0,0.0,0.0,100.0,0.0,0.0
19,tropical,Libra,8.87,100.0,,0.0,0.0,0.0,0.0,0.0,0.0,0.0,0.0,0.0,100.0,0.0,0.0
19,sidereal_lahiri,Libra,9.14,92.43,,0.0,0.0,0.0,0.0,0.0,0.0,0.0,0.0,1.31,92.43,6.26,0.0
19,tropical,Scorpio,9.21,90.2,,0.0,0.0,0.0,0.0,0.0,0.0,0.0,0.0,0.78,90.2,9.02,0.0
19,sidereal_lahiri,Scorpio,9.35,77.56,,0.0,0.0,0.0,0.0,0.0,0.0,0.0,0.0,0.0,77.56,22.44,0.0
19,tropical,Sagittarius,9.31,74.39,,0.0,0.0,0.0,0.0,0.0,0.0,0.0,0.0,0.0,74.39,25.61,0.0
19,sidereal_lahiri,Sagittarius,8.77,63.93,,0.0,0.0,0.0,0.0,0.0,0.0,0.0,0.0,0.0,63.93,36.07,0.0
19,tropical,Capricorn,8.57,62.64,,0.0,0.0,0.0,0.0,0.0,0.0,0.0,0.0,0.0,62.64,37.36,0.0
19,sidereal_lahiri,Capricorn,7.62,65.73,,0.0,0.0,0.0,0.0,0.0,0.0,0.0,0.0,0.0,65.73,34.27,0.0
19,tropical,Aquarius,7.41,68.94,,0.0,0.0,0.0,0.0,0.0,0.0,0.0,0.0,0.0,68.94,31.06,0.0
19,sidereal_lahiri,Aquarius,6.73,92.62,,0.0,0.0,0.0,0.0,0.0,0.0,0.0,0.0,0.0,92.62,7.38,0.0
19,tropical,Pisces,6.64,100.0,,0.0,0.0,0.0,0.0,0.0,0.0,0.0,0.0,0.0,100.0,0.0,0.0
19,sidereal_lahiri,Pisces,6.58,100.0,,0.0,0.0,0.0,0.0,0.0,0.0,0.0,0.0,0.0,100.0,0.0,0.0
20,tropical,all,100.0,81.68,81.68,0.0,0.0,0.0,0.0,0.0,0.0,0.0,0.0,9.16,81.68,9.16,0.0
20,sidereal_lahiri,all,100.0,81.12,,0.0,0.0,0.0,0.0,0.0,0.0,0.0,0.0,9.44,81.12,9.44,0.0
20,tropical,Aries,6.58,100.0,,0.0,0.0,0.0,0.0,0.0,0.0,0.0,0.0,0.0,100.0,0.0,0.0
20,sidereal_lahiri,Aries,7.15,72.26,,0.0,0.0,0.0,0.0,0.0,0.0,0.0,0.0,27.74,72.26,0.0,0.0
20,tropical,Taurus,7.35,67.85,,0.0,0.0,0.0,0.0,0.0,0.0,0.0,0.0,32.15,67.85,0.0,0.0
20,sidereal_lahiri,Taurus,8.32,60.58,,0.0,0.0,0.0,0.0,0.0,0.0,0.0,0.0,39.42,60.58,0.0,0.0
20,tropical,Gemini,8.55,61.18,,0.0,0.0,0.0,0.0,0.0,0.0,0.0,0.0,38.82,61.18,0.0,0.0
20,sidereal_lahiri,Gemini,9.25,69.93,,0.0,0.0,0.0,0.0,0.0,0.0,0.0,0.0,30.07,69.93,0.0,0.0
20,tropical,Cancer,9.33,72.97,,0.0,0.0,0.0,0.0,0.0,0.0,0.0,0.0,27.03,72.97,0.0,0.0
20,sidereal_lahiri,Cancer,9.32,86.71,,0.0,0.0,0.0,0.0,0.0,0.0,0.0,0.0,13.29,86.71,0.0,0.0
20,tropical,Leo,9.26,89.71,,0.0,0.0,0.0,0.0,0.0,0.0,0.0,0.0,10.2,89.71,0.09,0.0
20,sidereal_lahiri,Leo,8.98,98.52,,0.0,0.0,0.0,0.0,0.0,0.0,0.0,0.0,0.99,98.52,0.49,0.0
20,tropical,Virgo,8.93,100.0,,0.0,0.0,0.0,0.0,0.0,0.0,0.0,0.0,0.0,100.0,0.0,0.0
20,sidereal_lahiri,Virgo,8.89,100.0,,0.0,0.0,0.0,0.0,0.0,0.0,0.0,0.0,0.0,100.0,0.0,0.0
20,tropical,Libra,8.93,100.0,,0.0,0.0,0.0,0.0,0.0,0.0,0.0,0.0,0.0,100.0,0.0,0.0
20,sidereal_lahiri,Libra,9.19,91.87,,0.0,0.0,0.0,0.0,0.0,0.0,0.0,0.0,0.73,91.87,7.4,0.0
20,tropical,Scorpio,9.26,89.71,,0.0,0.0,0.0,0.0,0.0,0.0,0.0,0.0,0.09,89.71,10.2,0.0
20,sidereal_lahiri,Scorpio,9.38,76.18,,0.0,0.0,0.0,0.0,0.0,0.0,0.0,0.0,0.0,76.18,23.82,0.0
20,tropical,Sagittarius,9.33,72.97,,0.0,0.0,0.0,0.0,0.0,0.0,0.0,0.0,0.0,72.97,27.03,0.0
20,sidereal_lahiri,Sagittarius,8.76,62.48,,0.0,0.0,0.0,0.0,0.0,0.0,0.0,0.0,0.0,62.48,37.52,0.0
20,tropical,Capricorn,8.55,61.18,,0.0,0.0,0.0,0.0,0.0,0.0,0.0,0.0,0.0,61.18,38.82,0.0
20,sidereal_lahiri,Capricorn,7.57,64.53,,0.0,0.0,0.0,0.0,0.0,0.0,0.0,0.0,0.0,64.53,35.47,0.0
20,tropical,Aquarius,7.35,67.85,,0.0,0.0,0.0,0.0,0.0,0.0,0.0,0.0,0.0,67.85,32.15,0.0
20,sidereal_lahiri,Aquarius,6.67,92.38,,0.0,0.0,0.0,0.0,0.0,0.0,0.0,0.0,0.0,92.38,7.62,0.0
20,tropical,Pisces,6.58,100.0,,0.0,0.0,0.0,0.0,0.0,0.0,0.0,0.0,0.0,100.0,0.0,0.0
20,sidereal_lahiri,Pisces,6.51,100.0,,0.0,0.0,0.0,0.0,0.0,0.0,0.0,0.0,0.0,100.0,0.0,0.0
21,tropical,all,100.0,80.71,80.71,0.0,0.0,0.0,0.0,0.0,0.0,0.0,0.0,9.64,80.71,9.64,0.0
21,sidereal_lahiri,all,100.0,80.23,,0.0,0.0,0.0,0.0,0.0,0.0,0.0,0.0,9.88,80.23,9.89,0.0
21,tropical,Aries,6.51,100.0,,0.0,0.0,0.0,0.0,0.0,0.0,0.0,0.0,0.0,100.0,0.0,0.0
21,sidereal_lahiri,Aries,7.09,71.3,,0.0,0.0,0.0,0.0,0.0,0.0,0.0,0.0,28.7,71.3,0.0,0.0
21,tropical,Taurus,7.3,66.74,,0.0,0.0,0.0,0.0,0.0,0.0,0.0,0.0,33.26,66.74,0.0,0.0
21,sidereal_lahiri,Taurus,8.29,59.13,,0.0,0.0,0.0,0.0,0.0,0.0,0.0,0.0,40.87,59.13,0.0,0.0
21,tropical,Gemini,8.53,59.71,,0.0,0.0,0.0,0.0,0.0,0.0,0.0,0.0,40.29,59.71,0.0,0.0
21,sidereal_lahiri,Gemini,9.26,68.49,,0.0,0.0,0.0,0.0,0.0,0.0,0.0,0.0,31.51,68.49,0.0,0.0
21,tropical,Cancer,9.35,71.54,,0.0,0.0,0.0,0.0,0.0,0.0,0.0,0.0,28.46,71.54,0.0,0.0
21,sidereal_lahiri,Cancer,9.37,85.47,,0.0,0.0,0.0,0.0,0.0,0.0,0.0,0.0,14.53,85.47,0.0,0.0
21,tropical,Leo,9.32,88.58,,0.0,0.0,0.0,0.0,0.0,0.0,0.0,0.0,11.42,88.58,0.0,0.0
21,sidereal_lahiri,Leo,9.04,97.85,,0.0,0.0,0.0,0.0,0.0,0.0,0.0,0.0,1.81,97.85,0.34,0.0
21,tropical,Virgo,8.99,99.38,,0.0,0.0,0.0,0.0,0.0,0.0,0.0,0.0,0.62,99.38,0.0,0.0
21,sidereal_lahiri,Virgo,8.96,100.0,,0.0,0.0,0.0,0.0,0.0,0.0,0.0,0.0,0.0,100.0,0.0,0.0
21,tropical,Libra,8.99,99.38,,0.0,0.0,0.0,0.0,0.0,0.0,0.0,0.0,0.0,99.38,0.62,0.0
21,sidereal_lahiri,Libra,9.25,91.32,,0.0,0.0,0.0,0.0,0.0,0.0,0.0,0.0,0.15,91.32,8.53,0.0
21,tropical,Scorpio,9.32,88.58,,0.0,0.0,0.0,0.0,0.0,0.0,0.0,0.0,0.0,88.58,11.42,0.0
21,sidereal_lahiri,Scorpio,9.41,74.78,,0.0,0.0,0.0,0.0,0.0,0.0,0.0,0.0,0.0,74.78,25.22,0.0
21,tropical,Sagittarius,9.35,71.54,,0.0,0.0,0.0,0.0,0.0,0.0,0.0,0.0,0.0,71.54,28.46,0.0
21,sidereal_lahiri,Sagittarius,8.74,60.99,,0.0,0.0,0.0,0.0,0.0,0.0,0.0,0.0,0.0,60.99,39.01,0.0
21,tropical,Capricorn,8.53,59.71,,0.0,0.0,0.0,0.0,0.0,0.0,0.0,0.0,0.0,59.71,40.29,0.0
21,sidereal_lahiri,Capricorn,7.52,63.29,,0.0,0.0,0.0,0.0,0.0,0.0,0.0,0.0,0.0,63.29,36.71,0.0
21,tropical,Aquarius,7.3,66.74,,0.0,0.0,0.0,0.0,0.0,0.0,0.0,0.0,0.0,66.74,33.26,0.0
21,sidereal_lahiri,Aquarius,6.61,92.1,,0.0,0.0,0.0,0.0,0.0,0.0,0.0,0.0,0.0,92.1,7.9,0.0
21,tropical,Pisces,6.51,100.0,,0.0,0.0,0.0,0.0,0.0,0.0,0.0,0.0,0.0,100.0,0.0,0.0
21,sidereal_lahiri,Pisces,6.45,100.0,,0.0,0.0,0.0,0.0,0.0,0.0,0.0,0.0,0.0,100.0,0.0,0.0
22,tropical,all,100.0,79.7,79.7,0.0,0.0,0.0,0.0,0.0,0.0,0.0,0.0,10.15,79.7,10.15,0.0
22,sidereal_lahiri,all,100.0,79.24,,0.0,0.0,0.0,0.0,0.0,0.0,0.0,0.0,10.38,79.24,10.38,0.0
22,tropical,Aries,6.45,100.0,,0.0,0.0,0.0,0.0,0.0,0.0,0.0,0.0,0.0,100.0,0.0,0.0
22,sidereal_lahiri,Aries,7.04,70.31,,0.0,0.0,0.0,0.0,0.0,0.0,0.0,0.0,29.69,70.31,0.0,0.0
22,tropical,Taurus,7.24,65.61,,0.0,0.0,0.0,0.0,0.0,0.0,0.0,0.0,34.39,65.61,0.0,0.0
22,sidereal_lahiri,Taurus,8.26,57.65,,0.0,0.0,0.0,0.0,0.0,0.0,0.0,0.0,42.35,57.65,0.0,0.0
22,tropical,Gemini,8.51,58.2,,0.0,0.0,0.0,0.0,0.0,0.0,0.0,0.0,41.8,58.2,0.0,0.0
22,sidereal_lahiri,Gemini,9.28,67.03,,0.0,0.0,0.0,0.0,0.0,0.0,0.0,0.0,32.97,67.03,0.0,0.0
22,tropical,Cancer,9.38,70.1,,0.0,0.0,0.0,0.0,0.0,0.0,0.0,0.0,29.9,70.1,0.0,0.0
22,sidereal_lahiri,Cancer,9.42,84.19,,0.0,0.0,0.0,0.0,0.0,0.0,0.0,0.0,15.81,84.19,0.0,0.0
22,tropical,Leo,9.37,87.4,,0.0,0.0,0.0,0.0,0.0,0.0,0.0,0.0,12.6,87.4,0.0,0.0
22,sidereal_lahiri,Leo,9.11,97.13,,0.0,0.0,0.0,0.0,0.0,0.0,0.0,0.0,2.65,97.13,0.21,0.0
22,tropical,Virgo,9.06,98.68,,0.0,0.0,0.0,0.0,0.0,0.0,0.0,0.0,1.32,98.68,0.0,0.0
22,sidereal_lahiri,Virgo,9.03,99.57,,0.0,0.0,0.0,0.0,0.0,0.0,0.0,0.0,0.0,99.57,0.43,0.0
22,tropical,Libra,9.06,98.68,,0.0,0.0,0.0,0.0,0.0,0.0,0.0,0.0,0.0,98.68,1.32,0.0
22,sidereal_lahiri,Libra,9.31,90.33,,0.0,0.0,0.0,0.0,0.0,0.0,0.0,0.0,0.0,90.33,9.67,0.0
22,tropical,Scorpio,9.37,87.4,,0.0,0.0,0.0,0.0,0.0,0.0,0.0,0.0,0.0,87.4,12.6,0.0
22,sidereal_lahiri,Scorpio,9.43,73.38,,0.0,0.0,0.0,0.0,0.0,0.0,0.0,0.0,0.0,73.38,26.62,0.0
22,tropical,Sagittarius,9.38,70.1,,0.0,0.0,0.0,0.0,0.0,0.0,0.0,0.0,0.0,70.1,29.9,0.0
22,sidereal_lahiri,Sagittarius,8.73,59.48,,0.0,0.0,0.0,0.0,0.0,0.0,0.0,0.0,0.0,59.48,40.52,0.0
22,tropical,Capricorn,8.51,58.2,,0.0,0.0,0.0,0.0,0.0,0.0,0.0,0.0,0.0,58.2,41.8,0.0
22,sidereal_lahiri,Capricorn,7.47,62.01,,0.0,0.0,0.0,0.0,0.0,0.0,0.0,0.0,0.0,62.01,37.99,0.0
22,tropical,Aquarius,7.24,65.61,,0.0,0.0,0.0,0.0,0.0,0.0,0.0,0.0,0.0,65.61,34.39,0.0
22,sidereal_lahiri,Aquarius,6.54,91.85,,0.0,0.0,0.0,0.0,0.0,0.0,0.0,0.0,0.0,91.85,8.15,0.0
22,tropical,Pisces,6.45,100.0,,0.0,0.0,0.0,0.0,0.0,0.0,0.0,0.0,0.0,100.0,0.0,0.0
22,sidereal_lahiri,Pisces,6.38,100.0,,0.0,0.0,0.0,0.0,0.0,0.0,0.0,0.0,0.0,100.0,0.0,0.0
23,tropical,all,100.0,78.67,78.67,0.0,0.0,0.0,0.0,0.0,0.0,0.0,0.0,10.67,78.67,10.67,0.0
23,sidereal_lahiri,all,100.0,78.22,,0.0,0.0,0.0,0.0,0.0,0.0,0.0,0.0,10.89,78.22,10.89,0.0
23,tropical,Aries,6.38,100.0,,0.0,0.0,0.0,0.0,0.0,0.0,0.0,0.0,0.0,100.0,0.0,0.0
23,sidereal_lahiri,Aries,6.98,69.28,,0.0,0.0,0.0,0.0,0.0,0.0,0.0,0.0,30.72,69.28,0.0,0.0
23,tropical,Taurus,7.19,64.43,,0.0,0.0,0.0,0.0,0.0,0.0,0.0,0.0,35.57,64.43,0.0,0.0
23,sidereal_lahiri,Taurus,8.23,56.14,,0.0,0.0,0.0,0.0,0.0,0.0,0.0,0.0,43.86,56.14,0.0,0.0
23,tropical,Gemini,8.48,56.68,,0.0,0.0,0.0,0.0,0.0,0.0,0.0,0.0,43.32,56.68,0.0,0.0
23,sidereal_lahiri,Gemini,9.29,65.55,,0.0,0.0,0.0,0.0,0.0,0.0,0.0,0.0,34.45,65.55,0.0,0.0
23,tropical,Cancer,9.39,68.66,,0.0,0.0,0.0,0.0,0.0,0.0,0.0,0.0,31.34,68.66,0.0,0.0
23,sidereal_lahiri,Cancer,9.47,82.93,,0.0,0.0,0.0,0.0,0.0,0.0,0.0,0.0,17.07,82.93,0.0,0.0
23,tropical,Leo,9.43,86.18,,0.0,0.0,0.0,0.0,0.0,0.0,0.0,0.0,13.82,86.18,0.0,0.0
23,sidereal_lahiri,Leo,9.17,96.46,,0.0,0.0,0.0,0.0,0.0,0.0,0.0,0.0,3.48,96.46,0.06,0.0
23,tropical,Virgo,9.12,97.96,,0.0,0.0,0.0,0.0,0.0,0.0,0.0,0.0,2.04,97.96,0.0,0.0
23,sidereal_lahiri,Virgo,9.09,98.99,,0.0,0.0,0.0,0.0,0.0,0.0,0.0,0.0,0.0,98.99,1.01,0.0
23,tropical,Libra,9.12,97.96,,0.0,0.0,0.0,0.0,0.0,0.0,0.0,0.0,0.0,97.96,2.04,0.0
23,sidereal_lahiri,Libra,9.37,89.21,,0.0,0.0,0.0,0.0,0.0,0.0,0.0,0.0,0.0,89.21,10.79,0.0
23,tropical,Scorpio,9.43,86.18,,0.0,0.0,0.0,0.0,0.0,0.0,0.0,0.0,0.0,86.18,13.82,0.0
23,sidereal_lahiri,Scorpio,9.46,71.97,,0.0,0.0,0.0,0.0,0.0,0.0,0.0,0.0,0.0,71.97,28.03,0.0
23,tropical,Sagittarius,9.39,68.66,,0.0,0.0,0.0,0.0,0.0,0.0,0.0,0.0,0.0,68.66,31.34,0.0
23,sidereal_lahiri,Sagittarius,8.72,57.95,,0.0,0.0,0.0,0.0,0.0,0.0,0.0,0.0,0.0,57.95,42.05,0.0
23,tropical,Capricorn,8.48,56.68,,0.0,0.0,0.0,0.0,0.0,0.0,0.0,0.0,0.0,56.68,43.32,0.0
23,sidereal_lahiri,Capricorn,7.42,60.7,,0.0,0.0,0.0,0.0,0.0,0.0,0.0,0.0,0.0,60.7,39.3,0.0
23,tropical,Aquarius,7.19,64.43,,0.0,0.0,0.0,0.0,0.0,0.0,0.0,0.0,0.0,64.43,35.57,0.0
23,sidereal_lahiri,Aquarius,6.48,91.55,,0.0,0.0,0.0,0.0,0.0,0.0,0.0,0.0,0.0,91.55,8.45,0.0
23,tropical,Pisces,6.38,100.0,,0.0,0.0,0.0,0.0,0.0,0.0,0.0,0.0,0.0,100.0,0.0,0.0
23,sidereal_lahiri,Pisces,6.31,100.0,,0.0,0.0,0.0,0.0,0.0,0.0,0.0,0.0,0.0,100.0,0.0,0.0
24,tropical,all,100.0,77.62,77.62,0.0,0.0,0.0,0.0,0.0,0.0,0.0,0.0,11.19,77.62,11.19,0.0
24,sidereal_lahiri,all,100.0,77.15,,0.0,0.0,0.0,0.0,0.0,0.0,0.0,0.0,11.43,77.15,11.43,0.0
24,tropical,Aries,6.31,100.0,,0.0,0.0,0.0,0.0,0.0,0.0,0.0,0.0,0.0,100.0,0.0,0.0
24,sidereal_lahiri,Aries,6.92,68.22,,0.0,0.0,0.0,0.0,0.0,0.0,0.0,0.0,31.78,68.22,0.0,0.0
24,tropical,Taurus,7.14,63.22,,0.0,0.0,0.0,0.0,0.0,0.0,0.0,0.0,36.78,63.22,0.0,0.0
24,sidereal_lahiri,Taurus,8.2,54.57,,0.0,0.0,0.0,0.0,0.0,0.0,0.0,0.0,45.43,54.57,0.0,0.0
24,tropical,Gemini,8.46,55.11,,0.0,0.0,0.0,0.0,0.0,0.0,0.0,0.0,44.89,55.11,0.0,0.0
24,sidereal_lahiri,Gemini,9.31,64.03,,0.0,0.0,0.0,0.0,0.0,0.0,0.0,0.0,35.97,64.03,0.0,0.0
24,tropical,Cancer,9.42,67.18,,0.0,0.0,0.0,0.0,0.0,0.0,0.0,0.0,32.82,67.18,0.0,0.0
24,sidereal_lahiri,Cancer,9.52,81.65,,0.0,0.0,0.0,0.0,0.0,0.0,0.0,0.0,18.35,81.65,0.0,0.0
24,tropical,Leo,9.48,84.97,,0.0,0.0,0.0,0.0,0.0,0.0,0.0,0.0,15.03,84.97,0.0,0.0
24,sidereal_lahiri,Leo,9.24,95.7,,0.0,0.0,0.0,0.0,0.0,0.0,0.0,0.0,4.3,95.7,0.0,0.0
24,tropical,Virgo,9.19,97.25,,0.0,0.0,0.0,0.0,0.0,0.0,0.0,0.0,2.75,97.25,0.0,0.0
24,sidereal_lahiri,Virgo,9.16,98.3,,0.0,0.0,0.0,0.0,0.0,0.0,0.0,0.0,0.09,98.3,1.61,0.0
24,tropical,Libra,9.19,97.25,,0.0,0.0,0.0,0.0,0.0,0.0,0.0,0.0,0.0,97.25,2.75,0.0
24,sidereal_lahiri,Libra,9.43,88.06,,0.0,0.0,0.0,0.0,0.0,0.0,0.0,0.0,0.0,88.06,11.94,0.0
24,tropical,Scorpio,9.48,84.97,,0.0,0.0,0.0,0.0,0.0,0.0,0.0,0.0,0.0,84.97,15.03,0.0
24,sidereal_lahiri,Scorpio,9.5,70.52,,0.0,0.0,0.0,0.0,0.0,0.0,0.0,0.0,0.0,70.52,29.48,0.0
24,tropical,Sagittarius,9.42,67.18,,0.0,0.0,0.0,0.0,0.0,0.0,0.0,0.0,0.0,67.18,32.82,0.0
24,sidereal_lahiri,Sagittarius,8.7,56.37,,0.0,0.0,0.0,0.0,0.0,0.0,0.0,0.0,0.0,56.37,43.63,0.0
24,tropical,Capricorn,8.46,55.11,,0.0,0.0,0.0,0.0,0.0,0.0,0.0,0.0,0.0,55.11,44.89,0.0
24,sidereal_lahiri,Capricorn,7.37,59.34,,0.0,0.0,0.0,0.0,0.0,0.0,0.0,0.0,0.0,59.34,40.66,0.0
24,tropical,Aquarius,7.14,63.22,,0.0,0.0,0.0,0.0,0.0,0.0,0.0,0.0,0.0,63.22,36.78,0.0
24,sidereal_lahiri,Aquarius,6.41,91.25,,0.0,0.0,0.0,0.0,0.0,0.0,0.0,0.0,0.0,91.25,8.75,0.0
24,tropical,Pisces,6.31,100.0,,0.0,0.0,0.0,0.0,0.0,0.0,0.0,0.0,0.0,100.0,0.0,0.0
24,sidereal_lahiri,Pisces,6.24,100.0,,0.0,0.0,0.0,0.0,0.0,0.0,0.0,0.0,0.0,100.0,0.0,0.0
25,tropical,all,100.0,76.54,76.54,0.0,0.0,0.0,0.0,0.0,0.0,0.0,0.0,11.73,76.54,11.73,0.0
25,sidereal_lahiri,all,100.0,76.05,,0.0,0.0,0.0,0.0,0.0,0.0,0.0,0.0,11.97,76.05,11.97,0.0
25,tropical,Aries,6.24,100.0,,0.0,0.0,0.0,0.0,0.0,0.0,0.0,0.0,0.0,100.0,0.0,0.0
25,sidereal_lahiri,Aries,6.86,67.13,,0.0,0.0,0.0,0.0,0.0,0.0,0.0,0.0,32.87,67.13,0.0,0.0
25,tropical,Taurus,7.08,61.95,,0.0,0.0,0.0,0.0,0.0,0.0,0.0,0.0,38.05,61.95,0.0,0.0
25,sidereal_lahiri,Taurus,8.17,52.98,,0.0,0.0,0.0,0.0,0.0,0.0,0.0,0.0,47.02,52.98,0.0,0.0
25,tropical,Gemini,8.44,53.51,,0.0,0.0,0.0,0.0,0.0,0.0,0.0,0.0,46.49,53.51,0.0,0.0
25,sidereal_lahiri,Gemini,9.32,62.5,,0.0,0.0,0.0,0.0,0.0,0.0,0.0,0.0,37.5,62.5,0.0,0.0
25,tropical,Cancer,9.44,65.7,,0.0,0.0,0.0,0.0,0.0,0.0,0.0,0.0,34.3,65.7,0.0,0.0
25,sidereal_lahiri,Cancer,9.57,80.35,,0.0,0.0,0.0,0.0,0.0,0.0,0.0,0.0,19.65,80.35,0.0,0.0
25,tropical,Leo,9.54,83.75,,0.0,0.0,0.0,0.0,0.0,0.0,0.0,0.0,16.25,83.75,0.0,0.0
25,sidereal_lahiri,Leo,9.31,94.84,,0.0,0.0,0.0,0.0,0.0,0.0,0.0,0.0,5.16,94.84,0.0,0.0
25,tropical,Virgo,9.26,96.52,,0.0,0.0,0.0,0.0,0.0,0.0,0.0,0.0,3.48,96.52,0.0,0.0
25,sidereal_lahiri,Virgo,9.23,97.56,,0.0,0.0,0.0,0.0,0.0,0.0,0.0,0.0,0.24,97.56,2.2,0.0
25,tropical,Libra,9.26,96.52,,0.0,0.0,0.0,0.0,0.0,0.0,0.0,0.0,0.0,96.52,3.48,0.0
25,sidereal_lahiri,Libra,9.49,86.91,,0.0,0.0,0.0,0.0,0.0,0.0,0.0,0.0,0.0,86.91,13.09,0.0
25,tropical,Scorpio,9.54,83.75,,0.0,0.0,0.0,0.0,0.0,0.0,0.0,0.0,0.0,83.75,16.25,0.0
25,sidereal_lahiri,Scorpio,9.53,69.07,,0.0,0.0,0.0,0.0,0.0,0.0,0.0,0.0,0.0,69.07,30.93,0.0
25,tropical,Sagittarius,9.44,65.7,,0.0,0.0,0.0,0.0,0.0,0.0,0.0,0.0,0.0,65.7,34.3,0.0
25,sidereal_lahiri,Sagittarius,8.69,54.76,,0.0,0.0,0.0,0.0,0.0,0.0,0.0,0.0,0.0,54.76,45.24,0.0
25,tropical,Capricorn,8.44,53.51,,0.0,0.0,0.0,0.0,0.0,0.0,0.0,0.0,0.0,53.51,46.49,0.0
25,sidereal_lahiri,Capricorn,7.32,57.95,,0.0,0.0,0.0,0.0,0.0,0.0,0.0,0.0,0.0,57.95,42.05,0.0
25,tropical,Aquarius,7.08,61.95,,0.0,0.0,0.0,0.0,0.0,0.0,0.0,0.0,0.0,61.95,38.05,0.0
25,sidereal_lahiri,Aquarius,6.34,90.94,,0.0,0.0,0.0,0.0,0.0,0.0,0.0,0.0,0.0,90.94,9.06,0.0
25,tropical,Pisces,6.24,100.0,,0.0,0.0,0.0,0.0,0.0,0.0,0.0,0.0,0.0,100.0,0.0,0.0
25,sidereal_lahiri,Pisces,6.17,100.0,,0.0,0.0,0.0,0.0,0.0,0.0,0.0,0.0,0.0,100.0,0.0,0.0
26,tropical,all,100.0,75.45,75.45,0.0,0.0,0.0,0.0,0.0,0.0,0.0,0.0,12.28,75.45,12.28,0.0
26,sidereal_lahiri,all,100.0,74.95,,0.0,0.0,0.0,0.0,0.0,0.0,0.0,0.0,12.53,74.95,12.52,0.0
26,tropical,Aries,6.17,100.0,,0.0,0.0,0.0,0.0,0.0,0.0,0.0,0.0,0.0,100.0,0.0,0.0
26,sidereal_lahiri,Aries,6.8,66.01,,0.0,0.0,0.0,0.0,0.0,0.0,0.0,0.0,33.99,66.01,0.0,0.0
26,tropical,Taurus,7.02,60.64,,0.0,0.0,0.0,0.0,0.0,0.0,0.0,0.0,39.36,60.64,0.0,0.0
26,sidereal_lahiri,Taurus,8.14,51.35,,0.0,0.0,0.0,0.0,0.0,0.0,0.0,0.0,48.65,51.35,0.0,0.0
26,tropical,Gemini,8.41,51.85,,0.0,0.0,0.0,0.0,0.0,0.0,0.0,0.0,48.15,51.85,0.0,0.0
26,sidereal_lahiri,Gemini,9.33,60.95,,0.0,0.0,0.0,0.0,0.0,0.0,0.0,0.0,39.05,60.95,0.0,0.0
26,tropical,Cancer,9.47,64.17,,0.0,0.0,0.0,0.0,0.0,0.0,0.0,0.0,35.83,64.17,0.0,0.0
26,sidereal_lahiri,Cancer,9.63,79.05,,0.0,0.0,0.0,0.0,0.0,0.0,0.0,0.0,20.95,79.05,0.0,0.0
26,tropical,Leo,9.59,82.51,,0.0,0.0,0.0,0.0,0.0,0.0,0.0,0.0,17.49,82.51,0.0,0.0
26,sidereal_lahiri,Leo,9.37,94.01,,0.0,0.0,0.0,0.0,0.0,0.0,0.0,0.0,5.99,94.01,0.0,0.0
26,tropical,Virgo,9.33,95.8,,0.0,0.0,0.0,0.0,0.0,0.0,0.0,0.0,4.2,95.8,0.0,0.0
26,sidereal_lahiri,Virgo,9.3,96.83,,0.0,0.0,0.0,0.0,0.0,0.0,0.0,0.0,0.39,96.83,2.78,0.0
26,tropical,Libra,9.33,95.8,,0.0,0.0,0.0,0.0,0.0,0.0,0.0,0.0,0.0,95.8,4.2,0.0
26,sidereal_lahiri,Libra,9.55,85.77,,0.0,0.0,0.0,0.0,0.0,0.0,0.0,0.0,0.0,85.77,14.23,0.0
26,tropical,Scorpio,9.59,82.51,,0.0,0.0,0.0,0.0,0.0,0.0,0.0,0.0,0.0,82.51,17.49,0.0
26,sidereal_lahiri,Scorpio,9.56,67.61,,0.0,0.0,0.0,0.0,0.0,0.0,0.0,0.0,0.0,67.61,32.39,0.0
26,tropical,Sagittarius,9.47,64.17,,0.0,0.0,0.0,0.0,0.0,0.0,0.0,0.0,0.0,64.17,35.83,0.0
26,sidereal_lahiri,Sagittarius,8.67,53.14,,0.0,0.0,0.0,0.0,0.0,0.0,0.0,0.0,0.0,53.14,46.86,0.0
26,tropical,Capricorn,8.41,51.85,,0.0,0.0,0.0,0.0,0.0,0.0,0.0,0.0,0.0,51.85,48.15,0.0
26,sidereal_lahiri,Capricorn,7.27,56.54,,0.0,0.0,0.0,0.0,0.0,0.0,0.0,0.0,0.0,56.54,43.46,0.0
26,tropical,Aquarius,7.02,60.64,,0.0,0.0,0.0,0.0,0.0,0.0,0.0,0.0,0.0,60.64,39.36,0.0
26,sidereal_lahiri,Aquarius,6.28,90.66,,0.0,0.0,0.0,0.0,0.0,0.0,0.0,0.0,0.0,90.66,9.34,0.0
26,tropical,Pisces,6.17,100.0,,0.0,0.0,0.0,0.0,0.0,0.0,0.0,0.0,0.0,100.0,0.0,0.0
26,sidereal_lahiri,Pisces,6.11,100.0,,0.0,0.0,0.0,0.0,0.0,0.0,0.0,0.0,0.0,100.0,0.0,0.0
27,tropical,all,100.0,74.34,74.34,0.0,0.0,0.0,0.0,0.0,0.0,0.0,0.0,12.83,74.34,12.83,0.0
27,sidereal_lahiri,all,100.0,73.82,,0.0,0.0,0.0,0.0,0.0,0.0,0.0,0.0,13.09,73.82,13.09,0.0
27,tropical,Aries,6.11,100.0,,0.0,0.0,0.0,0.0,0.0,0.0,0.0,0.0,0.0,100.0,0.0,0.0
27,sidereal_lahiri,Aries,6.74,64.84,,0.0,0.0,0.0,0.0,0.0,0.0,0.0,0.0,35.16,64.84,0.0,0.0
27,tropical,Taurus,6.96,59.3,,0.0,0.0,0.0,0.0,0.0,0.0,0.0,0.0,40.7,59.3,0.0,0.0
27,sidereal_lahiri,Taurus,8.1,49.67,,0.0,0.0,0.0,0.0,0.0,0.0,0.0,0.0,50.33,49.67,0.0,0.0
27,tropical,Gemini,8.39,50.17,,0.0,0.0,0.0,0.0,0.0,0.0,0.0,0.0,49.83,50.17,0.0,0.0
27,sidereal_lahiri,Gemini,9.35,59.39,,0.0,0.0,0.0,0.0,0.0,0.0,0.0,0.0,40.61,59.39,0.0,0.0
27,tropical,Cancer,9.49,62.66,,0.0,0.0,0.0,0.0,0.0,0.0,0.0,0.0,37.34,62.66,0.0,0.0
27,sidereal_lahiri,Cancer,9.68,77.76,,0.0,0.0,0.0,0.0,0.0,0.0,0.0,0.0,22.24,77.76,0.0,0.0
27,tropical,Leo,9.65,81.29,,0.0,0.0,0.0,0.0,0.0,0.0,0.0,0.0,18.71,81.29,0.0,0.0
27,sidereal_lahiri,Leo,9.44,93.17,,0.0,0.0,0.0,0.0,0.0,0.0,0.0,0.0,6.83,93.17,0.0,0.0
27,tropical,Virgo,9.4,95.07,,0.0,0.0,0.0,0.0,0.0,0.0,0.0,0.0,4.93,95.07,0.0,0.0
27,sidereal_lahiri,Virgo,9.37,96.09,,0.0,0.0,0.0,0.0,0.0,0.0,0.0,0.0,0.53,96.09,3.38,0.0
27,tropical,Libra,9.4,95.07,,0.0,0.0,0.0,0.0,0.0,0.0,0.0,0.0,0.0,95.07,4.93,0.0
27,sidereal_lahiri,Libra,9.61,84.62,,0.0,0.0,0.0,0.0,0.0,0.0,0.0,0.0,0.0,84.62,15.38,0.0
27,tropical,Scorpio,9.65,81.29,,0.0,0.0,0.0,0.0,0.0,0.0,0.0,0.0,0.0,81.29,18.71,0.0
27,sidereal_lahiri,Scorpio,9.59,66.13,,0.0,0.0,0.0,0.0,0.0,0.0,0.0,0.0,0.0,66.13,33.87,0.0
27,tropical,Sagittarius,9.49,62.66,,0.0,0.0,0.0,0.0,0.0,0.0,0.0,0.0,0.0,62.66,37.34,0.0
27,sidereal_lahiri,Sagittarius,8.66,51.46,,0.0,0.0,0.0,0.0,0.0,0.0,0.0,0.0,0.0,51.46,48.54,0.0
27,tropical,Capricorn,8.39,50.17,,0.0,0.0,0.0,0.0,0.0,0.0,0.0,0.0,0.0,50.17,49.83,0.0
27,sidereal_lahiri,Capricorn,7.21,55.05,,0.0,0.0,0.0,0.0,0.0,0.0,0.0,0.0,0.0,55.05,44.95,0.0
27,tropical,Aquarius,6.96,59.3,,0.0,0.0,0.0,0.0,0.0,0.0,0.0,0.0,0.0,59.3,40.7,0.0
27,sidereal_lahiri,Aquarius,6.21,90.33,,0.0,0.0,0.0,0.0,0.0,0.0,0.0,0.0,0.0,90.33,9.67,0.0
27,tropical,Pisces,6.11,100.0,,0.0,0.0,0.0,0.0,0.0,0.0,0.0,0.0,0.0,100.0,0.0,0.0
27,sidereal_lahiri,Pisces,6.04,100.0,,0.0,0.0,0.0,0.0,0.0,0.0,0.0,0.0,0.0,100.0,0.0,0.0
28,tropical,all,100.0,73.21,73.21,0.0,0.0,0.0,0.0,0.0,0.0,0.0,0.0,13.39,73.21,13.39,0.0
28,sidereal_lahiri,all,100.0,72.66,,0.0,0.0,0.0,0.0,0.0,0.0,0.0,0.0,13.67,72.66,13.67,0.0
28,tropical,Aries,6.03,100.0,,0.0,0.0,0.0,0.0,0.0,0.0,0.0,0.0,0.0,100.0,0.0,0.0
28,sidereal_lahiri,Aries,6.67,63.63,,0.0,0.0,0.0,0.0,0.0,0.0,0.0,0.0,36.37,63.63,0.0,0.0
28,tropical,Taurus,6.9,57.91,,0.0,0.0,0.0,0.0,0.0,0.0,0.0,0.0,42.09,57.91,0.0,0.0
28,sidereal_lahiri,Taurus,8.07,47.95,,0.0,0.0,0.0,0.0,0.0,0.0,0.0,0.0,52.05,47.95,0.0,0.0
28,tropical,Gemini,8.36,48.44,,0.0,0.0,0.0,0.0,0.0,0.0,0.0,0.0,51.56,48.44,0.0,0.0
28,sidereal_lahiri,Gemini,9.36,57.79,,0.0,0.0,0.0,0.0,0.0,0.0,0.0,0.0,42.21,57.79,0.0,0.0
28,tropical,Cancer,9.52,61.09,,0.0,0.0,0.0,0.0,0.0,0.0,0.0,0.0,38.91,61.09,0.0,0.0
28,sidereal_lahiri,Cancer,9.74,76.43,,0.0,0.0,0.0,0.0,0.0,0.0,0.0,0.0,23.57,76.43,0.0,0.0
28,tropical,Leo,9.71,80.03,,0.0,0.0,0.0,0.0,0.0,0.0,0.0,0.0,19.97,80.03,0.0,0.0
28,sidereal_lahiri,Leo,9.51,92.32,,0.0,0.0,0.0,0.0,0.0,0.0,0.0,0.0,7.68,92.32,0.0,0.0
28,tropical,Virgo,9.47,94.34,,0.0,0.0,0.0,0.0,0.0,0.0,0.0,0.0,5.66,94.34,0.0,0.0
28,sidereal_lahiri,Virgo,9.44,95.35,,0.0,0.0,0.0,0.0,0.0,0.0,0.0,0.0,0.68,95.35,3.97,0.0
28,tropical,Libra,9.47,94.34,,0.0,0.0,0.0,0.0,0.0,0.0,0.0,0.0,0.0,94.34,5.66,0.0
28,sidereal_lahiri,Libra,9.67,83.46,,0.0,0.0,0.0,0.0,0.0,0.0,0.0,0.0,0.0,83.46,16.54,0.0
28,tropical,Scorpio,9.71,80.03,,0.0,0.0,0.0,0.0,0.0,0.0,0.0,0.0,0.0,80.03,19.97,0.0
28,sidereal_lahiri,Scorpio,9.63,64.63,,0.0,0.0,0.0,0.0,0.0,0.0,0.0,0.0,0.0,64.63,35.37,0.0
28,tropical,Sagittarius,9.52,61.09,,0.0,0.0,0.0,0.0,0.0,0.0,0.0,0.0,0.0,61.09,38.91,0.0
28,sidereal_lahiri,Sagittarius,8.64,49.76,,0.0,0.0,0.0,0.0,0.0,0.0,0.0,0.0,0.0,49.76,50.24,0.0
28,tropical,Capricorn,8.36,48.44,,0.0,0.0,0.0,0.0,0.0,0.0,0.0,0.0,0.0,48.44,51.56,0.0
28,sidereal_lahiri,Capricorn,7.16,53.51,,0.0,0.0,0.0,0.0,0.0,0.0,0.0,0.0,0.0,53.51,46.49,0.0
28,tropical,Aquarius,6.9,57.91,,0.0,0.0,0.0,0.0,0.0,0.0,0.0,0.0,0.0,57.91,42.09,0.0
28,sidereal_lahiri,Aquarius,6.14,89.95,,0.0,0.0,0.0,0.0,0.0,0.0,0.0,0.0,0.0,89.95,10.05,0.0
28,tropical,Pisces,6.03,100.0,,0.0,0.0,0.0,0.0,0.0,0.0,0.0,0.0,0.0,100.0,0.0,0.0
28,sidereal_lahiri,Pisces,5.96,100.0,,0.0,0.0,0.0,0.0,0.0,0.0,0.0,0.0,0.0,100.0,0.0,0.0
29,tropical,all,100.0,72.06,72.06,0.0,0.0,0.0,0.0,0.0,0.0,0.0,0.0,13.97,72.06,13.97,0.0
29,sidereal_lahiri,all,100.0,71.49,,0.0,0.0,0.0,0.0,0.0,0.0,0.0,0.0,14.25,71.49,14.26,0.0
29,tropical,Aries,5.96,100.0,,0.0,0.0,0.0,0.0,0.0,0.0,0.0,0.0,0.0,100.0,0.0,0.0
29,sidereal_lahiri,Aries,6.61,62.38,,0.0,0.0,0.0,0.0,0.0,0.0,0.0,0.0,37.62,62.38,0.0,0.0
29,tropical,Taurus,6.84,56.44,,0.0,0.0,0.0,0.0,0.0,0.0,0.0,0.0,43.56,56.44,0.0,0.0
29,sidereal_lahiri,Taurus,8.04,46.18,,0.0,0.0,0.0,0.0,0.0,0.0,0.0,0.0,53.82,46.18,0.0,0.0
29,tropical,Gemini,8.34,46.67,,0.0,0.0,0.0,0.0,0.0,0.0,0.0,0.0,53.33,46.67,0.0,0.0
29,sidereal_lahiri,Gemini,9.38,56.17,,0.0,0.0,0.0,0.0,0.0,0.0,0.0,0.0,43.83,56.17,0.0,0.0
29,tropical,Cancer,9.54,59.53,,0.0,0.0,0.0,0.0,0.0,0.0,0.0,0.0,40.47,59.53,0.0,0.0
29,sidereal_lahiri,Cancer,9.79,75.12,,0.0,0.0,0.0,0.0,0.0,0.0,0.0,0.0,24.88,75.12,0.0,0.0
29,tropical,Leo,9.77,78.79,,0.0,0.0,0.0,0.0,0.0,0.0,0.0,0.0,21.21,78.79,0.0,0.0
29,sidereal_lahiri,Leo,9.59,91.48,,0.0,0.0,0.0,0.0,0.0,0.0,0.0,0.0,8.52,91.48,0.0,0.0
29,tropical,Virgo,9.55,93.63,,0.0,0.0,0.0,0.0,0.0,0.0,0.0,0.0,6.37,93.63,0.0,0.0
29,sidereal_lahiri,Virgo,9.52,94.6,,0.0,0.0,0.0,0.0,0.0,0.0,0.0,0.0,0.82,94.6,4.58,0.0
29,tropical,Libra,9.55,93.63,,0.0,0.0,0.0,0.0,0.0,0.0,0.0,0.0,0.0,93.63,6.37,0.0
29,sidereal_lahiri,Libra,9.74,82.28,,0.0,0.0,0.0,0.0,0.0,0.0,0.0,0.0,0.0,82.28,17.72,0.0
29,tropical,Scorpio,9.77,78.79,,0.0,0.0,0.0,0.0,0.0,0.0,0.0,0.0,0.0,78.79,21.21,0.0
29,sidereal_lahiri,Scorpio,9.66,63.11,,0.0,0.0,0.0,0.0,0.0,0.0,0.0,0.0,0.0,63.11,36.89,0.0
29,tropical,Sagittarius,9.54,59.53,,0.0,0.0,0.0,0.0,0.0,0.0,0.0,0.0,0.0,59.53,40.47,0.0
29,sidereal_lahiri,Sagittarius,8.63,48.0,,0.0,0.0,0.0,0.0,0.0,0.0,0.0,0.0,0.0,48.0,52.0,0.0
29,tropical,Capricorn,8.34,46.67,,0.0,0.0,0.0,0.0,0.0,0.0,0.0,0.0,0.0,46.67,53.33,0.0
29,sidereal_lahiri,Capricorn,7.1,51.92,,0.0,0.0,0.0,0.0,0.0,0.0,0.0,0.0,0.0,51.92,48.08,0.0
29,tropical,Aquarius,6.84,56.44,,0.0,0.0,0.0,0.0,0.0,0.0,0.0,0.0,0.0,56.44,43.56,0.0
29,sidereal_lahiri,Aquarius,6.06,89.6,,0.0,0.0,0.0,0.0,0.0,0.0,0.0,0.0,0.0,89.6,10.4,0.0
29,tropical,Pisces,5.96,100.0,,0.0,0.0,0.0,0.0,0.0,0.0,0.0,0.0,0.0,100.0,0.0,0.0
29,sidereal_lahiri,Pisces,5.89,100.0,,0.0,0.0,0.0,0.0,0.0,0.0,0.0,0.0,0.0,100.0,0.0,0.0
30,tropical,all,100.0,70.88,70.88,0.0,0.0,0.0,0.0,0.0,0.0,0.0,0.0,14.56,70.88,14.56,0.0
30,sidereal_lahiri,all,100.0,70.29,,0.0,0.0,0.0,0.0,0.0,0.0,0.0,0.0,14.86,70.29,14.86,0.0
30,tropical,Aries,5.88,100.0,,0.0,0.0,0.0,0.0,0.0,0.0,0.0,0.0,0.0,100.0,0.0,0.0
30,sidereal_lahiri,Aries,6.54,61.06,,0.0,0.0,0.0,0.0,0.0,0.0,0.0,0.0,38.94,61.06,0.0,0.0
30,tropical,Taurus,6.78,54.94,,0.0,0.0,0.0,0.0,0.0,0.0,0.0,0.0,45.06,54.94,0.0,0.0
30,sidereal_lahiri,Taurus,8.0,44.34,,0.0,0.0,0.0,0.0,0.0,0.0,0.0,0.0,55.66,44.34,0.0,0.0
30,tropical,Gemini,8.31,44.83,,0.0,0.0,0.0,0.0,0.0,0.0,0.0,0.0,55.17,44.83,0.0,0.0
30,sidereal_lahiri,Gemini,9.4,54.51,,0.0,0.0,0.0,0.0,0.0,0.0,0.0,0.0,45.49,54.51,0.0,0.0
30,tropical,Cancer,9.57,57.91,,0.0,0.0,0.0,0.0,0.0,0.0,0.0,0.0,42.09,57.91,0.0,0.0
30,sidereal_lahiri,Cancer,9.85,73.77,,0.0,0.0,0.0,0.0,0.0,0.0,0.0,0.0,26.23,73.77,0.0,0.0
30,tropical,Leo,9.84,77.52,,0.0,0.0,0.0,0.0,0.0,0.0,0.0,0.0,22.48,77.52,0.0,0.0
30,sidereal_lahiri,Leo,9.66,90.63,,0.0,0.0,0.0,0.0,0.0,0.0,0.0,0.0,9.37,90.63,0.0,0.0
30,tropical,Virgo,9.62,92.9,,0.0,0.0,0.0,0.0,0.0,0.0,0.0,0.0,7.1,92.9,0.0,0.0
30,sidereal_lahiri,Virgo,9.59,93.86,,0.0,0.0,0.0,0.0,0.0,0.0,0.0,0.0,0.96,93.86,5.18,0.0
30,tropical,Libra,9.62,92.9,,0.0,0.0,0.0,0.0,0.0,0.0,0.0,0.0,0.0,92.9,7.1,0.0
30,sidereal_lahiri,Libra,9.8,81.1,,0.0,0.0,0.0,0.0,0.0,0.0,0.0,0.0,0.0,81.1,18.9,0.0
30,tropical,Scorpio,9.84,77.52,,0.0,0.0,0.0,0.0,0.0,0.0,0.0,0.0,0.0,77.52,22.48,0.0
30,sidereal_lahiri,Scorpio,9.7,61.56,,0.0,0.0,0.0,0.0,0.0,0.0,0.0,0.0,0.0,61.56,38.44,0.0
30,tropical,Sagittarius,9.57,57.91,,0.0,0.0,0.0,0.0,0.0,0.0,0.0,0.0,0.0,57.91,42.09,0.0
30,sidereal_lahiri,Sagittarius,8.61,46.19,,0.0,0.0,0.0,0.0,0.0,0.0,0.0,0.0,0.0,46.19,53.81,0.0
30,tropical,Capricorn,8.31,44.83,,0.0,0.0,0.0,0.0,0.0,0.0,0.0,0.0,0.0,44.83,55.17,0.0
30,sidereal_lahiri,Capricorn,7.04,50.26,,0.0,0.0,0.0,0.0,0.0,0.0,0.0,0.0,0.0,50.26,49.74,0.0
30,tropical,Aquarius,6.78,54.94,,0.0,0.0,0.0,0.0,0.0,0.0,0.0,0.0,0.0,54.94,45.06,0.0
30,sidereal_lahiri,Aquarius,5.99,89.24,,0.0,0.0,0.0,0.0,0.0,0.0,0.0,0.0,0.0,89.24,10.76,0.0
30,tropical,Pisces,5.88,100.0,,0.0,0.0,0.0,0.0,0.0,0.0,0.0,0.0,0.0,100.0,0.0,0.0
30,sidereal_lahiri,Pisces,5.81,100.0,,0.0,0.0,0.0,0.0,0.0,0.0,0.0,0.0,0.0,100.0,0.0,0.0
31,tropical,all,100.0,69.68,69.68,0.0,0.0,0.0,0.0,0.0,0.0,0.0,0.0,15.16,69.68,15.16,0.0
31,sidereal_lahiri,all,100.0,69.06,,0.0,0.0,0.0,0.0,0.0,0.0,0.0,0.0,15.47,69.06,15.47,0.0
31,tropical,Aries,5.81,100.0,,0.0,0.0,0.0,0.0,0.0,0.0,0.0,0.0,0.0,100.0,0.0,0.0
31,sidereal_lahiri,Aries,6.47,59.67,,0.0,0.0,0.0,0.0,0.0,0.0,0.0,0.0,40.33,59.67,0.0,0.0
31,tropical,Taurus,6.71,53.37,,0.0,0.0,0.0,0.0,0.0,0.0,0.0,0.0,46.63,53.37,0.0,0.0
31,sidereal_lahiri,Taurus,7.96,42.45,,0.0,0.0,0.0,0.0,0.0,0.0,0.0,0.0,57.55,42.45,0.0,0.0
31,tropical,Gemini,8.28,42.96,,0.0,0.0,0.0,0.0,0.0,0.0,0.0,0.0,57.04,42.96,0.0,0.0
31,sidereal_lahiri,Gemini,9.41,52.82,,0.0,0.0,0.0,0.0,0.0,0.0,0.0,0.0,47.18,52.82,0.0,0.0
31,tropical,Cancer,9.59,56.28,,0.0,0.0,0.0,0.0,0.0,0.0,0.0,0.0,43.72,56.28,0.0,0.0
31,sidereal_lahiri,Cancer,9.91,72.42,,0.0,0.0,0.0,0.0,0.0,0.0,0.0,0.0,27.58,72.42,0.0,0.0
31,tropical,Leo,9.9,76.24,,0.0,0.0,0.0,0.0,0.0,0.0,0.0,0.0,23.76,76.24,0.0,0.0
31,sidereal_lahiri,Leo,9.73,89.78,,0.0,0.0,0.0,0.0,0.0,0.0,0.0,0.0,10.22,89.78,0.0,0.0
31,tropical,Virgo,9.7,92.18,,0.0,0.0,0.0,0.0,0.0,0.0,0.0,0.0,7.82,92.18,0.0,0.0
31,sidereal_lahiri,Virgo,9.67,93.11,,0.0,0.0,0.0,0.0,0.0,0.0,0.0,0.0,1.12,93.11,5.77,0.0
31,tropical,Libra,9.7,92.18,,0.0,0.0,0.0,0.0,0.0,0.0,0.0,0.0,0.0,92.18,7.82,0.0
31,sidereal_lahiri,Libra,9.87,79.91,,0.0,0.0,0.0,0.0,0.0,0.0,0.0,0.0,0.0,79.91,20.09,0.0
31,tropical,Scorpio,9.9,76.24,,0.0,0.0,0.0,0.0,0.0,0.0,0.0,0.0,0.0,76.24,23.76,0.0
31,sidereal_lahiri,Scorpio,9.73,59.99,,0.0,0.0,0.0,0.0,0.0,0.0,0.0,0.0,0.0,59.99,40.01,0.0
31,tropical,Sagittarius,9.59,56.28,,0.0,0.0,0.0,0.0,0.0,0.0,0.0,0.0,0.0,56.28,43.72,0.0
31,sidereal_lahiri,Sagittarius,8.59,44.36,,0.0,0.0,0.0,0.0,0.0,0.0,0.0,0.0,0.0,44.36,55.64,0.0
31,tropical,Capricorn,8.28,42.96,,0.0,0.0,0.0,0.0,0.0,0.0,0.0,0.0,0.0,42.96,57.04,0.0
31,sidereal_lahiri,Capricorn,6.99,48.55,,0.0,0.0,0.0,0.0,0.0,0.0,0.0,0.0,0.0,48.55,51.45,0.0
31,tropical,Aquarius,6.71,53.37,,0.0,0.0,0.0,0.0,0.0,0.0,0.0,0.0,0.0,53.37,46.63,0.0
31,sidereal_lahiri,Aquarius,5.91,88.86,,0.0,0.0,0.0,0.0,0.0,0.0,0.0,0.0,0.0,88.86,11.14,0.0
31,tropical,Pisces,5.81,100.0,,0.0,0.0,0.0,0.0,0.0,0.0,0.0,0.0,0.0,100.0,0.0,0.0
31,sidereal_lahiri,Pisces,5.74,100.0,,0.0,0.0,0.0,0.0,0.0,0.0,0.0,0.0,0.0,100.0,0.0,0.0
32,tropical,all,100.0,68.44,68.44,0.0,0.0,0.0,0.0,0.0,0.0,0.0,0.0,15.78,68.44,15.78,0.0
32,sidereal_lahiri,all,100.0,67.8,,0.0,0.0,0.0,0.0,0.0,0.0,0.0,0.0,16.1,67.8,16.1,0.0
32,tropical,Aries,5.73,100.0,,0.0,0.0,0.0,0.0,0.0,0.0,0.0,0.0,0.0,100.0,0.0,0.0
32,sidereal_lahiri,Aries,6.4,58.26,,0.0,0.0,0.0,0.0,0.0,0.0,0.0,0.0,41.74,58.26,0.0,0.0
32,tropical,Taurus,6.65,51.73,,0.0,0.0,0.0,0.0,0.0,0.0,0.0,0.0,48.27,51.73,0.0,0.0
32,sidereal_lahiri,Taurus,7.92,40.48,,0.0,0.0,0.0,0.0,0.0,0.0,0.0,0.0,59.52,40.48,0.0,0.0
32,tropical,Gemini,8.26,41.02,,0.0,0.0,0.0,0.0,0.0,0.0,0.0,0.0,58.98,41.02,0.0,0.0
32,sidereal_lahiri,Gemini,9.43,51.09,,0.0,0.0,0.0,0.0,0.0,0.0,0.0,0.0,48.91,51.09,0.0,0.0
32,tropical,Cancer,9.62,54.63,,0.0,0.0,0.0,0.0,0.0,0.0,0.0,0.0,45.37,54.63,0.0,0.0
32,sidereal_lahiri,Cancer,9.97,71.05,,0.0,0.0,0.0,0.0,0.0,0.0,0.0,0.0,28.95,71.05,0.0,0.0
32,tropical,Leo,9.96,74.97,,0.0,0.0,0.0,0.0,0.0,0.0,0.0,0.0,25.03,74.97,0.0,0.0
32,sidereal_lahiri,Leo,9.81,88.9,,0.0,0.0,0.0,0.0,0.0,0.0,0.0,0.0,11.1,88.9,0.0,0.0
32,tropical,Virgo,9.78,91.42,,0.0,0.0,0.0,0.0,0.0,0.0,0.0,0.0,8.58,91.42,0.0,0.0
32,sidereal_lahiri,Virgo,9.75,92.36,,0.0,0.0,0.0,0.0,0.0,0.0,0.0,0.0,1.25,92.36,6.38,0.0
32,tropical,Libra,9.78,91.42,,0.0,0.0,0.0,0.0,0.0,0.0,0.0,0.0,0.0,91.42,8.58,0.0
32,sidereal_lahiri,Libra,9.94,78.71,,0.0,0.0,0.0,0.0,0.0,0.0,0.0,0.0,0.0,78.71,21.29,0.0
32,tropical,Scorpio,9.96,74.97,,0.0,0.0,0.0,0.0,0.0,0.0,0.0,0.0,0.0,74.97,25.03,0.0
32,sidereal_lahiri,Scorpio,9.77,58.39,,0.0,0.0,0.0,0.0,0.0,0.0,0.0,0.0,0.0,58.39,41.61,0.0
32,tropical,Sagittarius,9.62,54.63,,0.0,0.0,0.0,0.0,0.0,0.0,0.0,0.0,0.0,54.63,45.37,0.0
32,sidereal_lahiri,Sagittarius,8.57,42.44,,0.0,0.0,0.0,0.0,0.0,0.0,0.0,0.0,0.0,42.44,57.56,0.0
32,tropical,Capricorn,8.26,41.02,,0.0,0.0,0.0,0.0,0.0,0.0,0.0,0.0,0.0,41.02,58.98,0.0
32,sidereal_lahiri,Capricorn,6.92,46.75,,0.0,0.0,0.0,0.0,0.0,0.0,0.0,0.0,0.0,46.75,53.25,0.0
32,tropical,Aquarius,6.65,51.73,,0.0,0.0,0.0,0.0,0.0,0.0,0.0,0.0,0.0,51.73,48.27,0.0
32,sidereal_lahiri,Aquarius,5.84,88.43,,0.0,0.0,0.0,0.0,0.0,0.0,0.0,0.0,0.0,88.43,11.57,0.0
32,tropical,Pisces,5.73,100.0,,0.0,0.0,0.0,0.0,0.0,0.0,0.0,0.0,0.0,100.0,0.0,0.0
32,sidereal_lahiri,Pisces,5.66,100.0,,0.0,0.0,0.0,0.0,0.0,0.0,0.0,0.0,0.0,100.0,0.0,0.0
33,tropical,all,100.0,67.19,67.19,0.0,0.0,0.0,0.0,0.0,0.0,0.0,0.0,16.41,67.19,16.41,0.0
33,sidereal_lahiri,all,100.0,66.51,,0.0,0.0,0.0,0.0,0.0,0.0,0.0,0.0,16.74,66.51,16.74,0.0
33,tropical,Aries,5.65,100.0,,0.0,0.0,0.0,0.0,0.0,0.0,0.0,0.0,0.0,100.0,0.0,0.0
33,sidereal_lahiri,Aries,6.33,56.75,,0.0,0.0,0.0,0.0,0.0,0.0,0.0,0.0,43.25,56.75,0.0,0.0
33,tropical,Taurus,6.58,50.02,,0.0,0.0,0.0,0.0,0.0,0.0,0.0,0.0,49.98,50.02,0.0,0.0
33,sidereal_lahiri,Taurus,7.89,38.46,,0.0,0.0,0.0,0.0,0.0,0.0,0.0,0.0,61.54,38.46,0.0,0.0
33,tropical,Gemini,8.23,39.03,,0.0,0.0,0.0,0.0,0.0,0.0,0.0,0.0,60.97,39.03,0.0,0.0
33,sidereal_lahiri,Gemini,9.45,49.34,,0.0,0.0,0.0,0.0,0.0,0.0,0.0,0.0,50.66,49.34,0.0,0.0
33,tropical,Cancer,9.65,52.95,,0.0,0.0,0.0,0.0,0.0,0.0,0.0,0.0,47.05,52.95,0.0,0.0
33,sidereal_lahiri,Cancer,10.03,69.68,,0.0,0.0,0.0,0.0,0.0,0.0,0.0,0.0,30.32,69.68,0.0,0.0
33,tropical,Leo,10.03,73.67,,0.0,0.0,0.0,0.0,0.0,0.0,0.0,0.0,26.33,73.67,0.0,0.0
33,sidereal_lahiri,Leo,9.89,88.04,,0.0,0.0,0.0,0.0,0.0,0.0,0.0,0.0,11.96,88.04,0.0,0.0
33,tropical,Virgo,9.86,90.7,,0.0,0.0,0.0,0.0,0.0,0.0,0.0,0.0,9.3,90.7,0.0,0.0
33,sidereal_lahiri,Virgo,9.83,91.61,,0.0,0.0,0.0,0.0,0.0,0.0,0.0,0.0,1.41,91.61,6.98,0.0
33,tropical,Libra,9.86,90.7,,0.0,0.0,0.0,0.0,0.0,0.0,0.0,0.0,0.0,90.7,9.3,0.0
33,sidereal_lahiri,Libra,10.01,77.5,,0.0,0.0,0.0,0.0,0.0,0.0,0.0,0.0,0.0,77.5,22.5,0.0
33,tropical,Scorpio,10.03,73.67,,0.0,0.0,0.0,0.0,0.0,0.0,0.0,0.0,0.0,73.67,26.33,0.0
33,sidereal_lahiri,Scorpio,9.81,56.77,,0.0,0.0,0.0,0.0,0.0,0.0,0.0,0.0,0.0,56.77,43.23,0.0
33,tropical,Sagittarius,9.65,52.95,,0.0,0.0,0.0,0.0,0.0,0.0,0.0,0.0,0.0,52.95,47.05,0.0
33,sidereal_lahiri,Sagittarius,8.56,40.49,,0.0,0.0,0.0,0.0,0.0,0.0,0.0,0.0,0.0,40.49,59.51,0.0
33,tropical,Capricorn,8.23,39.03,,0.0,0.0,0.0,0.0,0.0,0.0,0.0,0.0,0.0,39.03,60.97,0.0
33,sidereal_lahiri,Capricorn,6.86,44.9,,0.0,0.0,0.0,0.0,0.0,0.0,0.0,0.0,0.0,44.9,55.1,0.0
33,tropical,Aquarius,6.58,50.02,,0.0,0.0,0.0,0.0,0.0,0.0,0.0,0.0,0.0,50.02,49.98,0.0
33,sidereal_lahiri,Aquarius,5.76,87.99,,0.0,0.0,0.0,0.0,0.0,0.0,0.0,0.0,0.0,87.99,12.01,0.0
33,tropical,Pisces,5.65,100.0,,0.0,0.0,0.0,0.0,0.0,0.0,0.0,0.0,0.0,100.0,0.0,0.0
33,sidereal_lahiri,Pisces,5.58,100.0,,0.0,0.0,0.0,0.0,0.0,0.0,0.0,0.0,0.0,100.0,0.0,0.0
34,tropical,all,100.0,65.89,65.89,0.0,0.0,0.0,0.0,0.0,0.0,0.0,0.0,17.06,65.89,17.06,0.0
34,sidereal_lahiri,all,100.0,65.2,,0.0,0.0,0.0,0.0,0.0,0.0,0.0,0.0,17.4,65.2,17.4,0.0
34,tropical,Aries,5.57,100.0,,0.0,0.0,0.0,0.0,0.0,0.0,0.0,0.0,0.0,100.0,0.0,0.0
34,sidereal_lahiri,Aries,6.26,55.19,,0.0,0.0,0.0,0.0,0.0,0.0,0.0,0.0,44.81,55.19,0.0,0.0
34,tropical,Taurus,6.51,48.23,,0.0,0.0,0.0,0.0,0.0,0.0,0.0,0.0,51.77,48.23,0.0,0.0
34,sidereal_lahiri,Taurus,7.85,36.39,,0.0,0.0,0.0,0.0,0.0,0.0,0.0,0.0,63.61,36.39,0.0,0.0
34,tropical,Gemini,8.2,36.97,,0.0,0.0,0.0,0.0,0.0,0.0,0.0,0.0,63.03,36.97,0.0,0.0
34,sidereal_lahiri,Gemini,9.47,47.55,,0.0,0.0,0.0,0.0,0.0,0.0,0.0,0.0,52.45,47.55,0.0,0.0
34,tropical,Cancer,9.68,51.22,,0.0,0.0,0.0,0.0,0.0,0.0,0.0,0.0,48.78,51.22,0.0,0.0
34,sidereal_lahiri,Cancer,10.1,68.28,,0.0,0.0,0.0,0.0,0.0,0.0,0.0,0.0,31.72,68.28,0.0,0.0
34,tropical,Leo,10.1,72.34,,0.0,0.0,0.0,0.0,0.0,0.0,0.0,0.0,27.66,72.34,0.0,0.0
34,sidereal_lahiri,Leo,9.97,87.18,,0.0,0.0,0.0,0.0,0.0,0.0,0.0,0.0,12.82,87.18,0.0,0.0
34,tropical,Virgo,9.94,89.94,,0.0,0.0,0.0,0.0,0.0,0.0,0.0,0.0,10.06,89.94,0.0,0.0
34,sidereal_lahiri,Virgo,9.91,90.84,,0.0,0.0,0.0,0.0,0.0,0.0,0.0,0.0,1.57,90.84,7.59,0.0
34,tropical,Libra,9.94,89.94,,0.0,0.0,0.0,0.0,0.0,0.0,0.0,0.0,0.0,89.94,10.06,0.0
34,sidereal_lahiri,Libra,10.09,76.27,,0.0,0.0,0.0,0.0,0.0,0.0,0.0,0.0,0.0,76.27,23.73,0.0
34,tropical,Scorpio,10.1,72.34,,0.0,0.0,0.0,0.0,0.0,0.0,0.0,0.0,0.0,72.34,27.66,0.0
34,sidereal_lahiri,Scorpio,9.85,55.12,,0.0,0.0,0.0,0.0,0.0,0.0,0.0,0.0,0.0,55.12,44.88,0.0
34,tropical,Sagittarius,9.68,51.22,,0.0,0.0,0.0,0.0,0.0,0.0,0.0,0.0,0.0,51.22,48.78,0.0
34,sidereal_lahiri,Sagittarius,8.54,38.48,,0.0,0.0,0.0,0.0,0.0,0.0,0.0,0.0,0.0,38.48,61.52,0.0
34,tropical,Capricorn,8.2,36.97,,0.0,0.0,0.0,0.0,0.0,0.0,0.0,0.0,0.0,36.97,63.03,0.0
34,sidereal_lahiri,Capricorn,6.8,42.95,,0.0,0.0,0.0,0.0,0.0,0.0,0.0,0.0,0.0,42.95,57.05,0.0
34,tropical,Aquarius,6.51,48.23,,0.0,0.0,0.0,0.0,0.0,0.0,0.0,0.0,0.0,48.23,51.77,0.0
34,sidereal_lahiri,Aquarius,5.67,87.57,,0.0,0.0,0.0,0.0,0.0,0.0,0.0,0.0,0.0,87.57,12.43,0.0
34,tropical,Pisces,5.57,100.0,,0.0,0.0,0.0,0.0,0.0,0.0,0.0,0.0,0.0,100.0,0.0,0.0
34,sidereal_lahiri,Pisces,5.49,100.0,,0.0,0.0,0.0,0.0,0.0,0.0,0.0,0.0,0.0,100.0,0.0,0.0
35,tropical,all,100.0,64.56,64.56,0.0,0.0,0.0,0.0,0.0,0.0,0.0,0.0,17.72,64.56,17.72,0.0
35,sidereal_lahiri,all,100.0,63.84,,0.0,0.0,0.0,0.0,0.0,0.0,0.0,0.0,18.08,63.84,18.08,0.0
35,tropical,Aries,5.48,100.0,,0.0,0.0,0.0,0.0,0.0,0.0,0.0,0.0,0.0,100.0,0.0,0.0
35,sidereal_lahiri,Aries,6.18,53.55,,0.0,0.0,0.0,0.0,0.0,0.0,0.0,0.0,46.45,53.55,0.0,0.0
35,tropical,Taurus,6.44,46.36,,0.0,0.0,0.0,0.0,0.0,0.0,0.0,0.0,53.64,46.36,0.0,0.0
35,sidereal_lahiri,Taurus,7.81,34.2,,0.0,0.0,0.0,0.0,0.0,0.0,0.0,0.0,65.8,34.2,0.0,0.0
35,tropical,Gemini,8.17,34.83,,0.0,0.0,0.0,0.0,0.0,0.0,0.0,0.0,65.17,34.83,0.0,0.0
35,sidereal_lahiri,Gemini,9.49,45.7,,0.0,0.0,0.0,0.0,0.0,0.0,0.0,0.0,54.3,45.7,0.0,0.0
35,tropical,Cancer,9.71,49.46,,0.0,0.0,0.0,0.0,0.0,0.0,0.0,0.0,50.54,49.46,0.0,0.0
35,sidereal_lahiri,Cancer,10.16,66.85,,0.0,0.0,0.0,0.0,0.0,0.0,0.0,0.0,33.15,66.85,0.0,0.0
35,tropical,Leo,10.18,71.01,,0.0,0.0,0.0,0.0,0.0,0.0,0.0,0.0,28.99,71.01,0.0,0.0
35,sidereal_lahiri,Leo,10.06,86.3,,0.0,0.0,0.0,0.0,0.0,0.0,0.0,0.0,13.7,86.3,0.0,0.0
35,tropical,Virgo,10.02,89.19,,0.0,0.0,0.0,0.0,0.0,0.0,0.0,0.0,10.81,89.19,0.0,0.0
35,sidereal_lahiri,Virgo,10.0,90.08,,0.0,0.0,0.0,0.0,0.0,0.0,0.0,0.0,1.69,90.08,8.22,0.0
35,tropical,Libra,10.02,89.19,,0.0,0.0,0.0,0.0,0.0,0.0,0.0,0.0,0.0,89.19,10.81,0.0
35,sidereal_lahiri,Libra,10.16,75.04,,0.0,0.0,0.0,0.0,0.0,0.0,0.0,0.0,0.0,75.04,24.96,0.0
35,tropical,Scorpio,10.18,71.01,,0.0,0.0,0.0,0.0,0.0,0.0,0.0,0.0,0.0,71.01,28.99,0.0
35,sidereal_lahiri,Scorpio,9.89,53.44,,0.0,0.0,0.0,0.0,0.0,0.0,0.0,0.0,0.0,53.44,46.56,0.0
35,tropical,Sagittarius,9.71,49.46,,0.0,0.0,0.0,0.0,0.0,0.0,0.0,0.0,0.0,49.46,50.54,0.0
35,sidereal_lahiri,Sagittarius,8.52,36.39,,0.0,0.0,0.0,0.0,0.0,0.0,0.0,0.0,0.0,36.39,63.61,0.0
35,tropical,Capricorn,8.17,34.83,,0.0,0.0,0.0,0.0,0.0,0.0,0.0,0.0,0.0,34.83,65.17,0.0
35,sidereal_lahiri,Capricorn,6.73,40.92,,0.0,0.0,0.0,0.0,0.0,0.0,0.0,0.0,0.0,40.92,59.08,0.0
35,tropical,Aquarius,6.44,46.36,,0.0,0.0,0.0,0.0,0.0,0.0,0.0,0.0,0.0,46.36,53.64,0.0
35,sidereal_lahiri,Aquarius,5.59,87.09,,0.0,0.0,0.0,0.0,0.0,0.0,0.0,0.0,0.0,87.09,12.91,0.0
35,tropical,Pisces,5.48,100.0,,0.0,0.0,0.0,0.0,0.0,0.0,0.0,0.0,0.0,100.0,0.0,0.0
35,sidereal_lahiri,Pisces,5.41,100.0,,0.0,0.0,0.0,0.0,0.0,0.0,0.0,0.0,0.0,100.0,0.0,0.0
36,tropical,all,100.0,63.2,63.2,0.0,0.0,0.0,0.0,0.0,0.0,0.0,0.0,18.4,63.2,18.4,0.0
36,sidereal_lahiri,all,100.0,62.45,,0.0,0.0,0.0,0.0,0.0,0.0,0.0,0.0,18.77,62.45,18.77,0.0
36,tropical,Aries,5.4,100.0,,0.0,0.0,0.0,0.0,0.0,0.0,0.0,0.0,0.0,100.0,0.0,0.0
36,sidereal_lahiri,Aries,6.11,51.82,,0.0,0.0,0.0,0.0,0.0,0.0,0.0,0.0,48.18,51.82,0.0,0.0
36,tropical,Taurus,6.37,44.4,,0.0,0.0,0.0,0.0,0.0,0.0,0.0,0.0,55.6,44.4,0.0,0.0
36,sidereal_lahiri,Taurus,7.76,31.95,,0.0,0.0,0.0,0.0,0.0,0.0,0.0,0.0,68.05,31.95,0.0,0.0
36,tropical,Gemini,8.13,32.62,,0.0,0.0,0.0,0.0,0.0,0.0,0.0,0.0,67.38,32.62,0.0,0.0
36,sidereal_lahiri,Gemini,9.51,43.82,,0.0,0.0,0.0,0.0,0.0,0.0,0.0,0.0,56.18,43.82,0.0,0.0
36,tropical,Cancer,9.74,47.66,,0.0,0.0,0.0,0.0,0.0,0.0,0.0,0.0,52.34,47.66,0.0,0.0
36,sidereal_lahiri,Cancer,10.23,65.41,,0.0,0.0,0.0,0.0,0.0,0.0,0.0,0.0,34.59,65.41,0.0,0.0
36,tropical,Leo,10.25,69.67,,0.0,0.0,0.0,0.0,0.0,0.0,0.0,0.0,30.33,69.67,0.0,0.0
36,sidereal_lahiri,Leo,10.14,85.4,,0.0,0.0,0.0,0.0,0.0,0.0,0.0,0.0,14.6,85.4,0.0,0.0
36,tropical,Virgo,10.11,88.43,,0.0,0.0,0.0,0.0,0.0,0.0,0.0,0.0,11.57,88.43,0.0,0.0
36,sidereal_lahiri,Virgo,10.08,89.31,,0.0,0.0,0.0,0.0,0.0,0.0,0.0,0.0,1.85,89.31,8.84,0.0
36,tropical,Libra,10.11,88.43,,0.0,0.0,0.0,0.0,0.0,0.0,0.0,0.0,0.0,88.43,11.57,0.0
36,sidereal_lahiri,Libra,10.24,73.79,,0.0,0.0,0.0,0.0,0.0,0.0,0.0,0.0,0.0,73.79,26.21,0.0
36,tropical,Scorpio,10.25,69.67,,0.0,0.0,0.0,0.0,0.0,0.0,0.0,0.0,0.0,69.67,30.33,0.0
36,sidereal_lahiri,Scorpio,9.93,51.73,,0.0,0.0,0.0,0.0,0.0,0.0,0.0,0.0,0.0,51.73,48.27,0.0
36,tropical,Sagittarius,9.74,47.66,,0.0,0.0,0.0,0.0,0.0,0.0,0.0,0.0,0.0,47.66,52.34,0.0
36,sidereal_lahiri,Sagittarius,8.5,34.25,,0.0,0.0,0.0,0.0,0.0,0.0,0.0,0.0,0.0,34.25,65.75,0.0
36,tropical,Capricorn,8.13,32.62,,0.0,0.0,0.0,0.0,0.0,0.0,0.0,0.0,0.0,32.62,67.38,0.0
36,sidereal_lahiri,Capricorn,6.66,38.78,,0.0,0.0,0.0,0.0,0.0,0.0,0.0,0.0,0.0,38.78,61.22,0.0
36,tropical,Aquarius,6.37,44.4,,0.0,0.0,0.0,0.0,0.0,0.0,0.0,0.0,0.0,44.4,55.6,0.0
36,sidereal_lahiri,Aquarius,5.51,86.59,,0.0,0.0,0.0,0.0,0.0,0.0,0.0,0.0,0.0,86.59,13.41,0.0
36,tropical,Pisces,5.4,100.0,,0.0,0.0,0.0,0.0,0.0,0.0,0.0,0.0,0.0,100.0,0.0,0.0
36,sidereal_lahiri,Pisces,5.33,100.0,,0.0,0.0,0.0,0.0,0.0,0.0,0.0,0.0,0.0,100.0,0.0,0.0
37,tropical,all,100.0,61.79,61.79,0.0,0.0,0.0,0.0,0.0,0.0,0.0,0.0,19.1,61.79,19.1,0.0
37,sidereal_lahiri,all,100.0,61.02,,0.0,0.0,0.0,0.0,0.0,0.0,0.0,0.0,19.49,61.02,19.49,0.0
37,tropical,Aries,5.31,100.0,,0.0,0.0,0.0,0.0,0.0,0.0,0.0,0.0,0.0,100.0,0.0,0.0
37,sidereal_lahiri,Aries,6.03,49.98,,0.0,0.0,0.0,0.0,0.0,0.0,0.0,0.0,50.02,49.98,0.0,0.0
37,tropical,Taurus,6.29,42.32,,0.0,0.0,0.0,0.0,0.0,0.0,0.0,0.0,57.68,42.32,0.0,0.0
37,sidereal_lahiri,Taurus,7.72,29.6,,0.0,0.0,0.0,0.0,0.0,0.0,0.0,0.0,70.4,29.6,0.0,0.0
37,tropical,Gemini,8.1,30.32,,0.0,0.0,0.0,0.0,0.0,0.0,0.0,0.0,69.68,30.32,0.0,0.0
37,sidereal_lahiri,Gemini,9.53,41.9,,0.0,0.0,0.0,0.0,0.0,0.0,0.0,0.0,58.1,41.9,0.0,0.0
37,tropical,Cancer,9.78,45.82,,0.0,0.0,0.0,0.0,0.0,0.0,0.0,0.0,54.18,45.82,0.0,0.0
37,sidereal_lahiri,Cancer,10.3,63.95,,0.0,0.0,0.0,0.0,0.0,0.0,0.0,0.0,36.05,63.95,0.0,0.0
37,tropical,Leo,10.32,68.3,,0.0,0.0,0.0,0.0,0.0,0.0,0.0,0.0,31.7,68.3,0.0,0.0
37,sidereal_lahiri,Leo,10.22,84.52,,0.0,0.0,0.0,0.0,0.0,0.0,0.0,0.0,15.48,84.52,0.0,0.0
37,tropical,Virgo,10.2,87.66,,0.0,0.0,0.0,0.0,0.0,0.0,0.0,0.0,12.34,87.66,0.0,0.0
37,sidereal_lahiri,Virgo,10.18,88.51,,0.0,0.0,0.0,0.0,0.0,0.0,0.0,0.0,2.02,88.51,9.47,0.0
37,tropical,Libra,10.2,87.66,,0.0,0.0,0.0,0.0,0.0,0.0,0.0,0.0,0.0,87.66,12.34,0.0
37,sidereal_lahiri,Libra,10.32,72.52,,0.0,0.0,0.0,0.0,0.0,0.0,0.0,0.0,0.0,72.52,27.48,0.0
37,tropical,Scorpio,10.32,68.3,,0.0,0.0,0.0,0.0,0.0,0.0,0.0,0.0,0.0,68.3,31.7,0.0
37,sidereal_lahiri,Scorpio,9.97,49.99,,0.0,0.0,0.0,0.0,0.0,0.0,0.0,0.0,0.0,49.99,50.01,0.0
37,tropical,Sagittarius,9.78,45.82,,0.0,0.0,0.0,0.0,0.0,0.0,0.0,0.0,0.0,45.82,54.18,0.0
37,sidereal_lahiri,Sagittarius,8.48,32.03,,0.0,0.0,0.0,0.0,0.0,0.0,0.0,0.0,0.0,32.03,67.97,0.0
37,tropical,Capricorn,8.1,30.32,,0.0,0.0,0.0,0.0,0.0,0.0,0.0,0.0,0.0,30.32,69.68,0.0
37,sidereal_lahiri,Capricorn,6.59,36.54,,0.0,0.0,0.0,0.0,0.0,0.0,0.0,0.0,0.0,36.54,63.46,0.0
37,tropical,Aquarius,6.29,42.32,,0.0,0.0,0.0,0.0,0.0,0.0,0.0,0.0,0.0,42.32,57.68,0.0
37,sidereal_lahiri,Aquarius,5.42,86.01,,0.0,0.0,0.0,0.0,0.0,0.0,0.0,0.0,0.0,86.01,13.99,0.0
37,tropical,Pisces,5.31,100.0,,0.0,0.0,0.0,0.0,0.0,0.0,0.0,0.0,0.0,100.0,0.0,0.0
37,sidereal_lahiri,Pisces,5.23,100.0,,0.0,0.0,0.0,0.0,0.0,0.0,0.0,0.0,0.0,100.0,0.0,0.0
38,tropical,all,100.0,60.36,60.36,0.0,0.0,0.0,0.0,0.0,0.0,0.0,0.0,19.82,60.36,19.82,0.0
38,sidereal_lahiri,all,100.0,59.55,,0.0,0.0,0.0,0.0,0.0,0.0,0.0,0.0,20.23,59.55,20.23,0.0
38,tropical,Aries,5.22,100.0,,0.0,0.0,0.0,0.0,0.0,0.0,0.0,0.0,0.0,100.0,0.0,0.0
38,sidereal_lahiri,Aries,5.94,48.04,,0.0,0.0,0.0,0.0,0.0,0.0,0.0,0.0,51.96,48.04,0.0,0.0
38,tropical,Taurus,6.21,40.14,,0.0,0.0,0.0,0.0,0.0,0.0,0.0,0.0,59.86,40.14,0.0,0.0
38,sidereal_lahiri,Taurus,7.67,27.14,,0.0,0.0,0.0,0.0,0.0,0.0,0.0,0.0,72.86,27.14,0.0,0.0
38,tropical,Gemini,8.07,27.93,,0.0,0.0,0.0,0.0,0.0,0.0,0.0,0.0,72.07,27.93,0.0,0.0
38,sidereal_lahiri,Gemini,9.55,39.91,,0.0,0.0,0.0,0.0,0.0,0.0,0.0,0.0,60.09,39.91,0.0,0.0
38,tropical,Cancer,9.81,43.94,,0.0,0.0,0.0,0.0,0.0,0.0,0.0,0.0,56.06,43.94,0.0,0.0
38,sidereal_lahiri,Cancer,10.38,62.46,,0.0,0.0,0.0,0.0,0.0,0.0,0.0,0.0,37.54,62.46,0.0,0.0
38,tropical,Leo,10.4,66.92,,0.0,0.0,0.0,0.0,0.0,0.0,0.0,0.0,33.08,66.92,0.0,0.0
38,sidereal_lahiri,Leo,10.32,83.6,,0.0,0.0,0.0,0.0,0.0,0.0,0.0,0.0,16.4,83.6,0.0,0.0
38,tropical,Virgo,10.29,86.9,,0.0,0.0,0.0,0.0,0.0,0.0,0.0,0.0,13.1,86.9,0.0,0.0
38,sidereal_lahiri,Virgo,10.26,87.74,,0.0,0.0,0.0,0.0,0.0,0.0,0.0,0.0,2.17,87.74,10.09,0.0
38,tropical,Libra,10.29,86.9,,0.0,0.0,0.0,0.0,0.0,0.0,0.0,0.0,0.0,86.9,13.1,0.0
38,sidereal_lahiri,Libra,10.4,71.24,,0.0,0.0,0.0,0.0,0.0,0.0,0.0,0.0,0.0,71.24,28.76,0.0
38,tropical,Scorpio,10.4,66.92,,0.0,0.0,0.0,0.0,0.0,0.0,0.0,0.0,0.0,66.92,33.08,0.0
38,sidereal_lahiri,Scorpio,10.02,48.2,,0.0,0.0,0.0,0.0,0.0,0.0,0.0,0.0,0.0,48.2,51.8,0.0
38,tropical,Sagittarius,9.81,43.94,,0.0,0.0,0.0,0.0,0.0,0.0,0.0,0.0,0.0,43.94,56.06,0.0
38,sidereal_lahiri,Sagittarius,8.46,29.73,,0.0,0.0,0.0,0.0,0.0,0.0,0.0,0.0,0.0,29.73,70.27,0.0
38,tropical,Capricorn,8.07,27.93,,0.0,0.0,0.0,0.0,0.0,0.0,0.0,0.0,0.0,27.93,72.07,0.0
38,sidereal_lahiri,Capricorn,6.52,34.21,,0.0,0.0,0.0,0.0,0.0,0.0,0.0,0.0,0.0,34.21,65.79,0.0
38,tropical,Aquarius,6.21,40.14,,0.0,0.0,0.0,0.0,0.0,0.0,0.0,0.0,0.0,40.14,59.86,0.0
38,sidereal_lahiri,Aquarius,5.33,85.47,,0.0,0.0,0.0,0.0,0.0,0.0,0.0,0.0,0.0,85.47,14.53,0.0
38,tropical,Pisces,5.22,100.0,,0.0,0.0,0.0,0.0,0.0,0.0,0.0,0.0,0.0,100.0,0.0,0.0
38,sidereal_lahiri,Pisces,5.14,100.0,,0.0,0.0,0.0,0.0,0.0,0.0,0.0,0.0,0.0,100.0,0.0,0.0
39,tropical,all,100.0,58.87,58.87,0.0,0.0,0.0,0.0,0.0,0.0,0.0,0.0,20.57,58.87,20.57,0.0
39,sidereal_lahiri,all,100.0,58.03,,0.0,0.0,0.0,0.0,0.0,0.0,0.0,0.0,20.99,58.03,20.98,0.0
39,tropical,Aries,5.12,100.0,,0.0,0.0,0.0,0.0,0.0,0.0,0.0,0.0,0.0,100.0,0.0,0.0
39,sidereal_lahiri,Aries,5.86,45.99,,0.0,0.0,0.0,0.0,0.0,0.0,0.0,0.0,54.01,45.99,0.0,0.0
39,tropical,Taurus,6.13,37.82,,0.0,0.0,0.0,0.0,0.0,0.0,0.0,0.0,62.18,37.82,0.0,0.0
39,sidereal_lahiri,Taurus,7.63,24.58,,0.0,0.0,0.0,0.0,0.0,0.0,0.0,0.0,75.42,24.58,0.0,0.0
39,tropical,Gemini,8.03,25.45,,0.0,0.0,0.0,0.0,0.0,0.0,0.0,0.0,74.55,25.45,0.0,0.0
39,sidereal_lahiri,Gemini,9.57,37.87,,0.0,0.0,0.0,0.0,0.0,0.0,0.0,0.0,62.13,37.87,0.0,0.0
39,tropical,Cancer,9.85,42.03,,0.0,0.0,0.0,0.0,0.0,0.0,0.0,0.0,57.97,42.03,0.0,0.0
39,sidereal_lahiri,Cancer,10.45,60.95,,0.0,0.0,0.0,0.0,0.0,0.0,0.0,0.0,39.05,60.95,0.0,0.0
39,tropical,Leo,10.48,65.52,,0.0,0.0,0.0,0.0,0.0,0.0,0.0,0.0,34.48,65.52,0.0,0.0
39,sidereal_lahiri,Leo,10.41,82.68,,0.0,0.0,0.0,0.0,0.0,0.0,0.0,0.0,17.32,82.68,0.0,0.0
39,tropical,Virgo,10.38,86.11,,0.0,0.0,0.0,0.0,0.0,0.0,0.0,0.0,13.89,86.11,0.0,0.0
39,sidereal_lahiri,Virgo,10.36,86.94,,0.0,0.0,0.0,0.0,0.0,0.0,0.0,0.0,2.33,86.94,10.73,0.0
39,tropical,Libra,10.38,86.11,,0.0,0.0,0.0,0.0,0.0,0.0,0.0,0.0,0.0,86.11,13.89,0.0
39,sidereal_lahiri,Libra,10.49,69.94,,0.0,0.0,0.0,0.0,0.0,0.0,0.0,0.0,0.0,69.94,30.06,0.0
39,tropical,Scorpio,10.48,65.52,,0.0,0.0,0.0,0.0,0.0,0.0,0.0,0.0,0.0,65.52,34.48,0.0
39,sidereal_lahiri,Scorpio,10.07,46.37,,0.0,0.0,0.0,0.0,0.0,0.0,0.0,0.0,0.0,46.37,53.63,0.0
39,tropical,Sagittarius,9.85,42.03,,0.0,0.0,0.0,0.0,0.0,0.0,0.0,0.0,0.0,42.03,57.97,0.0
39,sidereal_lahiri,Sagittarius,8.43,27.34,,0.0,0.0,0.0,0.0,0.0,0.0,0.0,0.0,0.0,27.34,72.66,0.0
39,tropical,Capricorn,8.03,25.45,,0.0,0.0,0.0,0.0,0.0,0.0,0.0,0.0,0.0,25.45,74.55,0.0
39,sidereal_lahiri,Capricorn,6.44,31.72,,0.0,0.0,0.0,0.0,0.0,0.0,0.0,0.0,0.0,31.72,68.28,0.0
39,tropical,Aquarius,6.13,37.82,,0.0,0.0,0.0,0.0,0.0,0.0,0.0,0.0,0.0,37.82,62.18,0.0
39,sidereal_lahiri,Aquarius,5.24,84.89,,0.0,0.0,0.0,0.0,0.0,0.0,0.0,0.0,0.0,84.89,15.11,0.0
39,tropical,Pisces,5.12,100.0,,0.0,0.0,0.0,0.0,0.0,0.0,0.0,0.0,0.0,100.0,0.0,0.0
39,sidereal_lahiri,Pisces,5.05,100.0,,0.0,0.0,0.0,0.0,0.0,0.0,0.0,0.0,0.0,100.0,0.0,0.0
40,tropical,all,100.0,57.34,57.34,0.0,0.0,0.0,0.0,0.0,0.0,0.0,0.0,21.33,57.34,21.33,0.0
40,sidereal_lahiri,all,100.0,56.47,,0.0,0.0,0.0,0.0,0.0,0.0,0.0,0.0,21.77,56.47,21.76,0.0
40,tropical,Aries,5.03,100.0,,0.0,0.0,0.0,0.0,0.0,0.0,0.0,0.0,0.0,100.0,0.0,0.0
40,sidereal_lahiri,Aries,5.77,43.84,,0.0,0.0,0.0,0.0,0.0,0.0,0.0,0.0,56.16,43.84,0.0,0.0
40,tropical,Taurus,6.05,35.4,,0.0,0.0,0.0,0.0,0.0,0.0,0.0,0.0,64.6,35.4,0.0,0.0
40,sidereal_lahiri,Taurus,7.58,21.92,,0.0,0.0,0.0,0.0,0.0,0.0,0.0,0.0,78.08,21.92,0.0,0.0
40,tropical,Gemini,7.99,22.86,,0.0,0.0,0.0,0.0,0.0,0.0,0.0,0.0,77.14,22.86,0.0,0.0
40,sidereal_lahiri,Gemini,9.59,35.78,,0.0,0.0,0.0,0.0,0.0,0.0,0.0,0.0,64.22,35.78,0.0,0.0
40,tropical,Cancer,9.88,40.05,,0.0,0.0,0.0,0.0,0.0,0.0,0.0,0.0,59.95,40.05,0.0,0.0
40,sidereal_lahiri,Cancer,10.53,59.42,,0.0,0.0,0.0,0.0,0.0,0.0,0.0,0.0,40.58,59.42,0.0,0.0
40,tropical,Leo,10.57,64.09,,0.0,0.0,0.0,0.0,0.0,0.0,0.0,0.0,35.91,64.09,0.0,0.0
40,sidereal_lahiri,Leo,10.51,81.76,,0.0,0.0,0.0,0.0,0.0,0.0,0.0,0.0,18.24,81.76,0.0,0.0
40,tropical,Virgo,10.47,85.34,,0.0,0.0,0.0,0.0,0.0,0.0,0.0,0.0,14.66,85.34,0.0,0.0
40,sidereal_lahiri,Virgo,10.45,86.15,,0.0,0.0,0.0,0.0,0.0,0.0,0.0,0.0,2.47,86.15,11.37,0.0
40,tropical,Libra,10.47,85.34,,0.0,0.0,0.0,0.0,0.0,0.0,0.0,0.0,0.0,85.34,14.66,0.0
40,sidereal_lahiri,Libra,10.57,68.64,,0.0,0.0,0.0,0.0,0.0,0.0,0.0,0.0,0.0,68.64,31.36,0.0
40,tropical,Scorpio,10.57,64.09,,0.0,0.0,0.0,0.0,0.0,0.0,0.0,0.0,0.0,64.09,35.91,0.0
40,sidereal_lahiri,Scorpio,10.12,44.52,,0.0,0.0,0.0,0.0,0.0,0.0,0.0,0.0,0.0,44.52,55.48,0.0
40,tropical,Sagittarius,9.88,40.05,,0.0,0.0,0.0,0.0,0.0,0.0,0.0,0.0,0.0,40.05,59.95,0.0
40,sidereal_lahiri,Sagittarius,8.41,24.87,,0.0,0.0,0.0,0.0,0.0,0.0,0.0,0.0,0.0,24.87,75.13,0.0
40,tropical,Capricorn,7.99,22.86,,0.0,0.0,0.0,0.0,0.0,0.0,0.0,0.0,0.0,22.86,77.14,0.0
40,sidereal_lahiri,Capricorn,6.37,29.1,,0.0,0.0,0.0,0.0,0.0,0.0,0.0,0.0,0.0,29.1,70.9,0.0
40,tropical,Aquarius,6.05,35.4,,0.0,0.0,0.0,0.0,0.0,0.0,0.0,0.0,0.0,35.4,64.6,0.0
40,sidereal_lahiri,Aquarius,5.14,84.23,,0.0,0.0,0.0,0.0,0.0,0.0,0.0,0.0,0.0,84.23,15.77,0.0
40,tropical,Pisces,5.03,100.0,,0.0,0.0,0.0,0.0,0.0,0.0,0.0,0.0,0.0,100.0,0.0,0.0
40,sidereal_lahiri,Pisces,4.95,100.0,,0.0,0.0,0.0,0.0,0.0,0.0,0.0,0.0,0.0,100.0,0.0,0.0
41,tropical,all,100.0,55.74,55.74,0.0,0.0,0.0,0.0,0.0,0.0,0.0,0.0,22.13,55.74,22.13,0.0
41,sidereal_lahiri,all,100.0,54.85,,0.0,0.0,0.0,0.0,0.0,0.0,0.0,0.0,22.57,54.85,22.57,0.0
41,tropical,Aries,4.93,100.0,,0.0,0.0,0.0,0.0,0.0,0.0,0.0,0.0,0.0,100.0,0.0,0.0
41,sidereal_lahiri,Aries,5.68,41.52,,0.0,0.0,0.0,0.0,0.0,0.0,0.0,0.0,58.48,41.52,0.0,0.0
41,tropical,Taurus,5.96,32.79,,0.0,0.0,0.0,0.0,0.0,0.0,0.0,0.0,67.21,32.79,0.0,0.0
41,sidereal_lahiri,Taurus,7.53,19.11,,0.0,0.0,0.0,0.0,0.0,0.0,0.0,0.0,80.89,19.11,0.0,0.0
41,tropical,Gemini,7.96,20.15,,0.0,0.0,0.0,0.0,0.0,0.0,0.0,0.0,79.85,20.15,0.0,0.0
41,sidereal_lahiri,Gemini,9.62,33.64,,0.0,0.0,0.0,0.0,0.0,0.0,0.0,0.0,66.36,33.64,0.0,0.0
41,tropical,Cancer,9.92,38.02,,0.0,0.0,0.0,0.0,0.0,0.0,0.0,0.0,61.98,38.02,0.0,0.0
41,sidereal_lahiri,Cancer,10.61,57.87,,0.0,0.0,0.0,0.0,0.0,0.0,0.0,0.0,42.13,57.87,0.0,0.0
41,tropical,Leo,10.65,62.63,,0.0,0.0,0.0,0.0,0.0,0.0,0.0,0.0,37.37,62.63,0.0,0.0
41,sidereal_lahiri,Leo,10.6,80.82,,0.0,0.0,0.0,0.0,0.0,0.0,0.0,0.0,19.18,80.82,0.0,0.0
41,tropical,Virgo,10.57,84.53,,0.0,0.0,0.0,0.0,0.0,0.0,0.0,0.0,15.47,84.53,0.0,0.0
41,sidereal_lahiri,Virgo,10.55,85.34,,0.0,0.0,0.0,0.0,0.0,0.0,0.0,0.0,2.63,85.34,12.03,0.0
41,tropical,Libra,10.57,84.53,,0.0,0.0,0.0,0.0,0.0,0.0,0.0,0.0,0.0,84.53,15.47,0.0
41,sidereal_lahiri,Libra,10.67,67.29,,0.0,0.0,0.0,0.0,0.0,0.0,0.0,0.0,0.0,67.29,32.71,0.0
41,tropical,Scorpio,10.65,62.63,,0.0,0.0,0.0,0.0,0.0,0.0,0.0,0.0,0.0,62.63,37.37,0.0
41,sidereal_lahiri,Scorpio,10.17,42.61,,0.0,0.0,0.0,0.0,0.0,0.0,0.0,0.0,0.0,42.61,57.39,0.0
41,tropical,Sagittarius,9.92,38.02,,0.0,0.0,0.0,0.0,0.0,0.0,0.0,0.0,0.0,38.02,61.98,0.0
41,sidereal_lahiri,Sagittarius,8.39,22.28,,0.0,0.0,0.0,0.0,0.0,0.0,0.0,0.0,0.0,22.28,77.72,0.0
41,tropical,Capricorn,7.96,20.15,,0.0,0.0,0.0,0.0,0.0,0.0,0.0,0.0,0.0,20.15,79.85,0.0
41,sidereal_lahiri,Capricorn,6.28,26.3,,0.0,0.0,0.0,0.0,0.0,0.0,0.0,0.0,0.0,26.3,73.7,0.0
41,tropical,Aquarius,5.96,32.79,,0.0,0.0,0.0,0.0,0.0,0.0,0.0,0.0,0.0,32.79,67.21,0.0
41,sidereal_lahiri,Aquarius,5.05,83.54,,0.0,0.0,0.0,0.0,0.0,0.0,0.0,0.0,0.0,83.54,16.46,0.0
41,tropical,Pisces,4.93,100.0,,0.0,0.0,0.0,0.0,0.0,0.0,0.0,0.0,0.0,100.0,0.0,0.0
41,sidereal_lahiri,Pisces,4.85,100.0,,0.0,0.0,0.0,0.0,0.0,0.0,0.0,0.0,0.0,100.0,0.0,0.0
42,tropical,all,100.0,54.1,54.1,0.0,0.0,0.0,0.0,0.0,0.0,0.0,0.0,22.95,54.1,22.95,0.0
42,sidereal_lahiri,all,100.0,53.17,,0.0,0.0,0.0,0.0,0.0,0.0,0.0,0.0,23.42,53.17,23.41,0.0
42,tropical,Aries,4.83,100.0,,0.0,0.0,0.0,0.0,0.0,0.0,0.0,0.0,0.0,100.0,0.0,0.0
42,sidereal_lahiri,Aries,5.59,39.04,,0.0,0.0,0.0,0.0,0.0,0.0,0.0,0.0,60.96,39.04,0.0,0.0
42,tropical,Taurus,5.88,30.02,,0.0,0.0,0.0,0.0,0.0,0.0,0.0,0.0,69.98,30.02,0.0,0.0
42,sidereal_lahiri,Taurus,7.47,16.13,,0.0,0.0,0.0,0.0,0.0,0.0,0.0,0.0,83.87,16.13,0.0,0.0
42,tropical,Gemini,7.91,17.3,,0.0,0.0,0.0,0.0,0.0,0.0,0.0,0.0,82.7,17.3,0.0,0.0
42,sidereal_lahiri,Gemini,9.65,31.41,,0.0,0.0,0.0,0.0,0.0,0.0,0.0,0.0,68.59,31.41,0.0,0.0
42,tropical,Cancer,9.96,35.94,,0.0,0.0,0.0,0.0,0.0,0.0,0.0,0.0,64.06,35.94,0.0,0.0
42,sidereal_lahiri,Cancer,10.69,56.27,,0.0,0.0,0.0,0.0,0.0,0.0,0.0,0.0,43.73,56.27,0.0,0.0
42,tropical,Leo,10.74,61.16,,0.0,0.0,0.0,0.0,0.0,0.0,0.0,0.0,38.84,61.16,0.0,0.0
42,sidereal_lahiri,Leo,10.71,79.87,,0.0,0.0,0.0,0.0,0.0,0.0,0.0,0.0,20.13,79.87,0.0,0.0
42,tropical,Virgo,10.68,83.71,,0.0,0.0,0.0,0.0,0.0,0.0,0.0,0.0,16.29,83.71,0.0,0.0
42,sidereal_lahiri,Virgo,10.66,84.52,,0.0,0.0,0.0,0.0,0.0,0.0,0.0,0.0,2.79,84.52,12.7,0.0
42,tropical,Libra,10.68,83.71,,0.0,0.0,0.0,0.0,0.0,0.0,0.0,0.0,0.0,83.71,16.29,0.0
42,sidereal_lahiri,Libra,10.76,65.93,,0.0,0.0,0.0,0.0,0.0,0.0,0.0,0.0,0.0,65.93,34.07,0.0
42,tropical,Scorpio,10.74,61.16,,0.0,0.0,0.0,0.0,0.0,0.0,0.0,0.0,0.0,61.16,38.84,0.0
42,sidereal_lahiri,Scorpio,10.22,40.65,,0.0,0.0,0.0,0.0,0.0,0.0,0.0,0.0,0.0,40.65,59.35,0.0
42,tropical,Sagittarius,9.96,35.94,,0.0,0.0,0.0,0.0,0.0,0.0,0.0,0.0,0.0,35.94,64.06,0.0
42,sidereal_lahiri,Sagittarius,8.36,19.59,,0.0,0.0,0.0,0.0,0.0,0.0,0.0,0.0,0.0,19.59,80.41,0.0
42,tropical,Capricorn,7.91,17.3,,0.0,0.0,0.0,0.0,0.0,0.0,0.0,0.0,0.0,17.3,82.7,0.0
42,sidereal_lahiri,Capricorn,6.2,23.34,,0.0,0.0,0.0,0.0,0.0,0.0,0.0,0.0,0.0,23.34,76.66,0.0
42,tropical,Aquarius,5.88,30.02,,0.0,0.0,0.0,0.0,0.0,0.0,0.0,0.0,0.0,30.02,69.98,0.0
42,sidereal_lahiri,Aquarius,4.94,82.81,,0.0,0.0,0.0,0.0,0.0,0.0,0.0,0.0,0.0,82.81,17.19,0.0
42,tropical,Pisces,4.83,100.0,,0.0,0.0,0.0,0.0,0.0,0.0,0.0,0.0,0.0,100.0,0.0,0.0
42,sidereal_lahiri,Pisces,4.75,100.0,,0.0,0.0,0.0,0.0,0.0,0.0,0.0,0.0,0.0,100.0,0.0,0.0
43,tropical,all,100.0,52.39,52.39,0.0,0.0,0.0,0.0,0.0,0.0,0.0,0.0,23.8,52.39,23.8,0.0
43,sidereal_lahiri,all,100.0,51.43,,0.0,0.0,0.0,0.0,0.0,0.0,0.0,0.0,24.29,51.43,24.28,0.0
43,tropical,Aries,4.72,100.0,,0.0,0.0,0.0,0.0,0.0,0.0,0.0,0.0,0.0,100.0,0.0,0.0
43,sidereal_lahiri,Aries,5.49,36.39,,0.0,0.0,0.0,0.0,0.0,0.0,0.0,0.0,63.61,36.39,0.0,0.0
43,tropical,Taurus,5.78,27.05,,0.0,0.0,0.0,0.0,0.0,0.0,0.0,0.0,72.95,27.05,0.0,0.0
43,sidereal_lahiri,Taurus,7.42,13.03,,0.0,0.0,0.0,0.0,0.0,0.0,0.0,0.0,86.97,13.03,0.0,0.0
43,tropical,Gemini,7.87,14.33,,0.0,0.0,0.0,0.0,0.0,0.0,0.0,0.0,85.67,14.33,0.0,0.0
43,sidereal_lahiri,Gemini,9.67,29.12,,0.0,0.0,0.0,0.0,0.0,0.0,0.0,0.0,70.88,29.12,0.0,0.0
43,tropical,Cancer,10.01,33.79,,0.0,0.0,0.0,0.0,0.0,0.0,0.0,0.0,66.21,33.79,0.0,0.0
43,sidereal_lahiri,Cancer,10.78,54.65,,0.0,0.0,0.0,0.0,0.0,0.0,0.0,0.0,45.35,54.65,0.0,0.0
43,tropical,Leo,10.84,59.65,,0.0,0.0,0.0,0.0,0.0,0.0,0.0,0.0,40.35,59.65,0.0,0.0
43,sidereal_lahiri,Leo,10.81,78.9,,0.0,0.0,0.0,0.0,0.0,0.0,0.0,0.0,21.1,78.9,0.0,0.0
43,tropical,Virgo,10.78,82.9,,0.0,0.0,0.0,0.0,0.0,0.0,0.0,0.0,17.1,82.9,0.0,0.0
43,sidereal_lahiri,Virgo,10.76,83.66,,0.0,0.0,0.0,0.0,0.0,0.0,0.0,0.0,2.97,83.66,13.37,0.0
43,tropical,Libra,10.78,82.9,,0.0,0.0,0.0,0.0,0.0,0.0,0.0,0.0,0.0,82.9,17.1,0.0
43,sidereal_lahiri,Libra,10.86,64.54,,0.0,0.0,0.0,0.0,0.0,0.0,0.0,0.0,0.0,64.54,35.46,0.0
43,tropical,Scorpio,10.84,59.65,,0.0,0.0,0.0,0.0,0.0,0.0,0.0,0.0,0.0,59.65,40.35,0.0
43,sidereal_lahiri,Scorpio,10.28,38.64,,0.0,0.0,0.0,0.0,0.0,0.0,0.0,0.0,0.0,38.64,61.36,0.0
43,tropical,Sagittarius,10.01,33.79,,0.0,0.0,0.0,0.0,0.0,0.0,0.0,0.0,0.0,33.79,66.21,0.0
43,sidereal_lahiri,Sagittarius,8.33,16.77,,0.0,0.0,0.0,0.0,0.0,0.0,0.0,0.0,0.0,16.77,83.23,0.0
43,tropical,Capricorn,7.87,14.33,,0.0,0.0,0.0,0.0,0.0,0.0,0.0,0.0,0.0,14.33,85.67,0.0
43,sidereal_lahiri,Capricorn,6.11,20.22,,0.0,0.0,0.0,0.0,0.0,0.0,0.0,0.0,0.0,20.22,79.78,0.0
43,tropical,Aquarius,5.78,27.05,,0.0,0.0,0.0,0.0,0.0,0.0,0.0,0.0,0.0,27.05,72.95,0.0
43,sidereal_lahiri,Aquarius,4.84,81.99,,0.0,0.0,0.0,0.0,0.0,0.0,0.0,0.0,0.0,81.99,18.01,0.0
43,tropical,Pisces,4.72,100.0,,0.0,0.0,0.0,0.0,0.0,0.0,0.0,0.0,0.0,100.0,0.0,0.0
43,sidereal_lahiri,Pisces,4.64,100.0,,0.0,0.0,0.0,0.0,0.0,0.0,0.0,0.0,0.0,100.0,0.0,0.0
44,tropical,all,100.0,50.64,50.64,0.0,0.0,0.0,0.0,0.0,0.0,0.0,0.0,24.68,50.64,24.68,0.0
44,sidereal_lahiri,all,100.0,49.64,,0.0,0.0,0.0,0.0,0.0,0.0,0.0,0.0,25.18,49.64,25.18,0.0
44,tropical,Aries,4.61,100.0,,0.0,0.0,0.0,0.0,0.0,0.0,0.0,0.0,0.0,100.0,0.0,0.0
44,sidereal_lahiri,Aries,5.39,33.57,,0.0,0.0,0.0,0.0,0.0,0.0,0.0,0.0,66.43,33.57,0.0,0.0
44,tropical,Taurus,5.68,23.9,,0.0,0.0,0.0,0.0,0.0,0.0,0.0,0.0,76.1,23.9,0.0,0.0
44,sidereal_lahiri,Taurus,7.36,9.74,,0.0,0.0,0.0,0.0,0.0,0.0,0.0,0.0,90.26,9.74,0.0,0.0
44,tropical,Gemini,7.83,11.21,,0.0,0.0,0.0,0.0,0.0,0.0,0.0,0.0,88.79,11.21,0.0,0.0
44,sidereal_lahiri,Gemini,9.7,26.77,,0.0,0.0,0.0,0.0,0.0,0.0,0.0,0.0,73.23,26.77,0.0,0.0
44,tropical,Cancer,10.05,31.59,,0.0,0.0,0.0,0.0,0.0,0.0,0.0,0.0,68.41,31.59,0.0,0.0
44,sidereal_lahiri,Cancer,10.87,53.01,,0.0,0.0,0.0,0.0,0.0,0.0,0.0,0.0,46.99,53.01,0.0,0.0
44,tropical,Leo,10.93,58.13,,0.0,0.0,0.0,0.0,0.0,0.0,0.0,0.0,41.87,58.13,0.0,0.0
44,sidereal_lahiri,Leo,10.92,77.94,,0.0,0.0,0.0,0.0,0.0,0.0,0.0,0.0,22.06,77.94,0.0,0.0
44,tropical,Virgo,10.89,82.07,,0.0,0.0,0.0,0.0,0.0,0.0,0.0,0.0,17.93,82.07,0.0,0.0
44,sidereal_lahiri,Virgo,10.87,82.83,,0.0,0.0,0.0,0.0,0.0,0.0,0.0,0.0,3.12,82.83,14.05,0.0
44,tropical,Libra,10.89,82.07,,0.0,0.0,0.0,0.0,0.0,0.0,0.0,0.0,0.0,82.07,17.93,0.0
44,sidereal_lahiri,Libra,10.96,63.14,,0.0,0.0,0.0,0.0,0.0,0.0,0.0,0.0,0.0,63.14,36.86,0.0
44,tropical,Scorpio,10.93,58.13,,0.0,0.0,0.0,0.0,0.0,0.0,0.0,0.0,0.0,58.13,41.87,0.0
44,sidereal_lahiri,Scorpio,10.34,36.58,,0.0,0.0,0.0,0.0,0.0,0.0,0.0,0.0,0.0,36.58,63.42,0.0
44,tropical,Sagittarius,10.05,31.59,,0.0,0.0,0.0,0.0,0.0,0.0,0.0,0.0,0.0,31.59,68.41,0.0
44,sidereal_lahiri,Sagittarius,8.31,13.81,,0.0,0.0,0.0,0.0,0.0,0.0,0.0,0.0,0.0,13.81,86.19,0.0
44,tropical,Capricorn,7.83,11.21,,0.0,0.0,0.0,0.0,0.0,0.0,0.0,0.0,0.0,11.21,88.79,0.0
44,sidereal_lahiri,Capricorn,6.02,16.84,,0.0,0.0,0.0,0.0,0.0,0.0,0.0,0.0,0.0,16.84,83.16,0.0
44,tropical,Aquarius,5.68,23.9,,0.0,0.0,0.0,0.0,0.0,0.0,0.0,0.0,0.0,23.9,76.1,0.0
44,sidereal_lahiri,Aquarius,4.73,81.15,,0.0,0.0,0.0,0.0,0.0,0.0,0.0,0.0,0.0,81.15,18.85,0.0
44,tropical,Pisces,4.61,100.0,,0.0,0.0,0.0,0.0,0.0,0.0,0.0,0.0,0.0,100.0,0.0,0.0
44,sidereal_lahiri,Pisces,4.54,100.0,,0.0,0.0,0.0,0.0,0.0,0.0,0.0,0.0,0.0,100.0,0.0,0.0
45,tropical,all,100.0,48.79,48.79,0.0,0.0,0.0,0.0,0.0,0.0,0.0,0.0,25.6,48.79,25.6,0.0
45,sidereal_lahiri,all,100.0,47.77,,0.0,0.0,0.0,0.0,0.0,0.0,0.0,0.0,26.11,47.77,26.12,0.0
45,tropical,Aries,4.5,100.0,,0.0,0.0,0.0,0.0,0.0,0.0,0.0,0.0,0.0,100.0,0.0,0.0
45,sidereal_lahiri,Aries,5.28,30.51,,0.0,0.0,0.0,0.0,0.0,0.0,0.0,0.0,69.49,30.51,0.0,0.0
45,tropical,Taurus,5.58,20.46,,0.0,0.0,0.0,0.0,0.0,0.0,0.0,0.0,79.54,20.46,0.0,0.0
45,sidereal_lahiri,Taurus,7.29,6.28,,0.0,0.0,0.0,0.0,0.0,0.0,0.0,0.0,93.72,6.28,0.0,0.0
45,tropical,Gemini,7.78,7.92,,0.0,0.0,0.0,0.0,0.0,0.0,0.0,0.0,92.08,7.92,0.0,0.0
45,sidereal_lahiri,Gemini,9.73,24.32,,0.0,0.0,0.0,0.0,0.0,0.0,0.0,0.0,75.68,24.32,0.0,0.0
45,tropical,Cancer,10.09,29.31,,0.0,0.0,0.0,0.0,0.0,0.0,0.0,0.0,70.69,29.31,0.0,0.0
45,sidereal_lahiri,Cancer,10.97,51.32,,0.0,0.0,0.0,0.0,0.0,0.0,0.0,0.0,48.68,51.32,0.0,0.0
45,tropical,Leo,11.04,56.56,,0.0,0.0,0.0,0.0,0.0,0.0,0.0,0.0,43.44,56.56,0.0,0.0
45,sidereal_lahiri,Leo,11.03,76.93,,0.0,0.0,0.0,0.0,0.0,0.0,0.0,0.0,23.07,76.93,0.0,0.0
45,tropical,Virgo,11.01,81.22,,0.0,0.0,0.0,0.0,0.0,0.0,0.0,0.0,18.78,81.22,0.0,0.0
45,sidereal_lahiri,Virgo,10.99,81.97,,0.0,0.0,0.0,0.0,0.0,0.0,0.0,0.0,3.29,81.97,14.74,0.0
45,tropical,Libra,11.01,81.22,,0.0,0.0,0.0,0.0,0.0,0.0,0.0,0.0,0.0,81.22,18.78,0.0
45,sidereal_lahiri,Libra,11.06,61.71,,0.0,0.0,0.0,0.0,0.0,0.0,0.0,0.0,0.0,61.71,38.29,0.0
45,tropical,Scorpio,11.04,56.56,,0.0,0.0,0.0,0.0,0.0,0.0,0.0,0.0,0.0,56.56,43.44,0.0
45,sidereal_lahiri,Scorpio,10.4,34.47,,0.0,0.0,0.0,0.0,0.0,0.0,0.0,0.0,0.0,34.47,65.53,0.0
45,tropical,Sagittarius,10.09,29.31,,0.0,0.0,0.0,0.0,0.0,0.0,0.0,0.0,0.0,29.31,70.69,0.0
45,sidereal_lahiri,Sagittarius,8.28,10.74,,0.0,0.0,0.0,0.0,0.0,0.0,0.0,0.0,0.0,10.74,89.26,0.0
45,tropical,Capricorn,7.78,7.92,,0.0,0.0,0.0,0.0,0.0,0.0,0.0,0.0,0.0,7.92,92.08,0.0
45,sidereal_lahiri,Capricorn,5.92,13.22,,0.0,0.0,0.0,0.0,0.0,0.0,0.0,0.0,0.0,13.22,86.78,0.0
45,tropical,Aquarius,5.58,20.46,,0.0,0.0,0.0,0.0,0.0,0.0,0.0,0.0,0.0,20.46,79.54,0.0
45,sidereal_lahiri,Aquarius,4.62,80.22,,0.0,0.0,0.0,0.0,0.0,0.0,0.0,0.0,0.0,80.22,19.78,0.0
45,tropical,Pisces,4.5,100.0,,0.0,0.0,0.0,0.0,0.0,0.0,0.0,0.0,0.0,100.0,0.0,0.0
45,sidereal_lahiri,Pisces,4.42,100.0,,0.0,0.0,0.0,0.0,0.0,0.0,0.0,0.0,0.0,100.0,0.0,0.0
46,tropical,all,100.0,46.89,46.89,0.0,0.0,0.0,0.0,0.0,0.0,0.0,0.0,26.56,46.89,26.56,0.0
46,sidereal_lahiri,all,100.0,45.83,,0.0,0.0,0.0,0.0,0.0,0.0,0.0,0.0,27.09,45.83,27.09,0.0
46,tropical,Aries,4.38,100.0,,0.0,0.0,0.0,0.0,0.0,0.0,0.0,0.0,0.0,100.0,0.0,0.0
46,sidereal_lahiri,Aries,5.17,27.19,,0.0,0.0,0.0,0.0,0.0,0.0,0.0,0.0,72.81,27.19,0.0,0.0
46,tropical,Taurus,5.47,16.79,,0.0,0.0,0.0,0.0,0.0,0.0,0.0,0.0,83.21,16.79,0.0,0.0
46,sidereal_lahiri,Taurus,7.23,2.57,,0.0,0.0,0.0,0.0,0.0,0.0,0.0,0.0,97.43,2.57,0.0,0.0
46,tropical,Gemini,7.73,4.42,,0.0,0.0,0.0,0.0,0.0,0.0,0.0,0.0,95.58,4.42,0.0,0.0
46,sidereal_lahiri,Gemini,9.76,21.79,,0.0,0.0,0.0,0.0,0.0,0.0,0.0,0.0,78.21,21.79,0.0,0.0
46,tropical,Cancer,10.15,26.96,,0.0,0.0,0.0,0.0,0.0,0.0,0.0,0.0,73.04,26.96,0.0,0.0
46,sidereal_lahiri,Cancer,11.07,49.6,,0.0,0.0,0.0,0.0,0.0,0.0,0.0,0.0,50.4,49.6,0.0,0.0
46,tropical,Leo,11.14,54.97,,0.0,0.0,0.0,0.0,0.0,0.0,0.0,0.0,45.03,54.97,0.0,0.0
46,sidereal_lahiri,Leo,11.15,75.93,,0.0,0.0,0.0,0.0,0.0,0.0,0.0,0.0,24.07,75.93,0.0,0.0
46,tropical,Virgo,11.12,80.37,,0.0,0.0,0.0,0.0,0.0,0.0,0.0,0.0,19.63,80.37,0.0,0.0
46,sidereal_lahiri,Virgo,11.1,81.11,,0.0,0.0,0.0,0.0,0.0,0.0,0.0,0.0,3.45,81.11,15.44,0.0
46,tropical,Libra,11.12,80.37,,0.0,0.0,0.0,0.0,0.0,0.0,0.0,0.0,0.0,80.37,19.63,0.0
46,sidereal_lahiri,Libra,11.18,60.25,,0.0,0.0,0.0,0.0,0.0,0.0,0.0,0.0,0.0,60.25,39.75,0.0
46,tropical,Scorpio,11.14,54.97,,0.0,0.0,0.0,0.0,0.0,0.0,0.0,0.0,0.0,54.97,45.03,0.0
46,sidereal_lahiri,Scorpio,10.47,32.29,,0.0,0.0,0.0,0.0,0.0,0.0,0.0,0.0,0.0,32.29,67.71,0.0
46,tropical,Sagittarius,10.15,26.96,,0.0,0.0,0.0,0.0,0.0,0.0,0.0,0.0,0.0,26.96,73.04,0.0
46,sidereal_lahiri,Sagittarius,8.24,7.48,,0.0,0.0,0.0,0.0,0.0,0.0,0.0,0.0,0.0,7.48,92.52,0.0
46,tropical,Capricorn,7.73,4.42,,0.0,0.0,0.0,0.0,0.0,0.0,0.0,0.0,0.0,4.42,95.58,0.0
46,sidereal_lahiri,Capricorn,5.83,9.35,,0.0,0.0,0.0,0.0,0.0,0.0,0.0,0.0,0.0,9.35,90.65,0.0
46,tropical,Aquarius,5.47,16.79,,0.0,0.0,0.0,0.0,0.0,0.0,0.0,0.0,0.0,16.79,83.21,0.0
46,sidereal_lahiri,Aquarius,4.5,79.21,,0.0,0.0,0.0,0.0,0.0,0.0,0.0,0.0,0.0,79.21,20.79,0.0
46,tropical,Pisces,4.38,100.0,,0.0,0.0,0.0,0.0,0.0,0.0,0.0,0.0,0.0,100.0,0.0,0.0
46,sidereal_lahiri,Pisces,4.31,100.0,,0.0,0.0,0.0,0.0,0.0,0.0,0.0,0.0,0.0,100.0,0.0,0.0
47,tropical,all,100.0,44.9,44.9,0.0,0.0,0.0,0.0,0.0,0.0,0.0,0.0,27.55,44.9,27.55,0.0
47,sidereal_lahiri,all,100.0,43.89,,0.0,0.0,0.0,0.0,0.0,0.0,0.0,0.1,27.91,43.89,28.11,0.0
47,tropical,Aries,4.26,100.0,,0.0,0.0,0.0,0.0,0.0,0.0,0.0,0.0,0.0,100.0,0.0,0.0
47,sidereal_lahiri,Aries,5.06,23.57,,0.0,0.0,0.0,0.0,0.0,0.0,0.0,0.0,76.43,23.57,0.0,0.0
47,tropical,Taurus,5.36,12.79,,0.0,0.0,0.0,0.0,0.0,0.0,0.0,0.0,87.21,12.79,0.0,0.0
47,sidereal_lahiri,Taurus,7.16,0.0,,0.0,0.0,0.0,0.0,0.0,0.0,0.0,0.0,100.0,0.0,0.0,0.0
47,tropical,Gemini,7.68,0.76,,0.0,0.0,0.0,0.0,0.0,0.0,0.0,0.0,99.24,0.76,0.0,0.0
47,sidereal_lahiri,Gemini,9.8,19.17,,0.0,0.0,0.0,0.0,0.0,0.0,0.0,0.99,79.84,19.17,0.0,0.0
47,tropical,Cancer,10.2,24.54,,0.0,0.0,0.0,0.0,0.0,0.0,0.0,0.0,75.46,24.54,0.0,0.0
47,sidereal_lahiri,Cancer,11.17,47.84,,0.0,0.0,0.0,0.0,0.0,0.0,0.0,0.0,52.16,47.84,0.0,0.0
47,tropical,Leo,11.25,53.34,,0.0,0.0,0.0,0.0,0.0,0.0,0.0,0.0,46.66,53.34,0.0,0.0
47,sidereal_lahiri,Leo,11.27,74.9,,0.0,0.0,0.0,0.0,0.0,0.0,0.0,0.0,25.1,74.9,0.0,0.0
47,tropical,Virgo,11.24,79.5,,0.0,0.0,0.0,0.0,0.0,0.0,0.0,0.0,20.5,79.5,0.0,0.0
47,sidereal_lahiri,Virgo,11.22,80.23,,0.0,0.0,0.0,0.0,0.0,0.0,0.0,0.0,3.64,80.23,16.13,0.0
47,tropical,Libra,11.24,79.5,,0.0,0.0,0.0,0.0,0.0,0.0,0.0,0.0,0.0,79.5,20.5,0.0
47,sidereal_lahiri,Libra,11.29,58.76,,0.0,0.0,0.0,0.0,0.0,0.0,0.0,0.0,0.0,58.76,41.24,0.0
47,tropical,Scorpio,11.25,53.34,,0.0,0.0,0.0,0.0,0.0,0.0,0.0,0.0,0.0,53.34,46.66,0.0
47,sidereal_lahiri,Scorpio,10.54,30.03,,0.0,0.0,0.0,0.0,0.0,0.0,0.0,0.0,0.0,30.03,69.97,0.0
47,tropical,Sagittarius,10.2,24.54,,0.0,0.0,0.0,0.0,0.0,0.0,0.0,0.0,0.0,24.54,75.46,0.0
47,sidereal_lahiri,Sagittarius,8.21,4.06,,0.0,0.0,0.0,0.0,0.0,0.0,0.0,0.0,0.0,4.06,95.94,0.0
47,tropical,Capricorn,7.68,0.76,,0.0,0.0,0.0,0.0,0.0,0.0,0.0,0.0,0.0,0.76,99.24,0.0
47,sidereal_lahiri,Capricorn,5.72,5.15,,0.0,0.0,0.0,0.0,0.0,0.0,0.0,0.0,0.0,5.15,94.85,0.0
47,tropical,Aquarius,5.36,12.79,,0.0,0.0,0.0,0.0,0.0,0.0,0.0,0.0,0.0,12.79,87.21,0.0
47,sidereal_lahiri,Aquarius,4.38,78.07,,0.0,0.0,0.0,0.0,0.0,0.0,0.0,0.0,0.0,78.07,21.93,0.0
47,tropical,Pisces,4.26,100.0,,0.0,0.0,0.0,0.0,0.0,0.0,0.0,0.0,0.0,100.0,0.0,0.0
47,sidereal_lahiri,Pisces,4.18,100.0,,0.0,0.0,0.0,0.0,0.0,0.0,0.0,0.0,0.0,100.0,0.0,0.0
48,tropical,all,100.0,43.3,43.3,0.0,0.0,0.0,0.0,0.0,0.0,0.0,0.24,28.11,43.3,28.11,0.24
48,sidereal_lahiri,all,100.0,42.06,,0.0,0.0,0.0,0.0,0.0,0.0,0.0,0.39,28.38,42.06,29.17,0.0
48,tropical,Aries,4.14,100.0,,0.0,0.0,0.0,0.0,0.0,0.0,0.0,0.0,0.0,100.0,0.0,0.0
48,sidereal_lahiri,Aries,4.93,19.59,,0.0,0.0,0.0,0.0,0.0,0.0,0.0,0.0,80.41,19.59,0.0,0.0
48,tropical,Taurus,5.24,8.42,,0.0,0.0,0.0,0.0,0.0,0.0,0.0,0.0,91.58,8.42,0.0,0.0
48,sidereal_lahiri,Taurus,7.09,0.0,,0.0,0.0,0.0,0.0,0.0,0.0,0.0,0.0,100.0,0.0,0.0,0.0
48,tropical,Gemini,7.62,0.0,,0.0,0.0,0.0,0.0,0.0,0.0,0.0,0.0,100.0,0.0,0.0,0.0
48,sidereal_lahiri,Gemini,9.83,16.42,,0.0,0.0,0.0,0.0,0.0,0.0,0.0,4.01,79.57,16.42,0.0,0.0
48,tropical,Cancer,10.25,22.03,,0.0,0.0,0.0,0.0,0.0,0.0,0.0,2.36,75.62,22.03,0.0,0.0
48,sidereal_lahiri,Cancer,11.29,46.03,,0.0,0.0,0.0,0.0,0.0,0.0,0.0,0.0,53.97,46.03,0.0,0.0
48,tropical,Leo,11.37,51.67,,0.0,0.0,0.0,0.0,0.0,0.0,0.0,0.0,48.33,51.67,0.0,0.0
48,sidereal_lahiri,Leo,11.39,73.86,,0.0,0.0,0.0,0.0,0.0,0.0,0.0,0.0,26.14,73.86,0.0,0.0
48,tropical,Virgo,11.37,78.6,,0.0,0.0,0.0,0.0,0.0,0.0,0.0,0.0,21.4,78.6,0.0,0.0
48,sidereal_lahiri,Virgo,11.35,79.32,,0.0,0.0,0.0,0.0,0.0,0.0,0.0,0.0,3.82,79.32,16.86,0.0
48,tropical,Libra,11.37,78.6,,0.0,0.0,0.0,0.0,0.0,0.0,0.0,0.0,0.0,78.6,21.4,0.0
48,sidereal_lahiri,Libra,11.41,57.24,,0.0,0.0,0.0,0.0,0.0,0.0,0.0,0.0,0.0,57.24,42.76,0.0
48,tropical,Scorpio,11.37,51.67,,0.0,0.0,0.0,0.0,0.0,0.0,0.0,0.0,0.0,51.67,48.33,0.0
48,sidereal_lahiri,Scorpio,10.61,27.72,,0.0,0.0,0.0,0.0,0.0,0.0,0.0,0.0,0.0,27.72,72.28,0.0
48,tropical,Sagittarius,10.25,22.03,,0.0,0.0,0.0,0.0,0.0,0.0,0.0,0.0,0.0,22.03,75.62,2.36
48,sidereal_lahiri,Sagittarius,8.18,0.44,,0.0,0.0,0.0,0.0,0.0,0.0,0.0,0.0,0.0,0.44,99.56,0.0
48,tropical,Capricorn,7.62,0.0,,0.0,0.0,0.0,0.0,0.0,0.0,0.0,0.0,0.0,0.0,100.0,0.0
48,sidereal_lahiri,Capricorn,5.61,0.59,,0.0,0.0,0.0,0.0,0.0,0.0,0.0,0.0,0.0,0.59,99.41,0.0
48,tropical,Aquarius,5.24,8.42,,0.0,0.0,0.0,0.0,0.0,0.0,0.0,0.0,0.0,8.42,91.58,0.0
48,sidereal_lahiri,Aquarius,4.26,76.83,,0.0,0.0,0.0,0.0,0.0,0.0,0.0,0.0,0.0,76.83,23.17,0.0
48,tropical,Pisces,4.14,100.0,,0.0,0.0,0.0,0.0,0.0,0.0,0.0,0.0,0.0,100.0,0.0,0.0
48,sidereal_lahiri,Pisces,4.05,100.0,,0.0,0.0,0.0,0.0,0.0,0.0,0.0,0.0,0.0,100.0,0.0,0.0
49,tropical,all,100.0,41.75,41.75,0.0,0.0,0.0,0.0,0.0,0.0,0.0,0.56,28.57,41.75,28.57,0.56
49,sidereal_lahiri,all,100.0,40.67,,0.0,0.0,0.0,0.0,0.0,0.0,0.0,0.71,28.86,40.67,29.24,0.52
49,tropical,Aries,4.0,100.0,,0.0,0.0,0.0,0.0,0.0,0.0,0.0,0.0,0.0,100.0,0.0,0.0
49,sidereal_lahiri,Aries,4.81,15.26,,0.0,0.0,0.0,0.0,0.0,0.0,0.0,0.0,84.74,15.26,0.0,0.0
49,tropical,Taurus,5.12,3.63,,0.0,0.0,0.0,0.0,0.0,0.0,0.0,0.0,96.37,3.63,0.0,0.0
49,sidereal_lahiri,Taurus,7.01,0.0,,0.0,0.0,0.0,0.0,0.0,0.0,0.0,0.0,100.0,0.0,0.0,0.0
49,tropical,Gemini,7.56,0.0,,0.0,0.0,0.0,0.0,0.0,0.0,0.0,0.0,100.0,0.0,0.0,0.0
49,sidereal_lahiri,Gemini,9.87,13.59,,0.0,0.0,0.0,0.0,0.0,0.0,0.0,7.15,79.26,13.59,0.0,0.0
49,tropical,Cancer,10.31,19.42,,0.0,0.0,0.0,0.0,0.0,0.0,0.0,5.41,75.17,19.42,0.0,0.0
49,sidereal_lahiri,Cancer,11.4,44.18,,0.0,0.0,0.0,0.0,0.0,0.0,0.0,0.0,55.82,44.18,0.0,0.0
49,tropical,Leo,11.49,49.98,,0.0,0.0,0.0,0.0,0.0,0.0,0.0,0.0,50.02,49.98,0.0,0.0
49,sidereal_lahiri,Leo,11.53,72.79,,0.0,0.0,0.0,0.0,0.0,0.0,0.0,0.0,27.21,72.79,0.0,0.0
49,tropical,Virgo,11.5,77.71,,0.0,0.0,0.0,0.0,0.0,0.0,0.0,0.0,22.29,77.71,0.0,0.0
49,sidereal_lahiri,Virgo,11.49,78.4,,0.0,0.0,0.0,0.0,0.0,0.0,0.0,0.0,3.99,78.4,17.61,0.0
49,tropical,Libra,11.5,77.71,,0.0,0.0,0.0,0.0,0.0,0.0,0.0,0.0,0.0,77.71,22.29,0.0
49,sidereal_lahiri,Libra,11.54,55.68,,0.0,0.0,0.0,0.0,0.0,0.0,0.0,0.0,0.0,55.68,44.32,0.0
49,tropical,Scorpio,11.49,49.98,,0.0,0.0,0.0,0.0,0.0,0.0,0.0,0.0,0.0,49.98,50.02,0.0
49,sidereal_lahiri,Scorpio,10.69,25.34,,0.0,0.0,0.0,0.0,0.0,0.0,0.0,0.0,0.0,25.34,72.09,2.57
49,tropical,Sagittarius,10.31,19.42,,0.0,0.0,0.0,0.0,0.0,0.0,0.0,0.0,0.0,19.42,75.17,5.41
49,sidereal_lahiri,Sagittarius,8.14,0.0,,0.0,0.0,0.0,0.0,0.0,0.0,0.0,0.0,0.0,0.0,97.03,2.97
49,tropical,Capricorn,7.56,0.0,,0.0,0.0,0.0,0.0,0.0,0.0,0.0,0.0,0.0,0.0,100.0,0.0
49,sidereal_lahiri,Capricorn,5.49,0.0,,0.0,0.0,0.0,0.0,0.0,0.0,0.0,0.0,0.0,0.0,100.0,0.0
49,tropical,Aquarius,5.12,3.63,,0.0,0.0,0.0,0.0,0.0,0.0,0.0,0.0,0.0,3.63,96.37,0.0
49,sidereal_lahiri,Aquarius,4.12,75.49,,0.0,0.0,0.0,0.0,0.0,0.0,0.0,0.0,0.0,75.49,24.51,0.0
49,tropical,Pisces,4.0,100.0,,0.0,0.0,0.0,0.0,0.0,0.0,0.0,0.0,0.0,100.0,0.0,0.0
49,sidereal_lahiri,Pisces,3.92,100.0,,0.0,0.0,0.0,0.0,0.0,0.0,0.0,0.0,0.0,100.0,0.0,0.0
50,tropical,all,100.0,40.29,40.29,0.0,0.0,0.0,0.0,0.0,0.0,0.0,0.97,28.88,40.29,28.88,0.97
50,sidereal_lahiri,all,100.0,39.3,,0.0,0.0,0.0,0.0,0.0,0.0,0.0,1.04,29.36,39.3,29.17,1.13
50,tropical,Aries,3.87,100.0,,0.0,0.0,0.0,0.0,0.0,0.0,0.0,0.0,0.0,100.0,0.0,0.0
50,sidereal_lahiri,Aries,4.67,10.46,,0.0,0.0,0.0,0.0,0.0,0.0,0.0,0.0,89.54,10.46,0.0,0.0
50,tropical,Taurus,4.99,0.0,,0.0,0.0,0.0,0.0,0.0,0.0,0.0,0.0,100.0,0.0,0.0,0.0
50,sidereal_lahiri,Taurus,6.92,0.0,,0.0,0.0,0.0,0.0,0.0,0.0,0.0,0.0,100.0,0.0,0.0,0.0
50,tropical,Gemini,7.5,0.0,,0.0,0.0,0.0,0.0,0.0,0.0,0.0,1.07,98.93,0.0,0.0,0.0
50,sidereal_lahiri,Gemini,9.91,10.62,,0.0,0.0,0.0,0.0,0.0,0.0,0.0,10.45,78.92,10.62,0.0,0.0
50,tropical,Cancer,10.38,16.73,,0.0,0.0,0.0,0.0,0.0,0.0,0.0,8.57,74.71,16.73,0.0,0.0
50,sidereal_lahiri,Cancer,11.53,42.28,,0.0,0.0,0.0,0.0,0.0,0.0,0.0,0.0,57.72,42.28,0.0,0.0
50,tropical,Leo,11.62,48.23,,0.0,0.0,0.0,0.0,0.0,0.0,0.0,0.0,51.77,48.23,0.0,0.0
50,sidereal_lahiri,Leo,11.66,71.71,,0.0,0.0,0.0,0.0,0.0,0.0,0.0,0.0,28.29,71.71,0.0,0.0
50,tropical,Virgo,11.64,76.78,,0.0,0.0,0.0,0.0,0.0,0.0,0.0,0.0,23.22,76.78,0.0,0.0
50,sidereal_lahiri,Virgo,11.62,77.49,,0.0,0.0,0.0,0.0,0.0,0.0,0.0,0.0,4.16,77.49,18.36,0.0
50,tropical,Libra,11.64,76.78,,0.0,0.0,0.0,0.0,0.0,0.0,0.0,0.0,0.0,76.78,23.22,0.0
50,sidereal_lahiri,Libra,11.67,54.09,,0.0,0.0,0.0,0.0,0.0,0.0,0.0,0.0,0.0,54.09,45.91,0.0
50,tropical,Scorpio,11.62,48.23,,0.0,0.0,0.0,0.0,0.0,0.0,0.0,0.0,0.0,48.23,51.77,0.0
50,sidereal_lahiri,Scorpio,10.77,22.87,,0.0,0.0,0.0,0.0,0.0,0.0,0.0,0.0,0.0,22.87,71.53,5.6
50,tropical,Sagittarius,10.38,16.73,,0.0,0.0,0.0,0.0,0.0,0.0,0.0,0.0,0.0,16.73,74.71,8.57
50,sidereal_lahiri,Sagittarius,8.1,0.0,,0.0,0.0,0.0,0.0,0.0,0.0,0.0,0.0,0.0,0.0,93.45,6.55
50,tropical,Capricorn,7.5,0.0,,0.0,0.0,0.0,0.0,0.0,0.0,0.0,0.0,0.0,0.0,98.93,1.07
50,sidereal_lahiri,Capricorn,5.37,0.0,,0.0,0.0,0.0,0.0,0.0,0.0,0.0,0.0,0.0,0.0,100.0,0.0
50,tropical,Aquarius,4.99,0.0,,0.0,0.0,0.0,0.0,0.0,0.0,0.0,0.0,0.0,0.0,100.0,0.0
50,sidereal_lahiri,Aquarius,3.99,74.01,,0.0,0.0,0.0,0.0,0.0,0.0,0.0,0.0,0.0,74.01,25.99,0.0
50,tropical,Pisces,3.87,100.0,,0.0,0.0,0.0,0.0,0.0,0.0,0.0,0.0,0.0,100.0,0.0,0.0
50,sidereal_lahiri,Pisces,3.79,100.0,,0.0,0.0,0.0,0.0,0.0,0.0,0.0,0.0,0.0,100.0,0.0,0.0
51,tropical,all,100.0,39.16,39.16,0.0,0.0,0.0,0.0,0.0,0.0,0.0,1.6,28.82,39.16,28.82,1.6
51,sidereal_lahiri,all,100.0,37.85,,0.0,0.0,0.0,0.0,0.0,0.0,0.0,1.38,29.89,37.85,29.09,1.78
51,tropical,Aries,3.72,100.0,,0.0,0.0,0.0,0.0,0.0,0.0,0.0,0.0,0.0,100.0,0.0,0.0
51,sidereal_lahiri,Aries,4.53,5.09,,0.0,0.0,0.0,0.0,0.0,0.0,0.0,0.0,94.91,5.09,0.0,0.0
51,tropical,Taurus,4.86,0.0,,0.0,0.0,0.0,0.0,0.0,0.0,0.0,0.0,100.0,0.0,0.0,0.0
51,sidereal_lahiri,Taurus,6.83,0.0,,0.0,0.0,0.0,0.0,0.0,0.0,0.0,0.0,100.0,0.0,0.0,0.0
51,tropical,Gemini,7.43,0.0,,0.0,0.0,0.0,0.0,0.0,0.0,0.0,4.86,95.14,0.0,0.0,0.0
51,sidereal_lahiri,Gemini,9.96,7.53,,0.0,0.0,0.0,0.0,0.0,0.0,0.0,13.9,78.57,7.53,0.0,0.0
51,tropical,Cancer,10.45,13.93,,0.0,0.0,0.0,0.0,0.0,0.0,0.0,11.86,74.21,13.93,0.0,0.0
51,sidereal_lahiri,Cancer,11.66,40.32,,0.0,0.0,0.0,0.0,0.0,0.0,0.0,0.0,59.68,40.32,0.0,0.0
51,tropical,Leo,11.76,46.46,,0.0,0.0,0.0,0.0,0.0,0.0,0.0,0.0,53.54,46.46,0.0,0.0
51,sidereal_lahiri,Leo,11.81,70.6,,0.0,0.0,0.0,0.0,0.0,0.0,0.0,0.0,29.4,70.6,0.0,0.0
51,tropical,Virgo,11.78,75.86,,0.0,0.0,0.0,0.0,0.0,0.0,0.0,0.0,24.14,75.86,0.0,0.0
51,sidereal_lahiri,Virgo,11.76,76.55,,0.0,0.0,0.0,0.0,0.0,0.0,0.0,0.0,4.34,76.55,19.1,0.0
51,tropical,Libra,11.78,75.86,,0.0,0.0,0.0,0.0,0.0,0.0,0.0,0.0,0.0,75.86,24.14,0.0
51,sidereal_lahiri,Libra,11.82,52.47,,0.0,0.0,0.0,0.0,0.0,0.0,0.0,0.0,0.0,52.47,47.53,0.0
51,tropical,Scorpio,11.76,46.46,,0.0,0.0,0.0,0.0,0.0,0.0,0.0,0.0,0.0,46.46,53.54,0.0
51,sidereal_lahiri,Scorpio,10.86,20.31,,0.0,0.0,0.0,0.0,0.0,0.0,0.0,0.0,0.0,20.31,70.95,8.75
51,tropical,Sagittarius,10.45,13.93,,0.0,0.0,0.0,0.0,0.0,0.0,0.0,0.0,0.0,13.93,74.21,11.86
51,sidereal_lahiri,Sagittarius,8.06,0.0,,0.0,0.0,0.0,0.0,0.0,0.0,0.0,0.0,0.0,0.0,89.66,10.34
51,tropical,Capricorn,7.43,0.0,,0.0,0.0,0.0,0.0,0.0,0.0,0.0,0.0,0.0,0.0,95.14,4.86
51,sidereal_lahiri,Capricorn,5.24,0.0,,0.0,0.0,0.0,0.0,0.0,0.0,0.0,0.0,0.0,0.0,100.0,0.0
51,tropical,Aquarius,4.86,0.0,,0.0,0.0,0.0,0.0,0.0,0.0,0.0,0.0,0.0,0.0,100.0,0.0
51,sidereal_lahiri,Aquarius,3.84,72.31,,0.0,0.0,0.0,0.0,0.0,0.0,0.0,0.0,0.0,72.31,27.69,0.0
51,tropical,Pisces,3.72,100.0,,0.0,0.0,0.0,0.0,0.0,0.0,0.0,0.0,0.0,100.0,0.0,0.0
51,sidereal_lahiri,Pisces,3.64,100.0,,0.0,0.0,0.0,0.0,0.0,0.0,0.0,0.0,0.0,100.0,0.0,0.0
52,tropical,all,100.0,37.96,37.96,0.0,0.0,0.0,0.0,0.0,0.0,0.0,2.27,28.75,37.96,28.75,2.27
52,sidereal_lahiri,all,100.0,36.37,,0.0,0.0,0.0,0.0,0.0,0.0,0.0,1.79,30.37,36.37,29.01,2.47
52,tropical,Aries,3.57,100.0,,0.0,0.0,0.0,0.0,0.0,0.0,0.0,0.0,0.0,100.0,0.0,0.0
52,sidereal_lahiri,Aries,4.38,0.0,,0.0,0.0,0.0,0.0,0.0,0.0,0.0,0.0,100.0,0.0,0.0,0.0
52,tropical,Taurus,4.71,0.0,,0.0,0.0,0.0,0.0,0.0,0.0,0.0,0.0,100.0,0.0,0.0,0.0
52,sidereal_lahiri,Taurus,6.74,0.0,,0.0,0.0,0.0,0.0,0.0,0.0,0.0,0.58,99.42,0.0,0.0,0.0
52,tropical,Gemini,7.36,0.0,,0.0,0.0,0.0,0.0,0.0,0.0,0.0,8.95,91.05,0.0,0.0,0.0
52,sidereal_lahiri,Gemini,10.0,4.3,,0.0,0.0,0.0,0.0,0.0,0.0,0.0,17.5,78.2,4.3,0.0,0.0
52,tropical,Cancer,10.52,11.01,,0.0,0.0,0.0,0.0,0.0,0.0,0.0,15.29,73.7,11.01,0.0,0.0
52,sidereal_lahiri,Cancer,11.8,38.33,,0.0,0.0,0.0,0.0,0.0,0.0,0.0,0.0,61.67,38.33,0.0,0.0
52,tropical,Leo,11.91,44.61,,0.0,0.0,0.0,0.0,0.0,0.0,0.0,0.0,55.39,44.61,0.0,0.0
52,sidereal_lahiri,Leo,11.96,69.47,,0.0,0.0,0.0,0.0,0.0,0.0,0.0,0.0,30.53,69.47,0.0,0.0
52,tropical,Virgo,11.94,74.89,,0.0,0.0,0.0,0.0,0.0,0.0,0.0,0.0,25.11,74.89,0.0,0.0
52,sidereal_lahiri,Virgo,11.92,75.57,,0.0,0.0,0.0,0.0,0.0,0.0,0.0,0.0,4.55,75.57,19.88,0.0
52,tropical,Libra,11.94,74.89,,0.0,0.0,0.0,0.0,0.0,0.0,0.0,0.0,0.0,74.89,25.11,0.0
52,sidereal_lahiri,Libra,11.96,50.8,,0.0,0.0,0.0,0.0,0.0,0.0,0.0,0.0,0.0,50.8,49.2,0.0
52,tropical,Scorpio,11.91,44.61,,0.0,0.0,0.0,0.0,0.0,0.0,0.0,0.0,0.0,44.61,55.39,0.0
52,sidereal_lahiri,Scorpio,10.96,17.66,,0.0,0.0,0.0,0.0,0.0,0.0,0.0,0.0,0.0,17.66,70.3,12.04
52,tropical,Sagittarius,10.52,11.01,,0.0,0.0,0.0,0.0,0.0,0.0,0.0,0.0,0.0,11.01,73.7,15.29
52,sidereal_lahiri,Sagittarius,8.01,0.0,,0.0,0.0,0.0,0.0,0.0,0.0,0.0,0.0,0.0,0.0,85.6,14.4
52,tropical,Capricorn,7.36,0.0,,0.0,0.0,0.0,0.0,0.0,0.0,0.0,0.0,0.0,0.0,91.05,8.95
52,sidereal_lahiri,Capricorn,5.1,0.0,,0.0,0.0,0.0,0.0,0.0,0.0,0.0,0.0,0.0,0.0,100.0,0.0
52,tropical,Aquarius,4.71,0.0,,0.0,0.0,0.0,0.0,0.0,0.0,0.0,0.0,0.0,0.0,100.0,0.0
52,sidereal_lahiri,Aquarius,3.69,70.35,,0.0,0.0,0.0,0.0,0.0,0.0,0.0,0.0,0.0,70.35,29.65,0.0
52,tropical,Pisces,3.57,100.0,,0.0,0.0,0.0,0.0,0.0,0.0,0.0,0.0,0.0,100.0,0.0,0.0
52,sidereal_lahiri,Pisces,3.49,100.0,,0.0,0.0,0.0,0.0,0.0,0.0,0.0,0.0,0.0,100.0,0.0,0.0
53,tropical,all,100.0,36.71,36.71,0.0,0.0,0.0,0.0,0.0,0.0,0.0,2.98,28.67,36.71,28.67,2.98
53,sidereal_lahiri,all,100.0,35.05,,0.0,0.0,0.0,0.0,0.0,0.0,0.0,2.46,30.38,35.05,28.91,3.2
53,tropical,Aries,3.41,100.0,,0.0,0.0,0.0,0.0,0.0,0.0,0.0,0.0,0.0,100.0,0.0,0.0
53,sidereal_lahiri,Aries,4.22,0.0,,0.0,0.0,0.0,0.0,0.0,0.0,0.0,0.0,100.0,0.0,0.0,0.0
53,tropical,Taurus,4.55,0.0,,0.0,0.0,0.0,0.0,0.0,0.0,0.0,0.0,100.0,0.0,0.0,0.0
53,sidereal_lahiri,Taurus,6.63,0.0,,0.0,0.0,0.0,0.0,0.0,0.0,0.0,4.9,95.1,0.0,0.0,0.0
53,tropical,Gemini,7.28,0.0,,0.0,0.0,0.0,0.0,0.0,0.0,0.0,13.36,86.64,0.0,0.0,0.0
53,sidereal_lahiri,Gemini,10.05,0.91,,0.0,0.0,0.0,0.0,0.0,0.0,0.0,21.28,77.81,0.91,0.0,0.0
53,tropical,Cancer,10.6,7.97,,0.0,0.0,0.0,0.0,0.0,0.0,0.0,18.89,73.14,7.97,0.0,0.0
53,sidereal_lahiri,Cancer,11.95,36.27,,0.0,0.0,0.0,0.0,0.0,0.0,0.0,0.0,63.73,36.27,0.0,0.0
53,tropical,Leo,12.06,42.74,,0.0,0.0,0.0,0.0,0.0,0.0,0.0,0.0,57.26,42.74,0.0,0.0
53,sidereal_lahiri,Leo,12.11,68.31,,0.0,0.0,0.0,0.0,0.0,0.0,0.0,0.0,31.69,68.31,0.0,0.0
53,tropical,Virgo,12.09,73.93,,0.0,0.0,0.0,0.0,0.0,0.0,0.0,0.0,26.07,73.93,0.0,0.0
53,sidereal_lahiri,Virgo,12.07,74.58,,0.0,0.0,0.0,0.0,0.0,0.0,0.0,0.0,4.74,74.58,20.68,0.0
53,tropical,Libra,12.09,73.93,,0.0,0.0,0.0,0.0,0.0,0.0,0.0,0.0,0.0,73.93,26.07,0.0
53,sidereal_lahiri,Libra,12.12,49.08,,0.0,0.0,0.0,0.0,0.0,0.0,0.0,0.0,0.0,49.08,50.92,0.0
53,tropical,Scorpio,12.06,42.74,,0.0,0.0,0.0,0.0,0.0,0.0,0.0,0.0,0.0,42.74,57.26,0.0
53,sidereal_lahiri,Scorpio,11.06,14.91,,0.0,0.0,0.0,0.0,0.0,0.0,0.0,0.0,0.0,14.91,69.65,15.44
53,tropical,Sagittarius,10.6,7.97,,0.0,0.0,0.0,0.0,0.0,0.0,0.0,0.0,0.0,7.97,73.14,18.89
53,sidereal_lahiri,Sagittarius,7.96,0.0,,0.0,0.0,0.0,0.0,0.0,0.0,0.0,0.0,0.0,0.0,81.25,18.75
53,tropical,Capricorn,7.28,0.0,,0.0,0.0,0.0,0.0,0.0,0.0,0.0,0.0,0.0,0.0,86.64,13.36
53,sidereal_lahiri,Capricorn,4.95,0.0,,0.0,0.0,0.0,0.0,0.0,0.0,0.0,0.0,0.0,0.0,100.0,0.0
53,tropical,Aquarius,4.55,0.0,,0.0,0.0,0.0,0.0,0.0,0.0,0.0,0.0,0.0,0.0,100.0,0.0
53,sidereal_lahiri,Aquarius,3.53,68.21,,0.0,0.0,0.0,0.0,0.0,0.0,0.0,0.0,0.0,68.21,31.79,0.0
53,tropical,Pisces,3.41,100.0,,0.0,0.0,0.0,0.0,0.0,0.0,0.0,0.0,0.0,100.0,0.0,0.0
53,sidereal_lahiri,Pisces,3.34,100.0,,0.0,0.0,0.0,0.0,0.0,0.0,0.0,0.0,0.0,100.0,0.0,0.0
54,tropical,all,100.0,35.38,35.38,0.0,0.0,0.0,0.0,0.0,0.0,0.0,3.73,28.59,35.38,28.59,3.73
54,sidereal_lahiri,all,100.0,33.93,,0.0,0.0,0.0,0.0,0.0,0.0,0.0,3.45,29.85,33.93,28.8,3.98
54,tropical,Aries,3.25,100.0,,0.0,0.0,0.0,0.0,0.0,0.0,0.0,0.0,0.0,100.0,0.0,0.0
54,sidereal_lahiri,Aries,4.06,0.0,,0.0,0.0,0.0,0.0,0.0,0.0,0.0,0.0,100.0,0.0,0.0,0.0
54,tropical,Taurus,4.39,0.0,,0.0,0.0,0.0,0.0,0.0,0.0,0.0,0.0,100.0,0.0,0.0,0.0
54,sidereal_lahiri,Taurus,6.52,0.0,,0.0,0.0,0.0,0.0,0.0,0.0,0.0,9.59,90.41,0.0,0.0,0.0
54,tropical,Gemini,7.19,0.0,,0.0,0.0,0.0,0.0,0.0,0.0,0.0,18.12,81.88,0.0,0.0,0.0
54,sidereal_lahiri,Gemini,10.11,0.0,,0.0,0.0,0.0,0.0,0.0,0.0,0.0,25.28,74.72,0.0,0.0,0.0
54,tropical,Cancer,10.69,4.81,,0.0,0.0,0.0,0.0,0.0,0.0,0.0,22.66,72.53,4.81,0.0,0.0
54,sidereal_lahiri,Cancer,12.11,34.14,,0.0,0.0,0.0,0.0,0.0,0.0,0.0,2.23,63.64,34.14,0.0,0.0
54,tropical,Leo,12.23,40.8,,0.0,0.0,0.0,0.0,0.0,0.0,0.0,0.0,59.2,40.8,0.0,0.0
54,sidereal_lahiri,Leo,12.28,67.12,,0.0,0.0,0.0,0.0,0.0,0.0,0.0,0.0,32.88,67.12,0.0,0.0
54,tropical,Virgo,12.26,72.92,,0.0,0.0,0.0,0.0,0.0,0.0,0.0,0.0,27.08,72.92,0.0,0.0
54,sidereal_lahiri,Virgo,12.24,73.58,,0.0,0.0,0.0,0.0,0.0,0.0,0.0,0.0,4.93,73.58,21.49,0.0
54,tropical,Libra,12.26,72.92,,0.0,0.0,0.0,0.0,0.0,0.0,0.0,0.0,0.0,72.92,27.08,0.0
54,sidereal_lahiri,Libra,12.29,47.32,,0.0,0.0,0.0,0.0,0.0,0.0,0.0,0.0,0.0,47.32,52.68,0.0
54,tropical,Scorpio,12.23,40.8,,0.0,0.0,0.0,0.0,0.0,0.0,0.0,0.0,0.0,40.8,59.2,0.0
54,sidereal_lahiri,Scorpio,11.18,12.05,,0.0,0.0,0.0,0.0,0.0,0.0,0.0,0.0,0.0,12.05,68.94,19.01
54,tropical,Sagittarius,10.69,4.81,,0.0,0.0,0.0,0.0,0.0,0.0,0.0,0.0,0.0,4.81,72.53,22.66
54,sidereal_lahiri,Sagittarius,7.9,0.0,,0.0,0.0,0.0,0.0,0.0,0.0,0.0,0.0,0.0,0.0,76.57,23.43
54,tropical,Capricorn,7.19,0.0,,0.0,0.0,0.0,0.0,0.0,0.0,0.0,0.0,0.0,0.0,81.88,18.12
54,sidereal_lahiri,Capricorn,4.79,0.0,,0.0,0.0,0.0,0.0,0.0,0.0,0.0,0.0,0.0,0.0,100.0,0.0
54,tropical,Aquarius,4.39,0.0,,0.0,0.0,0.0,0.0,0.0,0.0,0.0,0.0,0.0,0.0,100.0,0.0
54,sidereal_lahiri,Aquarius,3.37,65.68,,0.0,0.0,0.0,0.0,0.0,0.0,0.0,0.0,0.0,65.68,34.32,0.0
54,tropical,Pisces,3.25,100.0,,0.0,0.0,0.0,0.0,0.0,0.0,0.0,0.0,0.0,100.0,0.0,0.0
54,sidereal_lahiri,Pisces,3.17,100.0,,0.0,0.0,0.0,0.0,0.0,0.0,0.0,0.0,0.0,100.0,0.0,0.0
55,tropical,all,100.0,33.97,33.97,0.0,0.0,0.0,0.0,0.0,0.0,0.0,4.53,28.49,33.97,28.49,4.53
55,sidereal_lahiri,all,100.0,32.84,,0.0,0.0,0.0,0.0,0.0,0.0,0.0,4.6,29.08,32.84,28.67,4.81
55,tropical,Aries,3.07,100.0,,0.0,0.0,0.0,0.0,0.0,0.0,0.0,0.0,0.0,100.0,0.0,0.0
55,sidereal_lahiri,Aries,3.88,0.0,,0.0,0.0,0.0,0.0,0.0,0.0,0.0,0.0,100.0,0.0,0.0,0.0
55,tropical,Taurus,4.21,0.0,,0.0,0.0,0.0,0.0,0.0,0.0,0.0,0.0,100.0,0.0,0.0,0.0
55,sidereal_lahiri,Taurus,6.39,0.0,,0.0,0.0,0.0,0.0,0.0,0.0,0.0,14.82,85.18,0.0,0.0,0.0
55,tropical,Gemini,7.09,0.0,,0.0,0.0,0.0,0.0,0.0,0.0,0.0,23.35,76.65,0.0,0.0,0.0
55,sidereal_lahiri,Gemini,10.17,0.0,,0.0,0.0,0.0,0.0,0.0,0.0,0.0,29.52,70.48,0.0,0.0,0.0
55,tropical,Cancer,10.79,1.49,,0.0,0.0,0.0,0.0,0.0,0.0,0.0,26.63,71.88,1.49,0.0,0.0
55,sidereal_lahiri,Cancer,12.28,31.95,,0.0,0.0,0.0,0.0,0.0,0.0,0.0,5.31,62.73,31.95,0.0,0.0
55,tropical,Leo,12.41,38.8,,0.0,0.0,0.0,0.0,0.0,0.0,0.0,0.0,61.2,38.8,0.0,0.0
55,sidereal_lahiri,Leo,12.46,65.91,,0.0,0.0,0.0,0.0,0.0,0.0,0.0,0.0,34.09,65.91,0.0,0.0
55,tropical,Virgo,12.43,71.89,,0.0,0.0,0.0,0.0,0.0,0.0,0.0,0.0,28.11,71.89,0.0,0.0
55,sidereal_lahiri,Virgo,12.41,72.56,,0.0,0.0,0.0,0.0,0.0,0.0,0.0,0.0,5.13,72.56,22.31,0.0
55,tropical,Libra,12.43,71.89,,0.0,0.0,0.0,0.0,0.0,0.0,0.0,0.0,0.0,71.89,28.11,0.0
55,sidereal_lahiri,Libra,12.47,45.52,,0.0,0.0,0.0,0.0,0.0,0.0,0.0,0.0,0.0,45.52,54.48,0.0
55,tropical,Scorpio,12.41,38.8,,0.0,0.0,0.0,0.0,0.0,0.0,0.0,0.0,0.0,38.8,61.2,0.0
55,sidereal_lahiri,Scorpio,11.31,9.09,,0.0,0.0,0.0,0.0,0.0,0.0,0.0,0.0,0.0,9.09,68.16,22.75
55,tropical,Sagittarius,10.79,1.49,,0.0,0.0,0.0,0.0,0.0,0.0,0.0,0.0,0.0,1.49,71.88,26.63
55,sidereal_lahiri,Sagittarius,7.83,0.0,,0.0,0.0,0.0,0.0,0.0,0.0,0.0,0.0,0.0,0.0,71.49,28.51
55,tropical,Capricorn,7.09,0.0,,0.0,0.0,0.0,0.0,0.0,0.0,0.0,0.0,0.0,0.0,76.65,23.35
55,sidereal_lahiri,Capricorn,4.61,0.0,,0.0,0.0,0.0,0.0,0.0,0.0,0.0,0.0,0.0,0.0,100.0,0.0
55,tropical,Aquarius,4.21,0.0,,0.0,0.0,0.0,0.0,0.0,0.0,0.0,0.0,0.0,0.0,100.0,0.0
55,sidereal_lahiri,Aquarius,3.19,62.75,,0.0,0.0,0.0,0.0,0.0,0.0,0.0,0.0,0.0,62.75,37.25,0.0
55,tropical,Pisces,3.07,100.0,,0.0,0.0,0.0,0.0,0.0,0.0,0.0,0.0,0.0,100.0,0.0,0.0
55,sidereal_lahiri,Pisces,2.99,100.0,,0.0,0.0,0.0,0.0,0.0,0.0,0.0,0.0,0.0,100.0,0.0,0.0
56,tropical,all,100.0,32.92,32.92,0.0,0.0,0.0,0.0,0.0,0.0,0.0,5.61,27.94,32.92,27.94,5.61
56,sidereal_lahiri,all,100.0,31.7,,0.0,0.0,0.0,0.0,0.0,0.0,0.0,5.83,28.26,31.7,28.52,5.69
56,tropical,Aries,2.89,100.0,,0.0,0.0,0.0,0.0,0.0,0.0,0.0,0.0,0.0,100.0,0.0,0.0
56,sidereal_lahiri,Aries,3.68,0.0,,0.0,0.0,0.0,0.0,0.0,0.0,0.0,0.0,100.0,0.0,0.0,0.0
56,tropical,Taurus,4.02,0.0,,0.0,0.0,0.0,0.0,0.0,0.0,0.0,0.0,100.0,0.0,0.0,0.0
56,sidereal_lahiri,Taurus,6.25,0.0,,0.0,0.0,0.0,0.0,0.0,0.0,0.0,20.57,79.43,0.0,0.0,0.0
56,tropical,Gemini,6.98,0.0,,0.0,0.0,0.0,0.0,0.0,0.0,0.0,29.12,70.88,0.0,0.0,0.0
56,sidereal_lahiri,Gemini,10.24,0.0,,0.0,0.0,0.0,0.0,0.0,0.0,0.0,33.98,66.02,0.0,0.0,0.0
56,tropical,Cancer,10.9,0.0,,0.0,0.0,0.0,0.0,0.0,0.0,0.0,30.82,69.18,0.0,0.0,0.0
56,sidereal_lahiri,Cancer,12.47,29.69,,0.0,0.0,0.0,0.0,0.0,0.0,0.0,8.51,61.8,29.69,0.0,0.0
56,tropical,Leo,12.6,36.76,,0.0,0.0,0.0,0.0,0.0,0.0,0.0,1.7,61.54,36.76,0.0,0.0
56,sidereal_lahiri,Leo,12.65,64.66,,0.0,0.0,0.0,0.0,0.0,0.0,0.0,0.0,35.34,64.66,0.0,0.0
56,tropical,Virgo,12.62,70.85,,0.0,0.0,0.0,0.0,0.0,0.0,0.0,0.0,29.15,70.85,0.0,0.0
56,sidereal_lahiri,Virgo,12.59,71.52,,0.0,0.0,0.0,0.0,0.0,0.0,0.0,0.0,5.32,71.52,23.16,0.0
56,tropical,Libra,12.62,70.85,,0.0,0.0,0.0,0.0,0.0,0.0,0.0,0.0,0.0,70.85,29.15,0.0
56,sidereal_lahiri,Libra,12.66,43.67,,0.0,0.0,0.0,0.0,0.0,0.0,0.0,0.0,0.0,43.67,56.33,0.0
56,tropical,Scorpio,12.6,36.76,,0.0,0.0,0.0,0.0,0.0,0.0,0.0,0.0,0.0,36.76,61.54,1.7
56,sidereal_lahiri,Scorpio,11.44,6.02,,0.0,0.0,0.0,0.0,0.0,0.0,0.0,0.0,0.0,6.02,67.33,26.65
56,tropical,Sagittarius,10.9,0.0,,0.0,0.0,0.0,0.0,0.0,0.0,0.0,0.0,0.0,0.0,69.18,30.82
56,sidereal_lahiri,Sagittarius,7.77,0.0,,0.0,0.0,0.0,0.0,0.0,0.0,0.0,0.0,0.0,0.0,65.95,34.05
56,tropical,Capricorn,6.98,0.0,,0.0,0.0,0.0,0.0,0.0,0.0,0.0,0.0,0.0,0.0,70.88,29.12
56,sidereal_lahiri,Capricorn,4.42,0.0,,0.0,0.0,0.0,0.0,0.0,0.0,0.0,0.0,0.0,0.0,100.0,0.0
56,tropical,Aquarius,4.02,0.0,,0.0,0.0,0.0,0.0,0.0,0.0,0.0,0.0,0.0,0.0,100.0,0.0
56,sidereal_lahiri,Aquarius,3.0,59.3,,0.0,0.0,0.0,0.0,0.0,0.0,0.0,0.0,0.0,59.3,40.7,0.0
56,tropical,Pisces,2.89,100.0,,0.0,0.0,0.0,0.0,0.0,0.0,0.0,0.0,0.0,100.0,0.0,0.0
56,sidereal_lahiri,Pisces,2.81,100.0,,0.0,0.0,0.0,0.0,0.0,0.0,0.0,0.0,0.0,100.0,0.0,0.0
57,tropical,all,100.0,32.14,32.14,0.0,0.0,0.0,0.0,0.0,0.0,0.0,6.93,27.0,32.14,27.0,6.93
57,sidereal_lahiri,all,100.0,30.49,,0.0,0.0,0.0,0.0,0.0,0.0,0.0,7.15,27.36,30.49,28.35,6.65
57,tropical,Aries,2.69,100.0,,0.0,0.0,0.0,0.0,0.0,0.0,0.0,0.0,0.0,100.0,0.0,0.0
57,sidereal_lahiri,Aries,3.48,0.0,,0.0,0.0,0.0,0.0,0.0,0.0,0.0,0.0,100.0,0.0,0.0,0.0
57,tropical,Taurus,3.81,0.0,,0.0,0.0,0.0,0.0,0.0,0.0,0.0,0.0,100.0,0.0,0.0,0.0
57,sidereal_lahiri,Taurus,6.1,0.0,,0.0,0.0,0.0,0.0,0.0,0.0,0.0,27.06,72.94,0.0,0.0,0.0
57,tropical,Gemini,6.86,0.0,,0.0,0.0,0.0,0.0,0.0,0.0,0.0,35.47,64.53,0.0,0.0,0.0
57,sidereal_lahiri,Gemini,10.32,0.0,,0.0,0.0,0.0,0.0,0.0,0.0,0.0,38.75,61.25,0.0,0.0,0.0
57,tropical,Cancer,11.02,0.0,,0.0,0.0,0.0,0.0,0.0,0.0,0.0,35.22,64.78,0.0,0.0,0.0
57,sidereal_lahiri,Cancer,12.68,27.37,,0.0,0.0,0.0,0.0,0.0,0.0,0.0,11.83,60.79,27.37,0.0,0.0
57,tropical,Leo,12.81,34.64,,0.0,0.0,0.0,0.0,0.0,0.0,0.0,4.82,60.54,34.64,0.0,0.0
57,sidereal_lahiri,Leo,12.84,63.39,,0.0,0.0,0.0,0.0,0.0,0.0,0.0,0.0,36.61,63.39,0.0,0.0
57,tropical,Virgo,12.81,69.77,,0.0,0.0,0.0,0.0,0.0,0.0,0.0,0.0,30.23,69.77,0.0,0.0
57,sidereal_lahiri,Virgo,12.78,70.45,,0.0,0.0,0.0,0.0,0.0,0.0,0.0,0.0,5.52,70.45,24.03,0.0
57,tropical,Libra,12.81,69.77,,0.0,0.0,0.0,0.0,0.0,0.0,0.0,0.0,0.0,69.77,30.23,0.0
57,sidereal_lahiri,Libra,12.87,41.76,,0.0,0.0,0.0,0.0,0.0,0.0,0.0,0.0,0.0,41.76,58.24,0.0
57,tropical,Scorpio,12.81,34.64,,0.0,0.0,0.0,0.0,0.0,0.0,0.0,0.0,0.0,34.64,60.54,4.82
57,sidereal_lahiri,Scorpio,11.6,2.8,,0.0,0.0,0.0,0.0,0.0,0.0,0.0,0.0,0.0,2.8,66.43,30.77
57,tropical,Sagittarius,11.02,0.0,,0.0,0.0,0.0,0.0,0.0,0.0,0.0,0.0,0.0,0.0,64.78,35.22
57,sidereal_lahiri,Sagittarius,7.69,0.0,,0.0,0.0,0.0,0.0,0.0,0.0,0.0,0.0,0.0,0.0,59.88,40.12
57,tropical,Capricorn,6.86,0.0,,0.0,0.0,0.0,0.0,0.0,0.0,0.0,0.0,0.0,0.0,64.53,35.47
57,sidereal_lahiri,Capricorn,4.22,0.0,,0.0,0.0,0.0,0.0,0.0,0.0,0.0,0.0,0.0,0.0,100.0,0.0
57,tropical,Aquarius,3.81,0.0,,0.0,0.0,0.0,0.0,0.0,0.0,0.0,0.0,0.0,0.0,100.0,0.0
57,sidereal_lahiri,Aquarius,2.81,55.15,,0.0,0.0,0.0,0.0,0.0,0.0,0.0,0.0,0.0,55.15,44.85,0.0
57,tropical,Pisces,2.69,100.0,,0.0,0.0,0.0,0.0,0.0,0.0,0.0,0.0,0.0,100.0,0.0,0.0
57,sidereal_lahiri,Pisces,2.62,100.0,,0.0,0.0,0.0,0.0,0.0,0.0,0.0,0.0,0.0,100.0,0.0,0.0
58,tropical,all,100.0,31.32,31.32,0.0,0.0,0.0,0.0,0.0,0.0,0.0,8.37,25.98,31.32,25.98,8.37
58,sidereal_lahiri,all,100.0,29.26,,0.0,0.0,0.0,0.0,0.0,0.0,0.0,8.57,26.39,29.26,28.04,7.75
58,tropical,Aries,2.49,100.0,,0.0,0.0,0.0,0.0,0.0,0.0,0.0,0.0,0.0,100.0,0.0,0.0
58,sidereal_lahiri,Aries,3.25,0.0,,0.0,0.0,0.0,0.0,0.0,0.0,0.0,0.0,100.0,0.0,0.0,0.0
58,tropical,Taurus,3.58,0.0,,0.0,0.0,0.0,0.0,0.0,0.0,0.0,0.0,100.0,0.0,0.0,0.0
58,sidereal_lahiri,Taurus,5.92,0.0,,0.0,0.0,0.0,0.0,0.0,0.0,0.0,34.41,65.59,0.0,0.0,0.0
58,tropical,Gemini,6.72,0.0,,0.0,0.0,0.0,0.0,0.0,0.0,0.0,42.63,57.37,0.0,0.0,0.0
58,sidereal_lahiri,Gemini,10.41,0.0,,0.0,0.0,0.0,0.0,0.0,0.0,0.0,43.81,56.19,0.0,0.0,0.0
58,tropical,Cancer,11.15,0.0,,0.0,0.0,0.0,0.0,0.0,0.0,0.0,39.9,60.1,0.0,0.0,0.0
58,sidereal_lahiri,Cancer,12.9,24.98,,0.0,0.0,0.0,0.0,0.0,0.0,0.0,15.29,59.73,24.98,0.0,0.0
58,tropical,Leo,13.03,32.46,,0.0,0.0,0.0,0.0,0.0,0.0,0.0,8.06,59.48,32.46,0.0,0.0
58,sidereal_lahiri,Leo,13.05,62.08,,0.0,0.0,0.0,0.0,0.0,0.0,0.0,0.0,37.92,62.08,0.0,0.0
58,tropical,Virgo,13.02,68.67,,0.0,0.0,0.0,0.0,0.0,0.0,0.0,0.0,31.33,68.67,0.0,0.0
58,sidereal_lahiri,Virgo,12.99,69.33,,0.0,0.0,0.0,0.0,0.0,0.0,0.0,0.0,5.73,69.33,24.94,0.0
58,tropical,Libra,13.02,68.67,,0.0,0.0,0.0,0.0,0.0,0.0,0.0,0.0,0.0,68.67,31.33,0.0
58,sidereal_lahiri,Libra,13.09,39.78,,0.0,0.0,0.0,0.0,0.0,0.0,0.0,0.0,0.0,39.78,59.74,0.49
58,tropical,Scorpio,13.03,32.46,,0.0,0.0,0.0,0.0,0.0,0.0,0.0,0.0,0.0,32.46,59.48,8.06
58,sidereal_lahiri,Scorpio,11.77,0.0,,0.0,0.0,0.0,0.0,0.0,0.0,0.0,0.0,0.0,0.0,64.91,35.09
58,tropical,Sagittarius,11.15,0.0,,0.0,0.0,0.0,0.0,0.0,0.0,0.0,0.0,0.0,0.0,60.1,39.9
58,sidereal_lahiri,Sagittarius,7.6,0.0,,0.0,0.0,0.0,0.0,0.0,0.0,0.0,0.0,0.0,0.0,53.2,46.8
58,tropical,Capricorn,6.72,0.0,,0.0,0.0,0.0,0.0,0.0,0.0,0.0,0.0,0.0,0.0,57.37,42.63
58,sidereal_lahiri,Capricorn,3.99,0.0,,0.0,0.0,0.0,0.0,0.0,0.0,0.0,0.0,0.0,0.0,100.0,0.0
58,tropical,Aquarius,3.58,0.0,,0.0,0.0,0.0,0.0,0.0,0.0,0.0,0.0,0.0,0.0,100.0,0.0
58,sidereal_lahiri,Aquarius,2.59,50.0,,0.0,0.0,0.0,0.0,0.0,0.0,0.0,0.0,0.0,50.0,50.0,0.0
58,tropical,Pisces,2.49,100.0,,0.0,0.0,0.0,0.0,0.0,0.0,0.0,0.0,0.0,100.0,0.0,0.0
58,sidereal_lahiri,Pisces,2.42,100.0,,0.0,0.0,0.0,0.0,0.0,0.0,0.0,0.0,0.0,100.0,0.0,0.0
59,tropical,all,100.0,30.44,30.44,0.0,0.0,0.0,0.0,0.0,0.0,0.0,9.93,24.86,30.44,24.86,9.93
59,sidereal_lahiri,all,100.0,28.29,,0.0,0.0,0.0,0.0,0.0,0.0,0.0,10.12,25.32,28.29,26.97,9.3
59,tropical,Aries,2.27,100.0,,0.0,0.0,0.0,0.0,0.0,0.0,0.0,0.0,0.0,100.0,0.0,0.0
59,sidereal_lahiri,Aries,3.01,0.0,,0.0,0.0,0.0,0.0,0.0,0.0,0.0,0.0,100.0,0.0,0.0,0.0
59,tropical,Taurus,3.34,0.0,,0.0,0.0,0.0,0.0,0.0,0.0,0.0,0.0,100.0,0.0,0.0,0.0
59,sidereal_lahiri,Taurus,5.72,0.0,,0.0,0.0,0.0,0.0,0.0,0.0,0.0,42.91,57.09,0.0,0.0,0.0
59,tropical,Gemini,6.57,0.0,,0.0,0.0,0.0,0.0,0.0,0.0,0.0,50.76,49.24,0.0,0.0,0.0
59,sidereal_lahiri,Gemini,10.52,0.0,,0.0,0.0,0.0,0.0,0.0,0.0,0.0,49.26,50.74,0.0,0.0,0.0
59,tropical,Cancer,11.31,0.0,,0.0,0.0,0.0,0.0,0.0,0.0,0.0,44.87,55.13,0.0,0.0,0.0
59,sidereal_lahiri,Cancer,13.15,22.5,,0.0,0.0,0.0,0.0,0.0,0.0,0.0,18.91,58.6,22.5,0.0,0.0
59,tropical,Leo,13.28,30.2,,0.0,0.0,0.0,0.0,0.0,0.0,0.0,11.42,58.38,30.2,0.0,0.0
59,sidereal_lahiri,Leo,13.28,60.72,,0.0,0.0,0.0,0.0,0.0,0.0,0.0,0.0,39.28,60.72,0.0,0.0
59,tropical,Virgo,13.24,67.53,,0.0,0.0,0.0,0.0,0.0,0.0,0.0,0.0,32.47,67.53,0.0,0.0
59,sidereal_lahiri,Virgo,13.21,68.2,,0.0,0.0,0.0,0.0,0.0,0.0,0.0,0.0,5.95,68.2,25.85,0.0
59,tropical,Libra,13.24,67.53,,0.0,0.0,0.0,0.0,0.0,0.0,0.0,0.0,0.0,67.53,32.47,0.0
59,sidereal_lahiri,Libra,13.34,37.74,,0.0,0.0,0.0,0.0,0.0,0.0,0.0,0.0,0.0,37.74,58.65,3.6
59,tropical,Scorpio,13.28,30.2,,0.0,0.0,0.0,0.0,0.0,0.0,0.0,0.0,0.0,30.2,58.38,11.42
59,sidereal_lahiri,Scorpio,11.97,0.0,,0.0,0.0,0.0,0.0,0.0,0.0,0.0,0.0,0.0,0.0,60.33,39.67
59,tropical,Sagittarius,11.31,0.0,,0.0,0.0,0.0,0.0,0.0,0.0,0.0,0.0,0.0,0.0,55.13,44.87
59,sidereal_lahiri,Sagittarius,7.49,0.0,,0.0,0.0,0.0,0.0,0.0,0.0,0.0,0.0,0.0,0.0,45.68,54.32
59,tropical,Capricorn,6.57,0.0,,0.0,0.0,0.0,0.0,0.0,0.0,0.0,0.0,0.0,0.0,49.24,50.76
59,sidereal_lahiri,Capricorn,3.74,0.0,,0.0,0.0,0.0,0.0,0.0,0.0,0.0,0.0,0.0,0.0,100.0,0.0
59,tropical,Aquarius,3.34,0.0,,0.0,0.0,0.0,0.0,0.0,0.0,0.0,0.0,0.0,0.0,100.0,0.0
59,sidereal_lahiri,Aquarius,2.37,43.56,,0.0,0.0,0.0,0.0,0.0,0.0,0.0,0.0,0.0,43.56,56.44,0.0
59,tropical,Pisces,2.27,100.0,,0.0,0.0,0.0,0.0,0.0,0.0,0.0,0.0,0.0,100.0,0.0,0.0
59,sidereal_lahiri,Pisces,2.2,100.0,,0.0,0.0,0.0,0.0,0.0,0.0,0.0,0.0,0.0,100.0,0.0,0.0
60,tropical,all,100.0,29.51,29.51,0.0,0.0,0.0,0.0,0.0,0.0,0.0,11.63,23.62,29.51,23.62,11.63
60,sidereal_lahiri,all,100.0,27.27,,0.0,0.0,0.0,0.0,0.0,0.0,0.0,11.81,24.14,27.27,25.79,10.99
60,tropical,Aries,2.04,100.0,,0.0,0.0,0.0,0.0,0.0,0.0,0.0,0.0,0.0,100.0,0.0,0.0
60,sidereal_lahiri,Aries,2.74,0.0,,0.0,0.0,0.0,0.0,0.0,0.0,0.0,0.0,100.0,0.0,0.0,0.0
60,tropical,Taurus,3.06,0.0,,0.0,0.0,0.0,0.0,0.0,0.0,0.0,0.0,100.0,0.0,0.0,0.0
60,sidereal_lahiri,Taurus,5.49,0.0,,0.0,0.0,0.0,0.0,0.0,0.0,0.0,52.91,47.09,0.0,0.0,0.0
60,tropical,Gemini,6.38,0.0,,0.0,0.0,0.0,0.0,0.0,0.0,0.0,60.17,39.83,0.0,0.0,0.0
60,sidereal_lahiri,Gemini,10.64,0.0,,0.0,0.0,0.0,0.0,0.0,0.0,0.0,55.09,44.91,0.0,0.0,0.0
60,tropical,Cancer,11.5,0.0,,0.0,0.0,0.0,0.0,0.0,0.0,0.0,50.16,49.84,0.0,0.0,0.0
60,sidereal_lahiri,Cancer,13.43,19.93,,0.0,0.0,0.0,0.0,0.0,0.0,0.0,22.68,57.4,19.93,0.0,0.0
60,tropical,Leo,13.55,27.87,,0.0,0.0,0.0,0.0,0.0,0.0,0.0,14.92,57.2,27.87,0.0,0.0
60,sidereal_lahiri,Leo,13.51,59.32,,0.0,0.0,0.0,0.0,0.0,0.0,0.0,0.0,40.68,59.32,0.0,0.0
60,tropical,Virgo,13.47,66.36,,0.0,0.0,0.0,0.0,0.0,0.0,0.0,0.0,33.64,66.36,0.0,0.0
60,sidereal_lahiri,Virgo,13.43,67.04,,0.0,0.0,0.0,0.0,0.0,0.0,0.0,0.0,6.18,67.04,26.78,0.0
60,tropical,Libra,13.47,66.36,,0.0,0.0,0.0,0.0,0.0,0.0,0.0,0.0,0.0,66.36,33.64,0.0
60,sidereal_lahiri,Libra,13.6,35.65,,0.0,0.0,0.0,0.0,0.0,0.0,0.0,0.0,0.0,35.65,57.5,6.84
60,tropical,Scorpio,13.55,27.87,,0.0,0.0,0.0,0.0,0.0,0.0,0.0,0.0,0.0,27.87,57.2,14.92
60,sidereal_lahiri,Scorpio,12.21,0.0,,0.0,0.0,0.0,0.0,0.0,0.0,0.0,0.0,0.0,0.0,55.51,44.49
60,tropical,Sagittarius,11.5,0.0,,0.0,0.0,0.0,0.0,0.0,0.0,0.0,0.0,0.0,0.0,49.84,50.16
60,sidereal_lahiri,Sagittarius,7.37,0.0,,0.0,0.0,0.0,0.0,0.0,0.0,0.0,0.0,0.0,0.0,37.2,62.8
60,tropical,Capricorn,6.38,0.0,,0.0,0.0,0.0,0.0,0.0,0.0,0.0,0.0,0.0,0.0,39.83,60.17
60,sidereal_lahiri,Capricorn,3.47,0.0,,0.0,0.0,0.0,0.0,0.0,0.0,0.0,0.0,0.0,0.0,100.0,0.0
60,tropical,Aquarius,3.06,0.0,,0.0,0.0,0.0,0.0,0.0,0.0,0.0,0.0,0.0,0.0,100.0,0.0
60,sidereal_lahiri,Aquarius,2.14,35.24,,0.0,0.0,0.0,0.0,0.0,0.0,0.0,0.0,0.0,35.24,64.76,0.0
60,tropical,Pisces,2.04,100.0,,0.0,0.0,0.0,0.0,0.0,0.0,0.0,0.0,0.0,100.0,0.0,0.0
60,sidereal_lahiri,Pisces,1.97,100.0,,0.0,0.0,0.0,0.0,0.0,0.0,0.0,0.0,0.0,100.0,0.0,0.0
61,tropical,all,100.0,28.51,28.51,0.0,0.0,0.0,0.0,0.0,0.0,0.0,13.51,22.24,28.51,22.24,13.51
61,sidereal_lahiri,all,100.0,26.18,,0.0,0.0,0.0,0.0,0.0,0.0,0.0,13.68,22.81,26.18,24.46,12.86
61,tropical,Aries,1.79,100.0,,0.0,0.0,0.0,0.0,0.0,0.0,0.0,0.0,0.0,100.0,0.0,0.0
61,sidereal_lahiri,Aries,2.45,0.0,,0.0,0.0,0.0,0.0,0.0,0.0,0.0,0.0,100.0,0.0,0.0,0.0
61,tropical,Taurus,2.76,0.0,,0.0,0.0,0.0,0.0,0.0,0.0,0.0,0.0,100.0,0.0,0.0,0.0
61,sidereal_lahiri,Taurus,5.22,0.0,,0.0,0.0,0.0,0.0,0.0,0.0,0.0,65.09,34.91,0.0,0.0,0.0
61,tropical,Gemini,6.16,0.0,,0.0,0.0,0.0,0.0,0.0,0.0,0.0,71.28,28.72,0.0,0.0,0.0
61,sidereal_lahiri,Gemini,10.79,0.0,,0.0,0.0,0.0,0.0,0.0,0.0,0.0,61.42,38.58,0.0,0.0,0.0
61,tropical,Cancer,11.72,0.0,,0.0,0.0,0.0,0.0,0.0,0.0,0.0,55.81,44.19,0.0,0.0,0.0
61,sidereal_lahiri,Cancer,13.74,17.27,,0.0,0.0,0.0,0.0,0.0,0.0,0.0,26.65,56.09,17.27,0.0,0.0
61,tropical,Leo,13.86,25.46,,0.0,0.0,0.0,0.0,0.0,0.0,0.0,18.58,55.95,25.46,0.0,0.0
61,sidereal_lahiri,Leo,13.77,57.89,,0.0,0.0,0.0,0.0,0.0,0.0,0.0,0.0,42.11,57.89,0.0,0.0
61,tropical,Virgo,13.72,65.15,,0.0,0.0,0.0,0.0,0.0,0.0,0.0,0.0,34.85,65.15,0.0,0.0
61,sidereal_lahiri,Virgo,13.68,65.84,,0.0,0.0,0.0,0.0,0.0,0.0,0.0,0.0,6.4,65.84,27.76,0.0
61,tropical,Libra,13.72,65.15,,0.0,0.0,0.0,0.0,0.0,0.0,0.0,0.0,0.0,65.15,34.85,0.0
61,sidereal_lahiri,Libra,13.89,33.47,,0.0,0.0,0.0,0.0,0.0,0.0,0.0,0.0,0.0,33.47,56.3,10.24
61,tropical,Scorpio,13.86,25.46,,0.0,0.0,0.0,0.0,0.0,0.0,0.0,0.0,0.0,25.46,55.95,18.58
61,sidereal_lahiri,Scorpio,12.48,0.0,,0.0,0.0,0.0,0.0,0.0,0.0,0.0,0.0,0.0,0.0,50.36,49.64
61,tropical,Sagittarius,11.72,0.0,,0.0,0.0,0.0,0.0,0.0,0.0,0.0,0.0,0.0,0.0,44.19,55.81
61,sidereal_lahiri,Sagittarius,7.22,0.0,,0.0,0.0,0.0,0.0,0.0,0.0,0.0,0.0,0.0,0.0,27.38,72.62
61,tropical,Capricorn,6.16,0.0,,0.0,0.0,0.0,0.0,0.0,0.0,0.0,0.0,0.0,0.0,28.72,71.28
61,sidereal_lahiri,Capricorn,3.15,0.0,,0.0,0.0,0.0,0.0,0.0,0.0,0.0,0.0,0.0,0.0,100.0,0.0
61,tropical,Aquarius,2.76,0.0,,0.0,0.0,0.0,0.0,0.0,0.0,0.0,0.0,0.0,0.0,100.0,0.0
61,sidereal_lahiri,Aquarius,1.88,23.96,,0.0,0.0,0.0,0.0,0.0,0.0,0.0,0.0,0.0,23.96,76.04,0.0
61,tropical,Pisces,1.79,100.0,,0.0,0.0,0.0,0.0,0.0,0.0,0.0,0.0,0.0,100.0,0.0,0.0
61,sidereal_lahiri,Pisces,1.73,100.0,,0.0,0.0,0.0,0.0,0.0,0.0,0.0,0.0,0.0,100.0,0.0,0.0
62,tropical,all,100.0,27.44,27.44,0.0,0.0,0.0,0.0,0.0,0.0,0.0,15.6,20.68,27.44,20.68,15.6
62,sidereal_lahiri,all,100.0,25.01,,0.0,0.0,0.0,0.0,0.0,0.0,0.0,15.76,21.32,25.01,22.97,14.94
62,tropical,Aries,1.52,100.0,,0.0,0.0,0.0,0.0,0.0,0.0,0.0,0.0,0.0,100.0,0.0,0.0
62,sidereal_lahiri,Aries,2.13,0.0,,0.0,0.0,0.0,0.0,0.0,0.0,0.0,0.0,100.0,0.0,0.0,0.0
62,tropical,Taurus,2.42,0.0,,0.0,0.0,0.0,0.0,0.0,0.0,0.0,0.0,100.0,0.0,0.0,0.0
62,sidereal_lahiri,Taurus,4.89,0.0,,0.0,0.0,0.0,0.0,0.0,0.0,0.0,80.4,19.6,0.0,0.0,0.0
62,tropical,Gemini,5.89,0.0,,0.0,0.0,0.0,0.0,0.0,0.0,0.0,84.91,15.09,0.0,0.0,0.0
62,sidereal_lahiri,Gemini,10.97,0.0,,0.0,0.0,0.0,0.0,0.0,0.0,0.0,68.27,31.73,0.0,0.0,0.0
62,tropical,Cancer,11.99,0.0,,0.0,0.0,0.0,0.0,0.0,0.0,0.0,61.89,38.11,0.0,0.0,0.0
62,sidereal_lahiri,Cancer,14.09,14.53,,0.0,0.0,0.0,0.0,0.0,0.0,0.0,30.8,54.67,14.53,0.0,0.0
62,tropical,Leo,14.2,22.97,,0.0,0.0,0.0,0.0,0.0,0.0,0.0,22.42,54.61,22.97,0.0,0.0
62,sidereal_lahiri,Leo,14.05,56.4,,0.0,0.0,0.0,0.0,0.0,0.0,0.0,0.0,43.6,56.4,0.0,0.0
62,tropical,Virgo,13.99,63.91,,0.0,0.0,0.0,0.0,0.0,0.0,0.0,0.0,36.09,63.91,0.0,0.0
62,sidereal_lahiri,Virgo,13.94,64.61,,0.0,0.0,0.0,0.0,0.0,0.0,0.0,0.0,6.64,64.61,28.76,0.0
62,tropical,Libra,13.99,63.91,,0.0,0.0,0.0,0.0,0.0,0.0,0.0,0.0,0.0,63.91,36.09,0.0
62,sidereal_lahiri,Libra,14.22,31.22,,0.0,0.0,0.0,0.0,0.0,0.0,0.0,0.0,0.0,31.22,55.02,13.76
62,tropical,Scorpio,14.2,22.97,,0.0,0.0,0.0,0.0,0.0,0.0,0.0,0.0,0.0,22.97,54.61,22.42
62,sidereal_lahiri,Scorpio,12.81,0.0,,0.0,0.0,0.0,0.0,0.0,0.0,0.0,0.0,0.0,0.0,44.89,55.11
62,tropical,Sagittarius,11.99,0.0,,0.0,0.0,0.0,0.0,0.0,0.0,0.0,0.0,0.0,0.0,38.11,61.89
62,sidereal_lahiri,Sagittarius,7.04,0.0,,0.0,0.0,0.0,0.0,0.0,0.0,0.0,0.0,0.0,0.0,15.82,84.18
62,tropical,Capricorn,5.89,0.0,,0.0,0.0,0.0,0.0,0.0,0.0,0.0,0.0,0.0,0.0,15.09,84.91
62,sidereal_lahiri,Capricorn,2.8,0.0,,0.0,0.0,0.0,0.0,0.0,0.0,0.0,0.0,0.0,0.0,100.0,0.0
62,tropical,Aquarius,2.42,0.0,,0.0,0.0,0.0,0.0,0.0,0.0,0.0,0.0,0.0,0.0,100.0,0.0
62,sidereal_lahiri,Aquarius,1.6,7.8,,0.0,0.0,0.0,0.0,0.0,0.0,0.0,0.0,0.0,7.8,92.2,0.0
62,tropical,Pisces,1.52,100.0,,0.0,0.0,0.0,0.0,0.0,0.0,0.0,0.0,0.0,100.0,0.0,0.0
62,sidereal_lahiri,Pisces,1.47,100.0,,0.0,0.0,0.0,0.0,0.0,0.0,0.0,0.0,0.0,100.0,0.0,0.0
63,tropical,all,100.0,26.29,26.29,0.13,0.0,0.0,0.0,0.0,0.0,0.13,17.71,19.01,26.29,19.01,17.71
63,sidereal_lahiri,all,100.0,23.97,,0.0,0.0,0.0,0.0,0.0,0.0,0.04,18.03,19.64,23.97,20.79,17.52
63,tropical,Aries,1.23,100.0,,0.0,0.0,0.0,0.0,0.0,0.0,0.0,0.0,0.0,100.0,0.0,0.0
63,sidereal_lahiri,Aries,1.77,0.0,,0.0,0.0,0.0,0.0,0.0,0.0,0.0,0.0,100.0,0.0,0.0,0.0
63,tropical,Taurus,2.03,0.0,,0.0,0.0,0.0,0.0,0.0,0.0,0.0,0.0,100.0,0.0,0.0,0.0
63,sidereal_lahiri,Taurus,4.47,0.0,,0.0,0.0,0.0,0.0,0.0,0.0,0.0,100.0,0.0,0.0,0.0,0.0
63,tropical,Gemini,5.54,0.0,,0.0,0.0,0.0,0.0,0.0,0.0,0.0,100.0,0.0,0.0,0.0,0.0
63,sidereal_lahiri,Gemini,11.21,0.0,,0.0,0.0,0.0,0.0,0.0,0.0,0.4,75.38,24.22,0.0,0.0,0.0
63,tropical,Cancer,12.34,0.0,,0.0,0.0,0.0,0.0,0.0,0.0,1.08,67.33,31.58,0.0,0.0,0.0
63,sidereal_lahiri,Cancer,14.51,11.7,,0.0,0.0,0.0,0.0,0.0,0.0,0.0,35.2,53.1,11.7,0.0,0.0
63,tropical,Leo,14.58,20.4,,0.0,0.0,0.0,0.0,0.0,0.0,0.0,26.44,53.16,20.4,0.0,0.0
63,sidereal_lahiri,Leo,14.34,54.86,,0.0,0.0,0.0,0.0,0.0,0.0,0.0,0.0,45.14,54.86,0.0,0.0
63,tropical,Virgo,14.27,62.63,,0.0,0.0,0.0,0.0,0.0,0.0,0.0,0.0,37.37,62.63,0.0,0.0
63,sidereal_lahiri,Virgo,14.22,63.33,,0.0,0.0,0.0,0.0,0.0,0.0,0.0,0.0,6.88,63.33,29.79,0.0
63,tropical,Libra,14.27,62.63,,0.0,0.0,0.0,0.0,0.0,0.0,0.0,0.0,0.0,62.63,37.37,0.0
63,sidereal_lahiri,Libra,14.58,28.89,,0.0,0.0,0.0,0.0,0.0,0.0,0.0,0.0,0.0,28.89,53.66,17.45
63,tropical,Scorpio,14.58,20.4,,0.0,0.0,0.0,0.0,0.0,0.0,0.0,0.0,0.0,20.4,53.16,26.44
63,sidereal_lahiri,Scorpio,13.22,0.0,,0.0,0.0,0.0,0.0,0.0,0.0,0.0,0.0,0.0,0.0,39.03,60.97
63,tropical,Sagittarius,12.34,0.0,,1.08,0.0,0.0,0.0,0.0,0.0,0.0,0.0,0.0,0.0,31.58,67.33
63,sidereal_lahiri,Sagittarius,6.8,0.0,,0.0,0.0,0.0,0.0,0.0,0.0,0.0,0.0,0.0,0.0,1.63,98.37
63,tropical,Capricorn,5.54,0.0,,0.0,0.0,0.0,0.0,0.0,0.0,0.0,0.0,0.0,0.0,0.0,100.0
63,sidereal_lahiri,Capricorn,2.38,0.0,,0.0,0.0,0.0,0.0,0.0,0.0,0.0,0.0,0.0,0.0,90.56,9.44
63,tropical,Aquarius,2.03,0.0,,0.0,0.0,0.0,0.0,0.0,0.0,0.0,0.0,0.0,0.0,100.0,0.0
63,sidereal_lahiri,Aquarius,1.31,0.0,,0.0,0.0,0.0,0.0,0.0,0.0,0.0,0.0,0.0,0.0,100.0,0.0
63,tropical,Pisces,1.23,100.0,,0.0,0.0,0.0,0.0,0.0,0.0,0.0,0.0,0.0,100.0,0.0,0.0
63,sidereal_lahiri,Pisces,1.19,100.0,,0.0,0.0,0.0,0.0,0.0,0.0,0.0,0.0,0.0,100.0,0.0,0.0
64,tropical,all,100.0,25.05,25.05,1.36,0.0,0.0,0.0,0.0,0.0,1.36,17.99,18.12,25.05,18.12,17.99
64,sidereal_lahiri,all,100.0,22.99,,1.09,0.0,0.0,0.0,0.0,0.0,1.24,18.35,18.8,22.99,19.08,18.45
64,tropical,Aries,0.92,100.0,,0.0,0.0,0.0,0.0,0.0,0.0,0.0,0.0,0.0,100.0,0.0,0.0
64,sidereal_lahiri,Aries,1.36,0.0,,0.0,0.0,0.0,0.0,0.0,0.0,0.0,0.0,100.0,0.0,0.0,0.0
64,tropical,Taurus,1.59,0.0,,0.0,0.0,0.0,0.0,0.0,0.0,0.0,0.0,100.0,0.0,0.0,0.0
64,sidereal_lahiri,Taurus,3.93,0.0,,0.0,0.0,0.0,0.0,0.0,0.0,0.0,100.0,0.0,0.0,0.0,0.0
64,tropical,Gemini,5.07,0.0,,0.0,0.0,0.0,0.0,0.0,0.0,0.0,100.0,0.0,0.0,0.0,0.0
64,sidereal_lahiri,Gemini,11.54,0.0,,0.0,0.0,0.0,0.0,0.0,0.0,10.79,73.22,15.99,0.0,0.0,0.0
64,tropical,Cancer,12.81,0.0,,0.0,0.0,0.0,0.0,0.0,0.0,10.65,64.85,24.5,0.0,0.0,0.0
64,sidereal_lahiri,Cancer,15.0,8.78,,0.0,0.0,0.0,0.0,0.0,0.0,0.0,39.85,51.37,8.78,0.0,0.0
64,tropical,Leo,15.03,17.72,,0.0,0.0,0.0,0.0,0.0,0.0,0.0,30.7,51.58,17.72,0.0,0.0
64,sidereal_lahiri,Leo,14.67,53.27,,0.0,0.0,0.0,0.0,0.0,0.0,0.0,0.0,46.73,53.27,0.0,0.0
64,tropical,Virgo,14.58,61.3,,0.0,0.0,0.0,0.0,0.0,0.0,0.0,0.0,38.7,61.3,0.0,0.0
64,sidereal_lahiri,Virgo,14.52,62.02,,0.0,0.0,0.0,0.0,0.0,0.0,0.0,0.0,7.12,62.02,30.86,0.0
64,tropical,Libra,14.58,61.3,,0.0,0.0,0.0,0.0,0.0,0.0,0.0,0.0,0.0,61.3,38.7,0.0
64,sidereal_lahiri,Libra,14.99,26.47,,0.0,0.0,0.0,0.0,0.0,0.0,0.0,0.0,0.0,26.47,52.2,21.33
64,tropical,Scorpio,15.03,17.72,,0.0,0.0,0.0,0.0,0.0,0.0,0.0,0.0,0.0,17.72,51.58,30.7
64,sidereal_lahiri,Scorpio,13.77,0.0,,7.91,0.0,0.0,0.0,0.0,0.0,0.0,0.0,0.0,0.0,32.74,59.35
64,tropical,Sagittarius,12.81,0.0,,10.65,0.0,0.0,0.0,0.0,0.0,0.0,0.0,0.0,0.0,24.5,64.85
64,sidereal_lahiri,Sagittarius,6.47,0.0,,0.0,0.0,0.0,0.0,0.0,0.0,0.0,0.0,0.0,0.0,0.0,100.0
64,tropical,Capricorn,5.07,0.0,,0.0,0.0,0.0,0.0,0.0,0.0,0.0,0.0,0.0,0.0,0.0,100.0
64,sidereal_lahiri,Capricorn,1.89,0.0,,0.0,0.0,0.0,0.0,0.0,0.0,0.0,0.0,0.0,0.0,67.99,32.01
64,tropical,Aquarius,1.59,0.0,,0.0,0.0,0.0,0.0,0.0,0.0,0.0,0.0,0.0,0.0,100.0,0.0
64,sidereal_lahiri,Aquarius,0.98,0.0,,0.0,0.0,0.0,0.0,0.0,0.0,0.0,0.0,0.0,0.0,100.0,0.0
64,tropical,Pisces,0.92,100.0,,0.0,0.0,0.0,0.0,0.0,0.0,0.0,0.0,0.0,100.0,0.0,0.0
64,sidereal_lahiri,Pisces,0.89,100.0,,0.0,0.0,0.0,0.0,0.0,0.0,0.0,0.0,0.0,100.0,0.0,0.0
65,tropical,all,100.0,23.71,23.71,2.94,0.0,0.0,0.0,0.0,0.0,2.94,18.14,17.07,23.71,17.07,18.14
65,sidereal_lahiri,all,100.0,21.93,,2.61,0.0,0.0,0.0,0.0,0.0,2.76,18.57,17.8,21.93,17.24,19.09
65,tropical,Aries,0.59,100.0,,0.0,0.0,0.0,0.0,0.0,0.0,0.0,0.0,0.0,100.0,0.0,0.0
65,sidereal_lahiri,Aries,0.89,0.0,,0.0,0.0,0.0,0.0,0.0,0.0,0.0,0.0,100.0,0.0,0.0,0.0
65,tropical,Taurus,1.06,0.0,,0.0,0.0,0.0,0.0,0.0,0.0,0.0,0.0,100.0,0.0,0.0,0.0
65,sidereal_lahiri,Taurus,3.14,0.0,,0.0,0.0,0.0,0.0,0.0,0.0,0.0,100.0,0.0,0.0,0.0,0.0
65,tropical,Gemini,4.36,0.0,,0.0,0.0,0.0,0.0,0.0,0.0,0.0,100.0,0.0,0.0,0.0,0.0
65,sidereal_lahiri,Gemini,12.04,0.0,,0.0,0.0,0.0,0.0,0.0,0.0,22.95,70.13,6.92,0.0,0.0,0.0
65,tropical,Cancer,13.52,0.0,,0.0,0.0,0.0,0.0,0.0,0.0,21.71,61.44,16.84,0.0,0.0,0.0
65,sidereal_lahiri,Cancer,15.6,5.79,,0.0,0.0,0.0,0.0,0.0,0.0,0.0,44.81,49.4,5.79,0.0,0.0
65,tropical,Leo,15.56,14.96,,0.0,0.0,0.0,0.0,0.0,0.0,0.0,35.2,49.84,14.96,0.0,0.0
65,sidereal_lahiri,Leo,15.02,51.61,,0.0,0.0,0.0,0.0,0.0,0.0,0.0,0.0,48.39,51.61,0.0,0.0
65,tropical,Virgo,14.92,59.91,,0.0,0.0,0.0,0.0,0.0,0.0,0.0,0.0,40.09,59.91,0.0,0.0
65,sidereal_lahiri,Virgo,14.84,60.67,,0.0,0.0,0.0,0.0,0.0,0.0,0.0,0.0,7.37,60.67,31.96,0.0
65,tropical,Libra,14.92,59.91,,0.0,0.0,0.0,0.0,0.0,0.0,0.0,0.0,0.0,59.91,40.09,0.0
65,sidereal_lahiri,Libra,15.45,23.96,,0.0,0.0,0.0,0.0,0.0,0.0,0.0,0.0,0.0,23.96,50.62,25.42
65,tropical,Scorpio,15.56,14.96,,0.0,0.0,0.0,0.0,0.0,0.0,0.0,0.0,0.0,14.96,49.84,35.2
65,sidereal_lahiri,Scorpio,14.56,0.0,,17.92,0.0,0.0,0.0,0.0,0.0,0.0,0.0,0.0,0.0,25.95,56.13
65,tropical,Sagittarius,13.52,0.0,,21.71,0.0,0.0,0.0,0.0,0.0,0.0,0.0,0.0,0.0,16.84,61.44
65,sidereal_lahiri,Sagittarius,5.96,0.0,,0.0,0.0,0.0,0.0,0.0,0.0,0.0,0.0,0.0,0.0,0.0,100.0
65,tropical,Capricorn,4.36,0.0,,0.0,0.0,0.0,0.0,0.0,0.0,0.0,0.0,0.0,0.0,0.0,100.0
65,sidereal_lahiri,Capricorn,1.3,0.0,,0.0,0.0,0.0,0.0,0.0,0.0,0.0,0.0,0.0,0.0,21.2,78.8
65,tropical,Aquarius,1.06,0.0,,0.0,0.0,0.0,0.0,0.0,0.0,0.0,0.0,0.0,0.0,100.0,0.0
65,sidereal_lahiri,Aquarius,0.62,0.0,,0.0,0.0,0.0,0.0,0.0,0.0,0.0,0.0,0.0,0.0,100.0,0.0
65,tropical,Pisces,0.59,100.0,,0.0,0.0,0.0,0.0,0.0,0.0,0.0,0.0,0.0,100.0,0.0,0.0
65,sidereal_lahiri,Pisces,0.56,100.0,,0.0,0.0,0.0,0.0,0.0,0.0,0.0,0.0,0.0,100.0,0.0,0.0
