planet,station_retrograde_utc,station_retrograde_lon_deg,station_retrograde_sign,station_direct_utc,station_direct_lon_deg,station_direct_sign,duration_days,arc_deg,cut_at_range_start,cut_at_range_end
Mercury,1900-03-15T13:22Z,9.1662,Aries,1900-04-07T18:51Z,356.5282,Pisces,23.228,12.638,0,0
Mercury,1900-07-18T12:54Z,135.2523,Leo,1900-08-11T15:10Z,123.8036,Leo,24.095,11.449,0,0
Mercury,1900-11-09T23:37Z,246.2871,Sagittarius,1900-11-29T21:34Z,230.1196,Scorpio,19.915,16.167,0,0
Mercury,1901-02-26T12:18Z,352.0997,Pisces,1901-03-21T02:30Z,338.1251,Pisces,22.592,13.975,0,0
Mercury,1901-06-30T02:52Z,115.999,Cancer,1901-07-24T08:17Z,105.9457,Cancer,24.225,10.053,0,0
Mercury,1901-10-24T12:10Z,230.4039,Scorpio,1901-11-13T19:42Z,214.4355,Scorpio,20.314,15.968,0,0
Mercury,1902-02-09T22:18Z,335.472,Pisces,1902-03-03T18:51Z,320.485,Aquarius,21.856,14.987,0,0
Mercury,1902-06-11T04:42Z,96.1424,Cancer,1902-07-05T06:26Z,87.1841,Gemini,24.072,8.958,0,0
Mercury,1902-10-07T20:00Z,214.3725,Scorpio,1902-10-28T18:06Z,198.7208,Libra,20.921,15.652,0,0
Mercury,1903-01-24T15:15Z,319.1585,Aquarius,1903-02-14T18:20Z,303.4923,Aquarius,21.129,15.666,0,0
Mercury,1903-05-22T19:39Z,76.0921,Gemini,1903-06-15T17:24Z,67.5411,Gemini,23.906,8.551,0,0
Mercury,1903-09-20T22:21Z,198.0637,Libra,1903-10-12T14:40Z,182.8973,Libra,21.679,15.166,0,0
Mercury,1904-01-08T11:56Z,303.0719,Aquarius,1904-01-28T23:48Z,287.006,Capricorn,20.495,16.066,0,0
Mercury,1904-05-02T09:34Z,56.405,Taurus,1904-05-26T05:57Z,47.3724,Taurus,23.849,9.033,0,0
Mercury,1904-09-02T18:37Z,181.3419,Libra,1904-09-25T06:46Z,166.8836,Virgo,22.506,14.458,0,0
Mercury,1904-12-22T09:50Z,287.1324,Capricorn,1905-01-11T10:25Z,270.8729,Capricorn,20.025,16.26,0,0
Mercury,1905-04-13T11:35Z,37.4502,Taurus,1905-05-07T05:35Z,27.2084,Aries,23.75,10.242,0,0
Mercury,1905-08-16T08:22Z,164.0614,Virgo,1905-09-08T15:01Z,150.5756,Virgo,23.277,13.486,0,0
Mercury,1905-12-06T06:57Z,271.2864,Capricorn,1905-12-26T01:35Z,254.9791,Sagittarius,19.776,16.307,0,0
Mercury,1906-03-26T08:03Z,19.3233,Aries,1906-04-18T19:32Z,7.5517,Aries,23.478,11.772,0,0
Mercury,1906-07-29T14:38Z,146.0582,Leo,1906-08-22T11:16Z,133.8095,Leo,23.86,12.249,0,0
Mercury,1906-11-20T01:40Z,255.4701,Sagittarius,1906-12-09T20:28Z,239.2219,Scorpio,19.784,16.248,0,0
Mercury,1907-03-08T22:19Z,1.9218,Aries,1907-03-31T21:51Z,348.6799,Pisces,22.981,13.242,0,0
Mercury,1907-07-11T11:17Z,127.2496,Leo,1907-08-04T15:18Z,116.4039,Cancer,24.168,10.846,0,0
Mercury,1907-11-03T16:40Z,239.6303,Scorpio,1907-11-23T17:56Z,223.5333,Scorpio,20.053,16.097,0,0
Mercury,1908-02-20T02:21Z,345.0618,Pisces,1908-03-13T09:32Z,330.6186,Pisces,22.299,14.443,0,0
Mercury,1908-06-21T19:46Z,107.6928,Cancer,1908-07-16T00:22Z,98.1666,Cancer,24.192,9.526,0,0
Mercury,1908-10-17T03:10Z,223.7002,Scorpio,1908-11-06T16:32Z,207.8538,Libra,20.557,15.846,0,0
Mercury,1909-02-02T15:51Z,328.5961,Aquarius,1909-02-24T04:54Z,313.284,Aquarius,21.544,15.312,0,0
Mercury,1909-06-02T16:03Z,87.6913,Gemini,1909-06-26T16:25Z,79.0111,Gemini,24.015,8.68,0,0
Mercury,1909-09-30T08:34Z,207.5685,Libra,1909-10-21T14:21Z,192.1045,Libra,21.241,15.464,0,0
Mercury,1910-01-17T10:53Z,312.3936,Aquarius,1910-02-07T06:52Z,296.5232,Capricorn,20.833,15.87,0,0
Mercury,1910-05-14T05:30Z,67.7387,Gemini,1910-06-07T01:50Z,59.0884,Taurus,23.847,8.65,0,0
Mercury,1910-09-13T08:36Z,191.1142,Libra,1910-10-05T09:16Z,176.2178,Virgo,22.027,14.896,0,0
Mercury,1911-01-01T08:26Z,296.3767,Capricorn,1911-01-21T14:44Z,280.2019,Capricorn,20.262,16.175,0,0
Mercury,1911-04-24T23:09Z,48.3302,Taurus,1911-05-18T18:36Z,38.8503,Taurus,23.811,9.48,0,0
Mercury,1911-08-27T02:25Z,174.1723,Virgo,1911-09-18T22:23Z,160.0903,Virgo,22.832,14.082,0,0
Mercury,1911-12-16T06:10Z,280.4834,Capricorn,1912-01-05T03:33Z,264.1898,Sagittarius,19.891,16.294,0,0
Mercury,1912-04-05T08:26Z,29.7465,Aries,1912-04-29T00:53Z,18.8719,Aries,23.686,10.875,0,0
Mercury,1912-08-08T12:58Z,156.5922,Virgo,1912-09-01T02:11Z,143.6029,Leo,23.551,12.989,0,0
Mercury,1912-11-29T02:15Z,264.6539,Sagittarius,1912-12-18T20:24Z,248.3661,Sagittarius,19.756,16.288,0,0
Mercury,1913-03-18T12:57Z,11.9559,Aries,1913-04-10T20:05Z,359.5371,Pisces,23.297,12.419,0,0
Mercury,1913-07-21T15:03Z,138.2566,Leo,1913-08-14T16:14Z,126.5982,Leo,24.049,11.658,0,0
Mercury,1913-11-12T19:28Z,248.8462,Sagittarius,1913-12-02T16:26Z,232.6547,Scorpio,19.873,16.191,0,0
Mercury,1914-03-01T09:48Z,354.8034,Pisces,1914-03-24T02:24Z,341.0078,Pisces,22.692,13.796,0,0
Mercury,1914-07-03T06:58Z,119.1181,Cancer,1914-07-27T12:10Z,108.8657,Cancer,24.216,10.252,0,0
Mercury,1914-10-27T08:47Z,232.9826,Scorpio,1914-11-16T14:27Z,216.9752,Scorpio,20.236,16.007,0,0
Mercury,1915-02-12T18:23Z,338.1224,Pisces,1915-03-06T17:41Z,323.266,Aquarius,21.971,14.856,0,0
Mercury,1915-06-14T10:38Z,99.3328,Cancer,1915-07-08T13:03Z,90.2452,Cancer,24.101,9.088,0,0
Mercury,1915-10-10T17:22Z,216.9769,Scorpio,1915-10-31T13:00Z,201.2692,Libra,20.818,15.708,0,0
Mercury,1916-01-27T10:28Z,321.7735,Aquarius,1916-02-17T16:11Z,306.1915,Aquarius,21.238,15.582,0,0
Mercury,1916-05-25T02:33Z,79.2753,Gemini,1916-06-18T01:02Z,70.7205,Gemini,23.937,8.555,0,0
Mercury,1916-09-22T20:27Z,200.72,Libra,1916-10-14T10:01Z,185.4712,Libra,21.565,15.249,0,0
Mercury,1917-01-10T06:49Z,305.6663,Aquarius,1917-01-30T20:43Z,289.6441,Capricorn,20.579,16.022,0,0
Mercury,1917-05-05T15:47Z,59.4964,Taurus,1917-05-29T12:11Z,50.5895,Taurus,23.85,8.907,0,0
Mercury,1917-09-05T17:37Z,184.0746,Libra,1917-09-28T02:56Z,169.4964,Virgo,22.388,14.578,0,0
Mercury,1917-12-25T04:44Z,289.709,Capricorn,1918-01-14T06:34Z,273.4652,Capricorn,20.076,16.244,0,0
Mercury,1918-04-16T15:28Z,40.4212,Taurus,1918-05-10T09:46Z,30.3893,Taurus,23.762,10.032,0,0
Mercury,1918-08-19T08:32Z,166.8937,Virgo,1918-09-11T12:30Z,153.2442,Virgo,23.165,13.65,0,0
Mercury,1918-12-09T02:05Z,273.8485,Capricorn,1918-12-28T21:10Z,257.5389,Sagittarius,19.795,16.31,0,0
Mercury,1919-03-29T09:01Z,22.1793,Aries,1919-04-21T21:57Z,10.6402,Aries,23.539,11.539,0,0
Mercury,1919-08-01T16:02Z,149.0006,Leo,1919-08-25T10:48Z,136.5524,Leo,23.782,12.448,0,0
Mercury,1919-11-22T21:13Z,258.0343,Sagittarius,1919-12-12T15:39Z,241.7731,Sagittarius,19.768,16.261,0,0
Mercury,1920-03-10T20:51Z,4.687,Aries,1920-04-02T22:39Z,351.6518,Pisces,23.075,13.035,0,0
Mercury,1920-07-13T14:05Z,130.3035,Leo,1920-08-06T17:37Z,119.247,Cancer,24.147,11.056,0,0
Mercury,1920-11-05T12:47Z,242.2056,Sagittarius,1920-11-25T12:50Z,226.0831,Scorpio,20.002,16.123,0,0
Mercury,1921-02-21T23:12Z,347.7575,Pisces,1921-03-16T08:55Z,333.4718,Pisces,22.405,14.286,0,0
Mercury,1921-06-25T00:26Z,110.8501,Cancer,1921-07-19T05:33Z,101.1482,Cancer,24.213,9.702,0,0
Mercury,1921-10-20T00:00Z,226.2974,Scorpio,1921-11-09T11:17Z,210.4068,Scorpio,20.47,15.891,0,0
Mercury,1922-02-05T11:36Z,331.2367,Pisces,1922-02-27T03:12Z,316.0303,Aquarius,21.65,15.206,0,0
Mercury,1922-06-05T22:38Z,90.8883,Cancer,1922-06-29T23:28Z,82.1277,Gemini,24.035,8.761,0,0
Mercury,1922-10-03T06:17Z,210.1981,Scorpio,1922-10-24T09:18Z,194.6645,Libra,21.125,15.534,0,0
Mercury,1923-01-20T05:59Z,314.9997,Aquarius,1923-02-10T04:20Z,299.1942,Capricorn,20.931,15.805,0,0
Mercury,1923-05-17T12:31Z,70.8947,Gemini,1923-06-10T09:10Z,62.298,Gemini,23.861,8.597,0,0
Mercury,1923-09-16T07:09Z,193.7899,Libra,1923-10-08T04:47Z,178.7931,Virgo,21.902,14.997,0,0
Mercury,1924-01-04T03:15Z,298.9542,Capricorn,1924-01-24T11:24Z,282.8136,Capricorn,20.34,16.141,0,0
Mercury,1924-04-27T04:28Z,51.3777,Taurus,1924-05-21T00:21Z,42.068,Taurus,23.828,9.31,0,0
Mercury,1924-08-29T01:50Z,176.9267,Virgo,1924-09-20T19:04Z,162.7076,Virgo,22.718,14.219,0,0
Mercury,1924-12-18T01:00Z,283.0428,Capricorn,1925-01-06T23:27Z,266.759,Sagittarius,19.935,16.284,0,0
Mercury,1925-04-08T11:03Z,32.6624,Taurus,1925-05-02T04:15Z,22.0134,Aries,23.717,10.649,0,0
Mercury,1925-08-11T13:27Z,159.4543,Virgo,1925-09-04T00:34Z,146.2873,Leo,23.463,13.167,0,0
Mercury,1925-12-01T21:30Z,267.206,Sagittarius,1925-12-21T15:44Z,250.91,Sagittarius,19.759,16.296,0,0
Mercury,1926-03-21T12:55Z,14.7575,Aries,1926-04-13T21:35Z,2.5629,Aries,23.361,12.195,0,0
Mercury,1926-07-24T17:05Z,141.2461,Leo,1926-08-17T16:54Z,129.3782,Leo,23.992,11.868,0,0
Mercury,1926-11-15T15:18Z,251.3986,Sagittarius,1926-12-05T11:22Z,235.1841,Scorpio,19.836,16.214,0,0
Mercury,1927-03-04T07:34Z,357.5141,Pisces,1927-03-27T02:33Z,343.9055,Pisces,22.791,13.609,0,0
Mercury,1927-07-06T10:50Z,122.2218,Leo,1927-07-30T15:42Z,111.7634,Cancer,24.203,10.458,0,0
Mercury,1927-10-30T05:19Z,235.548,Scorpio,1927-11-19T09:17Z,219.5064,Scorpio,20.165,16.042,0,0
Mercury,1928-02-15T14:35Z,340.7742,Pisces,1928-03-08T16:44Z,326.0557,Aquarius,22.089,14.719,0,0
Mercury,1928-06-16T16:11Z,102.5012,Cancer,1928-07-10T19:21Z,93.2711,Cancer,24.132,9.23,0,0
Mercury,1928-10-12T14:32Z,219.5672,Scorpio,1928-11-02T07:52Z,203.8081,Libra,20.722,15.759,0,0
Mercury,1929-01-29T05:48Z,324.3869,Aquarius,1929-02-19T14:07Z,308.8937,Aquarius,21.347,15.493,0,0
Mercury,1929-05-28T09:17Z,82.4454,Gemini,1929-06-21T08:28Z,73.8673,Gemini,23.966,8.578,0,0
Mercury,1929-09-25T18:24Z,203.3614,Libra,1929-10-17T05:15Z,188.034,Libra,21.453,15.327,0,0
Mercury,1930-01-13T01:46Z,308.2497,Aquarius,1930-02-02T17:43Z,292.2757,Capricorn,20.665,15.974,0,0
Mercury,1930-05-08T22:19Z,62.5947,Gemini,1930-06-01T18:38Z,53.7959,Taurus,23.846,8.799,0,0
Mercury,1930-09-08T16:32Z,186.7877,Libra,1930-09-30T22:53Z,172.0933,Virgo,22.264,14.694,0,0
Mercury,1930-12-27T23:38Z,292.2746,Capricorn,1931-01-17T02:52Z,276.0503,Capricorn,20.135,16.224,0,0
Mercury,1931-04-19T19:51Z,43.4096,Taurus,1931-05-13T14:32Z,33.5799,Taurus,23.778,9.83,0,0
Mercury,1931-08-22T08:33Z,169.6905,Virgo,1931-09-14T09:44Z,155.8838,Virgo,23.049,13.807,0,0
Mercury,1931-12-11T21:11Z,276.4029,Capricorn,1931-12-31T16:55Z,260.095,Sagittarius,19.822,16.308,0,0
Mercury,1932-03-31T10:27Z,25.0483,Aries,1932-04-24T00:45Z,13.743,Aries,23.596,11.305,0,0
Mercury,1932-08-03T17:13Z,151.9077,Virgo,1932-08-27T10:02Z,139.2658,Leo,23.701,12.642,0,0
Mercury,1932-11-24T16:40Z,260.59,Sagittarius,1932-12-14T10:54Z,244.3181,Sagittarius,19.76,16.272,0,0
Mercury,1933-03-13T19:43Z,7.4535,Aries,1933-04-05T23:35Z,354.6303,Pisces,23.161,12.823,0,0
Mercury,1933-07-16T16:37Z,133.3367,Leo,1933-08-09T19:32Z,122.0701,Leo,24.122,11.267,0,0
Mercury,1933-11-08T08:48Z,244.7708,Sagittarius,1933-11-28T07:41Z,228.6234,Scorpio,19.954,16.147,0,0
Mercury,1934-02-24T20:17Z,350.451,Pisces,1934-03-19T08:25Z,336.3295,Pisces,22.506,14.121,0,0
Mercury,1934-06-28T04:57Z,114.002,Cancer,1934-07-22T10:21Z,104.1145,Cancer,24.225,9.887,0,0
Mercury,1934-10-22T20:44Z,228.8803,Scorpio,1934-11-12T05:58Z,212.9471,Scorpio,20.385,15.933,0,0
Mercury,1935-02-08T07:25Z,333.8779,Pisces,1935-03-02T01:37Z,318.7856,Aquarius,21.758,15.092,0,0
Mercury,1935-06-09T05:06Z,94.0913,Cancer,1935-07-03T06:24Z,85.2317,Gemini,24.054,8.86,0,0
Mercury,1935-10-06T03:54Z,212.817,Scorpio,1935-10-27T04:11Z,197.2182,Libra,21.012,15.599,0,0
Mercury,1936-01-23T01:05Z,317.6094,Aquarius,1936-02-13T01:57Z,301.876,Aquarius,21.036,15.733,0,0
Mercury,1936-05-19T19:26Z,74.0569,Gemini,1936-06-12T16:35Z,65.4929,Gemini,23.882,8.564,0,0
Mercury,1936-09-18T05:33Z,196.4633,Libra,1936-10-10T00:17Z,181.3736,Libra,21.781,15.09,0,0
Mercury,1937-01-05T22:03Z,301.5409,Aquarius,1937-01-26T08:10Z,285.4388,Capricorn,20.422,16.102,0,0
Mercury,1937-04-30T10:03Z,54.4431,Taurus,1937-05-24T06:16Z,45.2886,Taurus,23.842,9.154,0,0
Mercury,1937-09-01T01:08Z,179.6865,Virgo,1937-09-23T15:38Z,165.3367,Virgo,22.604,14.35,0,0
Mercury,1937-12-20T19:54Z,285.6158,Capricorn,1938-01-09T19:29Z,269.3439,Sagittarius,19.982,16.272,0,0
Mercury,1938-04-11T14:11Z,35.6054,Taurus,1938-05-05T07:54Z,25.1784,Aries,23.738,10.427,0,0
Mercury,1938-08-14T13:51Z,162.3188,Virgo,1938-09-06T22:39Z,148.9788,Leo,23.367,13.34,0,0
Mercury,1938-12-04T16:46Z,269.7741,Sagittarius,1938-12-24T11:09Z,253.4705,Sagittarius,19.766,16.304,0,0
Mercury,1939-03-24T13:17Z,17.5878,Aries,1939-04-16T23:26Z,5.6213,Aries,23.423,11.967,0,0
Mercury,1939-07-27T18:54Z,144.2206,Leo,1939-08-20T17:07Z,132.1451,Leo,23.926,12.076,0,0
Mercury,1939-11-18T11:05Z,253.9617,Sagittarius,1939-12-08T06:23Z,237.7274,Scorpio,19.805,16.234,0,0
Mercury,1940-03-06T05:32Z,0.2509,Aries,1940-03-29T02:57Z,346.8372,Pisces,22.892,13.414,0,0
Mercury,1940-07-08T14:17Z,125.308,Leo,1940-08-01T18:42Z,114.641,Cancer,24.184,10.667,0,0
Mercury,1940-11-01T01:39Z,238.12,Scorpio,1940-11-21T04:05Z,222.0472,Scorpio,20.101,16.073,0,0
Mercury,1941-02-17T10:57Z,343.4465,Pisces,1941-03-11T15:52Z,328.8728,Aquarius,22.205,14.574,0,0
Mercury,1941-06-19T21:17Z,105.6688,Cancer,1941-07-14T01:15Z,96.2854,Cancer,24.165,9.383,0,0
Mercury,1941-10-15T11:30Z,222.1627,Scorpio,1941-11-05T02:41Z,206.3555,Libra,20.633,15.807,0,0
Mercury,1942-02-01T01:16Z,327.0147,Aquarius,1942-02-22T12:08Z,311.6152,Aquarius,21.453,15.4,0,0
Mercury,1942-05-31T16:03Z,85.6405,Gemini,1942-06-24T15:54Z,77.0177,Gemini,23.994,8.623,0,0
Mercury,1942-09-28T16:12Z,206.0009,Libra,1942-10-20T00:22Z,190.5979,Libra,21.34,15.403,0,0
Mercury,1943-01-15T20:46Z,310.8413,Aquarius,1943-02-05T14:50Z,294.9201,Capricorn,20.753,15.921,0,0
Mercury,1943-05-12T05:13Z,65.7263,Gemini,1943-06-05T01:29Z,57.0157,Taurus,23.844,8.711,0,0
Mercury,1943-09-11T15:23Z,189.4897,Libra,1943-10-03T18:41Z,174.6843,Virgo,22.137,14.805,0,0
Mercury,1943-12-30T18:32Z,294.8463,Capricorn,1944-01-19T23:21Z,278.6456,Capricorn,20.2,16.201,0,0
Mercury,1944-04-22T00:34Z,46.4152,Taurus,1944-05-15T19:39Z,36.7771,Taurus,23.795,9.638,0,0
Mercury,1944-08-24T08:25Z,172.4724,Virgo,1944-09-16T06:47Z,158.5158,Virgo,22.932,13.957,0,0
Mercury,1944-12-13T16:11Z,278.9601,Capricorn,1945-01-02T12:45Z,262.6583,Sagittarius,19.857,16.302,0,0
Mercury,1945-04-03T12:12Z,27.9267,Aries,1945-04-27T03:46Z,16.8537,Aries,23.649,11.073,0,0
Mercury,1945-08-06T18:10Z,154.8031,Virgo,1945-08-30T09:02Z,141.9724,Leo,23.619,12.831,0,0
Mercury,1945-11-27T12:00Z,263.1428,Sagittarius,1945-12-17T06:11Z,246.8611,Sagittarius,19.757,16.282,0,0
Mercury,1946-03-16T18:55Z,10.2245,Aries,1946-04-09T00:38Z,357.6171,Pisces,23.238,12.607,0,0
Mercury,1946-07-19T18:55Z,136.3562,Leo,1946-08-12T21:03Z,124.8784,Leo,24.089,11.478,0,0
Mercury,1946-11-11T04:43Z,247.3273,Sagittarius,1946-12-01T02:32Z,231.1558,Scorpio,19.909,16.172,0,0
Mercury,1947-02-27T17:35Z,353.1488,Pisces,1947-03-22T08:06Z,339.1996,Pisces,22.605,13.949,0,0
Mercury,1947-07-01T09:13Z,117.1266,Cancer,1947-07-25T14:37Z,107.0442,Cancer,24.225,10.082,0,0
Mercury,1947-10-25T17:25Z,231.4479,Scorpio,1947-11-15T00:40Z,215.4737,Scorpio,20.302,15.974,0,0
Mercury,1948-02-11T03:24Z,336.5196,Pisces,1948-03-04T00:19Z,321.5508,Aquarius,21.871,14.969,0,0
Mercury,1948-06-11T11:15Z,97.2706,Cancer,1948-07-05T13:04Z,88.2944,Gemini,24.076,8.976,0,0
Mercury,1948-10-08T01:22Z,215.4194,Scorpio,1948-10-28T23:06Z,199.7603,Libra,20.905,15.659,0,0
Mercury,1949-01-24T20:17Z,320.2117,Aquarius,1949-02-14T23:45Z,304.5569,Aquarius,21.144,15.655,0,0
Mercury,1949-05-23T02:16Z,77.2162,Gemini,1949-06-16T00:08Z,68.6659,Gemini,23.911,8.55,0,0
Mercury,1949-09-21T03:49Z,199.1203,Libra,1949-10-12T19:44Z,183.943,Libra,21.663,15.177,0,0
Mercury,1950-01-08T16:54Z,304.1181,Aquarius,1950-01-29T05:03Z,288.0572,Capricorn,20.506,16.061,0,0
Mercury,1950-05-03T16:06Z,57.5219,Taurus,1950-05-27T12:29Z,48.5091,Taurus,23.849,9.013,0,0
Mercury,1950-09-04T00:14Z,182.4212,Libra,1950-09-26T11:59Z,167.9463,Virgo,22.49,14.475,0,0
Mercury,1950-12-23T14:48Z,288.1764,Capricorn,1951-01-12T15:34Z,271.9178,Capricorn,20.032,16.259,0,0
Mercury,1951-04-14T17:50Z,38.5566,Taurus,1951-05-08T11:50Z,28.3467,Aries,23.75,10.21,0,0
Mercury,1951-08-17T14:04Z,165.1516,Virgo,1951-09-09T20:22Z,151.6429,Virgo,23.262,13.509,0,0
Mercury,1951-12-07T11:57Z,272.3321,Capricorn,1951-12-27T06:38Z,256.0234,Sagittarius,19.779,16.309,0,0
Mercury,1952-03-26T13:54Z,20.417,Aries,1952-04-19T01:32Z,8.6804,Aries,23.485,11.737,0,0
Mercury,1952-07-29T20:31Z,147.1651,Leo,1952-08-22T16:54Z,134.8872,Leo,23.85,12.278,0,0
Mercury,1952-11-20T06:43Z,256.5193,Sagittarius,1952-12-10T01:28Z,240.2692,Sagittarius,19.781,16.25,0,0
Mercury,1953-03-09T03:44Z,2.9941,Aries,1953-04-01T03:36Z,349.7811,Pisces,22.994,13.213,0,0
Mercury,1953-07-11T17:25Z,128.3753,Leo,1953-08-04T21:21Z,117.5003,Cancer,24.164,10.875,0,0
Mercury,1953-11-03T21:50Z,240.6898,Sagittarius,1953-11-23T22:55Z,224.5892,Scorpio,20.045,16.101,0,0
Mercury,1954-02-20T07:33Z,346.1272,Pisces,1954-03-14T15:06Z,331.7047,Pisces,22.315,14.423,0,0
Mercury,1954-06-23T02:09Z,108.8334,Cancer,1954-07-17T06:50Z,99.2845,Cancer,24.195,9.549,0,0
Mercury,1954-10-18T08:25Z,224.7605,Scorpio,1954-11-07T21:30Z,208.9077,Libra,20.545,15.853,0,0
Mercury,1955-02-03T20:55Z,329.655,Aquarius,1955-02-25T10:17Z,314.3569,Aquarius,21.557,15.298,0,0
Mercury,1955-06-03T22:46Z,88.8433,Gemini,1955-06-27T23:11Z,80.1537,Gemini,24.017,8.69,0,0
Mercury,1955-10-01T13:58Z,208.6358,Libra,1955-10-22T19:22Z,193.1614,Libra,21.225,15.474,0,0
Mercury,1956-01-18T15:52Z,313.4479,Aquarius,1956-02-08T12:10Z,297.5861,Capricorn,20.846,15.862,0,0
Mercury,1956-05-14T12:12Z,68.876,Gemini,1956-06-07T08:34Z,60.2335,Gemini,23.848,8.642,0,0
Mercury,1956-09-13T14:08Z,192.185,Libra,1956-10-05T14:21Z,177.2752,Virgo,22.009,14.91,0,0
Mercury,1957-01-01T13:22Z,297.4293,Capricorn,1957-01-21T19:56Z,281.2582,Capricorn,20.273,16.171,0,0
Mercury,1957-04-25T05:32Z,49.4458,Taurus,1957-05-19T01:04Z,39.9896,Taurus,23.814,9.456,0,0
Mercury,1957-08-27T08:04Z,175.2509,Virgo,1957-09-19T03:37Z,161.1504,Virgo,22.814,14.101,0,0
Mercury,1957-12-16T11:05Z,281.5295,Capricorn,1958-01-05T08:38Z,265.236,Sagittarius,19.898,16.293,0,0
Mercury,1958-04-06T14:24Z,30.8364,Taurus,1958-04-30T06:57Z,19.9953,Aries,23.689,10.841,0,0
Mercury,1958-08-09T18:47Z,157.6928,Virgo,1958-09-02T07:42Z,144.6782,Leo,23.538,13.015,0,0
Mercury,1958-11-30T07:16Z,265.7025,Sagittarius,1958-12-20T01:27Z,249.412,Sagittarius,19.757,16.29,0,0
Mercury,1959-03-19T18:34Z,13.0274,Aries,1959-04-12T01:53Z,0.6408,Aries,23.305,12.387,0,0
Mercury,1959-07-22T21:02Z,139.369,Leo,1959-08-15T22:05Z,127.6801,Leo,24.044,11.689,0,0
Mercury,1959-11-14T00:37Z,249.8912,Sagittarius,1959-12-03T21:25Z,233.696,Scorpio,19.867,16.195,0,0
Mercury,1960-03-01T15:10Z,355.8689,Pisces,1960-03-24T08:05Z,342.0995,Pisces,22.705,13.769,0,0
Mercury,1960-07-03T13:15Z,120.2433,Leo,1960-07-27T18:24Z,109.9608,Cancer,24.215,10.282,0,0
Mercury,1960-10-27T14:02Z,234.0249,Scorpio,1960-11-16T19:27Z,218.0124,Scorpio,20.225,16.012,0,0
Mercury,1961-02-12T23:32Z,339.1765,Pisces,1961-03-06T23:16Z,324.3386,Aquarius,21.988,14.838,0,0
Mercury,1961-06-14T17:06Z,100.4549,Cancer,1961-07-08T19:36Z,91.3493,Cancer,24.104,9.106,0,0
Mercury,1961-10-10T22:42Z,218.0263,Scorpio,1961-10-31T18:01Z,202.3114,Libra,20.805,15.715,0,0
Mercury,1962-01-27T15:31Z,322.8204,Aquarius,1962-02-17T21:35Z,307.2496,Aquarius,21.253,15.571,0,0
Mercury,1962-05-26T09:09Z,80.3971,Gemini,1962-06-19T07:45Z,71.8405,Gemini,23.942,8.557,0,0
Mercury,1962-09-24T01:53Z,201.7747,Libra,1962-10-15T15:04Z,186.5149,Libra,21.55,15.26,0,0
Mercury,1963-01-11T11:47Z,306.7011,Aquarius,1963-02-01T01:58Z,290.685,Capricorn,20.591,16.016,0,0
Mercury,1963-05-06T22:30Z,60.6208,Gemini,1963-05-30T18:51Z,51.7312,Taurus,23.849,8.89,0,0
Mercury,1963-09-06T23:09Z,185.1378,Libra,1963-09-29T08:04Z,170.5433,Virgo,22.371,14.595,0,0
Mercury,1963-12-26T09:40Z,290.7407,Capricorn,1964-01-15T11:42Z,274.4981,Capricorn,20.085,16.243,0,0
Mercury,1964-04-16T21:50Z,41.5217,Taurus,1964-05-10T16:08Z,31.5202,Taurus,23.763,10.001,0,0
Mercury,1964-08-19T14:14Z,167.9626,Virgo,1964-09-11T17:48Z,154.2912,Virgo,23.149,13.671,0,0
Mercury,1964-12-09T07:05Z,274.8847,Capricorn,1964-12-29T02:15Z,258.5746,Sagittarius,19.798,16.31,0,0
Mercury,1965-03-29T14:52Z,23.2556,Aries,1965-04-22T04:00Z,11.7501,Aries,23.547,11.505,0,0
Mercury,1965-08-01T21:56Z,150.0881,Virgo,1965-08-25T16:24Z,137.6124,Leo,23.77,12.476,0,0
Mercury,1965-11-23T02:15Z,259.0685,Sagittarius,1965-12-12T20:40Z,242.8052,Sagittarius,19.767,16.263,0,0
Mercury,1966-03-12T02:18Z,5.7423,Aries,1966-04-04T04:24Z,352.737,Pisces,23.088,13.005,0,0
Mercury,1966-07-14T20:14Z,131.4218,Leo,1966-08-07T23:42Z,120.3363,Leo,24.144,11.086,0,0
Mercury,1966-11-06T17:55Z,243.2461,Sagittarius,1966-11-26T17:49Z,227.1194,Scorpio,19.996,16.127,0,0
Mercury,1967-02-23T04:26Z,348.8069,Pisces,1967-03-17T14:27Z,334.5435,Pisces,22.418,14.263,0,0
Mercury,1967-06-26T06:51Z,111.9828,Cancer,1967-07-20T12:01Z,102.2558,Cancer,24.216,9.727,0,0
Mercury,1967-10-21T05:16Z,227.3413,Scorpio,1967-11-10T16:16Z,211.4447,Scorpio,20.458,15.897,0,0
Mercury,1968-02-06T16:40Z,332.2859,Pisces,1968-02-28T08:36Z,317.0956,Aquarius,21.664,15.19,0,0
Mercury,1968-06-06T05:16Z,92.0257,Cancer,1968-06-30T06:09Z,83.2512,Gemini,24.037,8.775,0,0
Mercury,1968-10-03T11:40Z,211.252,Scorpio,1968-10-24T14:17Z,195.7095,Libra,21.109,15.543,0,0
Mercury,1969-01-20T10:56Z,316.0439,Aquarius,1969-02-10T09:38Z,300.2472,Aquarius,20.946,15.797,0,0
Mercury,1969-05-17T19:06Z,72.0152,Gemini,1969-06-10T15:48Z,63.4243,Gemini,23.862,8.591,0,0
Mercury,1969-09-16T12:41Z,194.8598,Libra,1969-10-08T09:53Z,179.851,Virgo,21.883,15.009,0,0
Mercury,1970-01-04T08:10Z,300.0024,Aquarius,1970-01-24T16:38Z,283.866,Capricorn,20.352,16.136,0,0
Mercury,1970-04-28T10:51Z,52.4871,Taurus,1970-05-22T06:47Z,43.2011,Taurus,23.83,9.286,0,0
Mercury,1970-08-30T07:28Z,178.0099,Virgo,1970-09-22T00:17Z,163.773,Virgo,22.701,14.237,0,0
Mercury,1970-12-19T05:59Z,284.0942,Capricorn,1971-01-08T04:36Z,267.8112,Sagittarius,19.942,16.283,0,0
Mercury,1971-04-09T17:11Z,33.7656,Taurus,1971-05-03T10:25Z,23.1507,Aries,23.718,10.615,0,0
Mercury,1971-08-12T19:13Z,160.5552,Virgo,1971-09-05T06:02Z,147.3631,Leo,23.451,13.192,0,0
Mercury,1971-12-03T02:33Z,268.2599,Sagittarius,1971-12-22T20:47Z,251.962,Sagittarius,19.76,16.298,0,0
Mercury,1972-03-21T18:38Z,15.8452,Aries,1972-04-14T03:29Z,3.6827,Aries,23.368,12.162,0,0
Mercury,1972-07-24T23:02Z,142.356,Leo,1972-08-17T22:38Z,130.459,Leo,23.983,11.897,0,0
Mercury,1972-11-15T20:27Z,252.454,Sagittarius,1972-12-05T16:22Z,236.2365,Scorpio,19.83,16.217,0,0
Mercury,1973-03-04T12:58Z,358.5948,Pisces,1973-03-27T08:19Z,345.0132,Pisces,22.806,13.582,0,0
Mercury,1973-07-06T17:00Z,123.3463,Leo,1973-07-30T21:47Z,112.8597,Cancer,24.2,10.487,0,0
Mercury,1973-10-30T10:29Z,236.6017,Scorpio,1973-11-19T14:14Z,220.5553,Scorpio,20.156,16.046,0,0
Mercury,1974-02-15T19:45Z,341.8389,Pisces,1974-03-09T22:16Z,327.1402,Aquarius,22.105,14.699,0,0
Mercury,1974-06-17T22:38Z,103.6459,Cancer,1974-07-12T01:56Z,94.3956,Cancer,24.138,9.25,0,0
Mercury,1974-10-13T19:48Z,220.6297,Scorpio,1974-11-03T12:51Z,204.8634,Libra,20.71,15.766,0,0
Mercury,1975-01-30T10:48Z,325.4412,Aquarius,1975-02-20T19:27Z,309.9605,Aquarius,21.361,15.481,0,0
Mercury,1975-05-29T16:00Z,83.5979,Gemini,1975-06-22T15:18Z,75.0138,Gemini,23.971,8.584,0,0
Mercury,1975-09-26T23:46Z,204.4247,Libra,1975-10-18T10:15Z,189.087,Libra,21.437,15.338,0,0
Mercury,1976-01-14T06:42Z,309.3003,Aquarius,1976-02-03T22:57Z,293.3327,Capricorn,20.677,15.968,0,0
Mercury,1976-05-09T05:04Z,63.7351,Gemini,1976-06-02T01:20Z,54.9497,Taurus,23.844,8.785,0,0
Mercury,1976-09-08T22:04Z,187.8568,Libra,1976-10-01T03:59Z,173.147,Virgo,22.247,14.71,0,0
Mercury,1976-12-28T04:34Z,293.3213,Capricorn,1977-01-17T08:01Z,277.0987,Capricorn,20.143,16.223,0,0
Mercury,1977-04-20T02:09Z,44.5118,Taurus,1977-05-13T20:51Z,34.7105,Taurus,23.78,9.801,0,0
Mercury,1977-08-22T14:19Z,170.7773,Virgo,1977-09-14T15:04Z,156.9495,Virgo,23.031,13.828,0,0
Mercury,1977-12-12T02:11Z,277.4502,Capricorn,1977-12-31T22:02Z,261.142,Sagittarius,19.827,16.308,0,0
Mercury,1978-04-01T16:17Z,26.1276,Aries,1978-04-25T06:48Z,14.8551,Aries,23.605,11.273,0,0
Mercury,1978-08-04T23:07Z,153.0107,Virgo,1978-08-28T15:41Z,140.3421,Leo,23.69,12.669,0,0
Mercury,1978-11-25T21:42Z,261.6303,Sagittarius,1978-12-15T15:56Z,245.356,Sagittarius,19.76,16.274,0,0
Mercury,1979-03-15T01:15Z,8.5218,Aries,1979-04-07T05:21Z,355.7291,Pisces,23.171,12.793,0,0
Mercury,1979-07-17T22:42Z,134.4558,Leo,1979-08-11T01:32Z,123.1588,Leo,24.118,11.297,0,0
Mercury,1979-11-09T13:55Z,245.8103,Sagittarius,1979-11-29T12:41Z,229.659,Scorpio,19.948,16.151,0,0
Mercury,1980-02-26T01:33Z,351.5053,Pisces,1980-03-19T13:59Z,337.4079,Pisces,22.518,14.097,0,0
Mercury,1980-06-28T11:12Z,115.1186,Cancer,1980-07-22T16:37Z,105.2038,Cancer,24.225,9.915,0,0
Mercury,1980-10-23T01:59Z,229.9235,Scorpio,1980-11-12T10:56Z,213.9843,Scorpio,20.373,15.939,0,0
Mercury,1981-02-08T12:31Z,334.9238,Pisces,1981-03-02T07:06Z,319.8481,Aquarius,21.774,15.076,0,0
Mercury,1981-06-09T11:36Z,95.2097,Cancer,1981-07-03T12:58Z,86.3338,Gemini,24.057,8.876,0,0
Mercury,1981-10-06T09:15Z,213.8635,Scorpio,1981-10-27T09:10Z,198.2566,Libra,20.997,15.607,0,0
Mercury,1982-01-23T06:03Z,318.6435,Aquarius,1982-02-13T07:18Z,302.9197,Aquarius,21.052,15.724,0,0
Mercury,1982-05-21T02:05Z,75.1767,Gemini,1982-06-13T23:20Z,66.6172,Gemini,23.885,8.559,0,0
Mercury,1982-09-19T11:03Z,197.5214,Libra,1982-10-11T05:21Z,182.419,Libra,21.763,15.102,0,0
Mercury,1983-01-07T03:00Z,302.5762,Aquarius,1983-01-27T13:25Z,286.4785,Capricorn,20.435,16.098,0,0
Mercury,1983-05-01T16:36Z,55.5503,Taurus,1983-05-25T12:48Z,46.4189,Taurus,23.842,9.131,0,0
Mercury,1983-09-02T06:41Z,180.7481,Libra,1983-09-24T20:49Z,166.3808,Virgo,22.589,14.367,0,0
Mercury,1983-12-22T00:53Z,286.6541,Capricorn,1984-01-11T00:37Z,270.3833,Capricorn,19.989,16.271,0,0
Mercury,1984-04-11T20:24Z,36.6972,Taurus,1984-05-05T14:06Z,26.3019,Aries,23.738,10.395,0,0
Mercury,1984-08-14T19:34Z,163.3935,Virgo,1984-09-07T04:02Z,150.0295,Virgo,23.353,13.364,0,0
Mercury,1984-12-04T21:46Z,270.8102,Capricorn,1984-12-24T16:11Z,254.5053,Sagittarius,19.767,16.305,0,0
Mercury,1985-03-24T19:00Z,18.6586,Aries,1985-04-17T05:23Z,6.7238,Aries,23.432,11.935,0,0
Mercury,1985-07-28T00:52Z,145.3162,Leo,1985-08-20T22:48Z,133.2139,Leo,23.914,12.102,0,0
Mercury,1985-11-18T16:10Z,255.0037,Sagittarius,1985-12-08T11:23Z,238.766,Scorpio,19.801,16.238,0,0
Mercury,1986-03-07T10:56Z,1.3143,Aries,1986-03-30T08:42Z,347.9285,Pisces,22.907,13.386,0,0
Mercury,1986-07-09T20:27Z,126.4235,Leo,1986-08-03T00:48Z,115.7285,Cancer,24.181,10.695,0,0
Mercury,1986-11-02T06:47Z,239.1624,Scorpio,1986-11-22T09:03Z,223.0853,Scorpio,20.094,16.077,0,0
Mercury,1987-02-18T16:07Z,344.5019,Pisces,1987-03-12T21:22Z,329.9502,Aquarius,22.219,14.552,0,0
Mercury,1987-06-21T03:44Z,106.8109,Cancer,1987-07-15T07:51Z,97.403,Cancer,24.172,9.408,0,0
Mercury,1987-10-16T16:46Z,223.2131,Scorpio,1987-11-06T07:39Z,207.3997,Libra,20.62,15.813,0,0
Mercury,1988-02-02T06:18Z,328.0661,Aquarius,1988-02-23T17:30Z,312.6806,Aquarius,21.467,15.385,0,0
Mercury,1988-05-31T22:43Z,86.7836,Gemini,1988-06-24T22:40Z,78.1512,Gemini,23.998,8.632,0,0
Mercury,1988-09-28T21:37Z,207.0587,Libra,1988-10-20T05:22Z,191.6472,Libra,21.323,15.412,0,0
Mercury,1989-01-16T01:45Z,311.8958,Aquarius,1989-02-05T20:07Z,295.9817,Capricorn,20.765,15.914,0,0
Mercury,1989-05-12T11:52Z,66.8554,Gemini,1989-06-05T08:07Z,58.1561,Taurus,23.843,8.699,0,0
Mercury,1989-09-11T20:57Z,190.5606,Libra,1989-10-03T23:48Z,175.741,Virgo,22.118,14.82,0,0
Mercury,1989-12-30T23:29Z,295.8949,Capricorn,1990-01-20T04:31Z,279.6972,Capricorn,20.21,16.198,0,0
Mercury,1990-04-23T06:54Z,47.5264,Taurus,1990-05-17T02:02Z,37.9168,Taurus,23.797,9.61,0,0
Mercury,1990-08-25T14:08Z,173.5678,Virgo,1990-09-17T12:06Z,159.5903,Virgo,22.915,13.978,0,0
Mercury,1990-12-14T21:09Z,280.009,Capricorn,1991-01-03T17:51Z,263.7071,Sagittarius,19.863,16.302,0,0
Mercury,1991-04-04T18:09Z,29.0228,Aries,1991-04-28T09:49Z,17.9837,Aries,23.653,11.039,0,0
Mercury,1991-08-07T23:58Z,155.9087,Virgo,1991-08-31T14:35Z,143.0518,Leo,23.609,12.857,0,0
Mercury,1991-11-28T17:01Z,264.192,Sagittarius,1991-12-18T11:12Z,247.9088,Sagittarius,19.758,16.283,0,0
Mercury,1992-03-17T00:32Z,11.3117,Aries,1992-04-09T06:26Z,358.7362,Pisces,23.246,12.575,0,0
Mercury,1992-07-20T00:54Z,137.4755,Leo,1992-08-13T02:53Z,125.9678,Leo,24.083,11.508,0,0
Mercury,1992-11-11T09:49Z,248.3804,Sagittarius,1992-12-01T07:30Z,232.205,Scorpio,19.904,16.175,0,0
Mercury,1993-02-27T22:54Z,354.2161,Pisces,1993-03-22T13:44Z,340.2916,Pisces,22.618,13.924,0,0
Mercury,1993-07-01T15:29Z,118.2573,Cancer,1993-07-25T20:50Z,108.1479,Cancer,24.223,10.109,0,0
Mercury,1993-10-25T22:39Z,232.5116,Scorpio,1993-11-15T05:39Z,216.5315,Scorpio,20.291,15.98,0,0
Mercury,1994-02-11T08:30Z,337.5777,Pisces,1994-03-05T05:49Z,322.6257,Aquarius,21.888,14.952,0,0
Mercury,1994-06-12T17:48Z,98.4112,Cancer,1994-07-06T19:43Z,89.4183,Gemini,24.079,8.993,0,0
Mercury,1994-10-09T06:44Z,216.4825,Scorpio,1994-10-30T04:05Z,200.8151,Libra,20.89,15.667,0,0
Mercury,1995-01-26T01:16Z,321.2648,Aquarius,1995-02-16T05:06Z,305.6212,Aquarius,21.16,15.644,0,0
Mercury,1995-05-24T09:02Z,78.3617,Gemini,1995-06-17T06:58Z,69.8127,Gemini,23.914,8.549,0,0
Mercury,1995-09-22T09:15Z,200.185,Libra,1995-10-14T00:47Z,184.9961,Libra,21.648,15.189,0,0
Mercury,1996-01-09T21:51Z,305.1693,Aquarius,1996-01-30T10:17Z,289.1136,Capricorn,20.518,16.056,0,0
Mercury,1996-05-03T22:40Z,58.6434,Taurus,1996-05-27T19:02Z,49.649,Taurus,23.849,8.994,0,0
Mercury,1996-09-04T05:47Z,183.4892,Libra,1996-09-26T17:08Z,168.9981,Virgo,22.473,14.491,0,0
Mercury,1996-12-23T19:46Z,289.2258,Capricorn,1997-01-12T20:41Z,272.9684,Capricorn,20.038,16.257,0,0
Mercury,1997-04-15T00:01Z,39.6556,Taurus,1997-05-08T18:05Z,29.4743,Aries,23.753,10.181,0,0
Mercury,1997-08-17T19:49Z,166.2315,Virgo,1997-09-10T01:42Z,152.7007,Virgo,23.246,13.531,0,0
Mercury,1997-12-07T16:56Z,273.3697,Capricorn,1997-12-27T11:41Z,257.0593,Sagittarius,19.781,16.31,0,0
Mercury,1998-03-27T19:42Z,21.4944,Aries,1998-04-20T07:31Z,9.7912,Aries,23.493,11.703,0,0
Mercury,1998-07-31T02:28Z,148.2676,Leo,1998-08-23T22:35Z,135.9617,Leo,23.838,12.306,0,0
Mercury,1998-11-21T11:46Z,257.5565,Sagittarius,1998-12-11T06:29Z,241.3033,Sagittarius,19.78,16.253,0,0
Mercury,1999-03-10T09:11Z,4.0542,Aries,1999-04-02T09:19Z,350.8715,Pisces,23.006,13.183,0,0
Mercury,1999-07-12T23:33Z,129.4904,Leo,1999-08-06T03:27Z,118.5839,Cancer,24.162,10.907,0,0
Mercury,1999-11-05T02:59Z,241.7263,Sagittarius,1999-11-25T03:55Z,225.622,Scorpio,20.039,16.104,0,0
Mercury,2000-02-21T12:46Z,347.1784,Pisces,2000-03-14T20:39Z,332.7788,Pisces,22.328,14.4,0,0
Mercury,2000-06-23T08:32Z,109.9618,Cancer,2000-07-17T13:20Z,100.3863,Cancer,24.2,9.576,0,0
Mercury,2000-10-18T13:41Z,225.7991,Scorpio,2000-11-08T02:28Z,209.9406,Libra,20.533,15.858,0,0
Mercury,2001-02-04T01:58Z,330.6948,Pisces,2001-02-25T15:41Z,315.4103,Aquarius,21.572,15.285,0,0
Mercury,2001-06-04T05:22Z,89.9641,Gemini,2001-06-28T05:49Z,81.2652,Gemini,24.019,8.699,0,0
Mercury,2001-10-01T19:23Z,209.686,Libra,2001-10-23T00:23Z,194.202,Libra,21.208,15.484,0,0
Mercury,2002-01-18T20:50Z,314.4846,Aquarius,2002-02-08T17:28Z,298.6303,Capricorn,20.86,15.854,0,0
Mercury,2002-05-15T18:50Z,69.9863,Gemini,2002-06-08T15:11Z,61.3543,Gemini,23.848,8.632,0,0
Mercury,2002-09-14T19:38Z,193.2443,Libra,2002-10-06T19:26Z,178.3201,Virgo,21.991,14.924,0,0
Mercury,2003-01-02T18:19Z,298.4625,Capricorn,2003-01-23T01:08Z,282.2954,Capricorn,20.284,16.167,0,0
Mercury,2003-04-26T11:59Z,50.5534,Taurus,2003-05-20T07:33Z,41.1234,Taurus,23.815,9.43,0,0
Mercury,2003-08-28T13:41Z,176.3236,Virgo,2003-09-20T08:52Z,162.2038,Virgo,22.799,14.12,0,0
Mercury,2003-12-17T16:01Z,282.5625,Capricorn,2004-01-06T13:44Z,266.2696,Sagittarius,19.905,16.293,0,0
Mercury,2004-04-06T20:27Z,31.9251,Taurus,2004-04-30T13:05Z,21.1163,Aries,23.693,10.809,0,0
Mercury,2004-08-10T00:33Z,158.7745,Virgo,2004-09-02T13:09Z,145.7362,Leo,23.525,13.038,0,0
Mercury,2004-11-30T12:17Z,266.744,Sagittarius,2004-12-20T06:29Z,250.4519,Sagittarius,19.758,16.292,0,0
Mercury,2005-03-20T00:14Z,14.1007,Aries,2005-04-12T07:46Z,1.7456,Aries,23.313,12.355,0,0
Mercury,2005-07-23T03:00Z,140.4699,Leo,2005-08-16T03:51Z,128.7527,Leo,24.035,11.717,0,0
Mercury,2005-11-14T05:42Z,250.9369,Sagittarius,2005-12-04T02:24Z,234.7379,Scorpio,19.862,16.199,0,0
Mercury,2006-03-02T20:29Z,356.9244,Pisces,2006-03-25T13:42Z,343.1811,Pisces,22.717,13.743,0,0
Mercury,2006-07-04T19:33Z,121.374,Leo,2006-07-29T00:39Z,111.063,Cancer,24.213,10.311,0,0
Mercury,2006-10-28T19:16Z,235.078,Scorpio,2006-11-18T00:25Z,219.0605,Scorpio,20.215,16.018,0,0
Mercury,2007-02-14T04:38Z,340.2291,Pisces,2007-03-08T04:44Z,325.4102,Aquarius,22.005,14.819,0,0
Mercury,2007-06-15T23:40Z,101.5987,Cancer,2007-07-10T02:15Z,92.4733,Cancer,24.108,9.125,0,0
Mercury,2007-10-12T04:00Z,219.0802,Scorpio,2007-11-01T22:59Z,203.3587,Libra,20.791,15.722,0,0
Mercury,2008-01-28T20:31Z,323.8793,Aquarius,2008-02-19T02:57Z,308.3209,Aquarius,21.268,15.558,0,0
Mercury,2008-05-26T15:48Z,81.5389,Gemini,2008-06-19T14:31Z,72.9795,Gemini,23.947,8.559,0,0
Mercury,2008-09-24T07:17Z,202.8362,Libra,2008-10-15T20:06Z,187.5659,Libra,21.534,15.27,0,0
Mercury,2009-01-11T16:44Z,307.7565,Aquarius,2009-02-01T07:10Z,291.7463,Capricorn,20.602,16.01,0,0
Mercury,2009-05-07T05:00Z,61.7421,Gemini,2009-05-31T01:22Z,52.8683,Taurus,23.848,8.874,0,0
Mercury,2009-09-07T04:45Z,186.2207,Libra,2009-09-29T13:13Z,171.6104,Virgo,22.353,14.61,0,0
Mercury,2009-12-26T14:38Z,291.7953,Capricorn,2010-01-15T16:52Z,275.5543,Capricorn,20.093,16.241,0,0
Mercury,2010-04-18T04:06Z,42.6318,Taurus,2010-05-11T22:27Z,32.6595,Taurus,23.764,9.972,0,0
Mercury,2010-08-20T19:59Z,169.0589,Virgo,2010-09-12T23:09Z,155.366,Virgo,23.132,13.693,0,0
Mercury,2010-12-10T12:04Z,275.9359,Capricorn,2010-12-30T07:21Z,259.6246,Sagittarius,19.803,16.311,0,0
Mercury,2011-03-30T20:48Z,24.3563,Aries,2011-04-23T10:04Z,12.8865,Aries,23.553,11.47,0,0
Mercury,2011-08-03T03:50Z,151.2012,Virgo,2011-08-26T22:03Z,138.6968,Leo,23.759,12.504,0,0
Mercury,2011-11-24T07:19Z,260.1212,Sagittarius,2011-12-14T01:43Z,243.8556,Sagittarius,19.766,16.266,0,0
Mercury,2012-03-12T07:49Z,6.8226,Aries,2012-04-04T10:11Z,353.8482,Pisces,23.099,12.974,0,0
Mercury,2012-07-15T02:16Z,132.5426,Leo,2012-08-08T05:40Z,121.4268,Leo,24.142,11.116,0,0
Mercury,2012-11-06T23:04Z,244.3007,Sagittarius,2012-11-26T22:48Z,228.1705,Scorpio,19.989,16.13,0,0
Mercury,2013-02-23T09:41Z,349.8744,Pisces,2013-03-17T20:03Z,335.6332,Pisces,22.432,14.241,0,0
Mercury,2013-06-26T13:08Z,113.1141,Cancer,2013-07-20T18:22Z,103.3617,Cancer,24.218,9.752,0,0
Mercury,2013-10-21T10:29Z,228.3942,Scorpio,2013-11-10T21:12Z,212.4915,Scorpio,20.447,15.903,0,0
Mercury,2014-02-06T21:43Z,333.3376,Pisces,2014-02-28T14:00Z,318.1616,Aquarius,21.678,15.176,0,0
Mercury,2014-06-07T11:56Z,93.1676,Cancer,2014-07-01T12:50Z,84.3814,Gemini,24.037,8.786,0,0
Mercury,2014-10-04T17:02Z,212.3125,Scorpio,2014-10-25T19:17Z,196.76,Libra,21.093,15.552,0,0
Mercury,2015-01-21T15:54Z,317.0878,Aquarius,2015-02-11T14:57Z,301.3002,Aquarius,20.96,15.788,0,0
Mercury,2015-05-19T01:49Z,73.1481,Gemini,2015-06-11T22:33Z,64.5629,Gemini,23.864,8.585,0,0
Mercury,2015-09-17T18:09Z,195.9211,Libra,2015-10-09T14:57Z,180.8994,Libra,21.867,15.022,0,0
Mercury,2016-01-05T13:06Z,301.0436,Aquarius,2016-01-25T21:50Z,284.9117,Capricorn,20.364,16.132,0,0
Mercury,2016-04-28T17:20Z,53.6019,Taurus,2016-05-22T13:20Z,44.3378,Taurus,23.833,9.264,0,0
Mercury,2016-08-30T13:04Z,179.0775,Virgo,2016-09-22T05:31Z,164.8226,Virgo,22.685,14.255,0,0
Mercury,2016-12-19T10:55Z,285.131,Capricorn,2017-01-08T09:43Z,268.8488,Sagittarius,19.95,16.282,0,0
Mercury,2017-04-09T23:14Z,34.8474,Taurus,2017-05-03T16:33Z,24.2635,Aries,23.721,10.584,0,0
Mercury,2017-08-13T01:01Z,161.6399,Virgo,2017-09-05T11:29Z,148.4245,Leo,23.437,13.215,0,0
Mercury,2017-12-03T07:34Z,269.3027,Sagittarius,2017-12-23T01:51Z,253.0023,Sagittarius,19.762,16.3,0,0
Mercury,2018-03-23T00:19Z,16.9079,Aries,2018-04-15T09:21Z,4.7775,Aries,23.376,12.13,0,0
Mercury,2018-07-26T05:02Z,143.4562,Leo,2018-08-19T04:25Z,131.53,Leo,23.974,11.926,0,0
Mercury,2018-11-17T01:33Z,253.4917,Sagittarius,2018-12-06T21:22Z,237.2706,Scorpio,19.826,16.221,0,0
Mercury,2019-03-05T18:19Z,359.6494,Pisces,2019-03-28T13:59Z,346.0958,Pisces,22.82,13.554,0,0
Mercury,2019-07-07T23:14Z,124.465,Leo,2019-08-01T03:58Z,113.9476,Cancer,24.197,10.517,0,0
Mercury,2019-10-31T15:41Z,237.6379,Scorpio,2019-11-20T19:12Z,221.5865,Scorpio,20.146,16.051,0,0
Mercury,2020-02-17T00:54Z,342.8897,Pisces,2020-03-10T03:49Z,328.2117,Aquarius,22.121,14.678,0,0
Mercury,2020-06-18T04:59Z,104.764,Cancer,2020-07-12T08:26Z,95.4926,Cancer,24.144,9.271,0,0
Mercury,2020-10-14T01:05Z,221.6694,Scorpio,2020-11-03T17:50Z,205.8971,Libra,20.698,15.772,0,0
Mercury,2021-01-30T15:52Z,326.4909,Aquarius,2021-02-21T00:52Z,311.0229,Aquarius,21.375,15.468,0,0
Mercury,2021-05-29T22:34Z,84.717,Gemini,2021-06-22T22:00Z,76.127,Gemini,23.976,8.59,0,0
Mercury,2021-09-27T05:10Z,205.4737,Libra,2021-10-18T15:17Z,190.1263,Libra,21.421,15.347,0,0
Mercury,2022-01-14T11:41Z,310.3375,Aquarius,2022-02-04T04:13Z,294.3763,Capricorn,20.689,15.961,0,0
Mercury,2022-05-10T11:47Z,64.8585,Gemini,2022-06-03T08:00Z,56.0873,Taurus,23.842,8.771,0,0
Mercury,2022-09-10T03:38Z,188.9243,Libra,2022-10-02T09:07Z,174.1993,Virgo,22.229,14.725,0,0
Mercury,2022-12-29T09:32Z,294.3567,Capricorn,2023-01-18T13:12Z,278.1357,Capricorn,20.153,16.221,0,0
Mercury,2023-04-21T08:35Z,45.6213,Taurus,2023-05-15T03:17Z,35.8498,Taurus,23.779,9.772,0,0
Mercury,2023-08-23T19:59Z,171.8521,Virgo,2023-09-15T20:21Z,158.0032,Virgo,23.015,13.849,0,0
Mercury,2023-12-13T07:09Z,278.4889,Capricorn,2024-01-02T03:08Z,262.1811,Sagittarius,19.832,16.308,0,0
Mercury,2024-04-01T22:14Z,27.2186,Aries,2024-04-25T12:54Z,15.9812,Aries,23.611,11.237,0,0
Mercury,2024-08-05T04:56Z,154.1046,Virgo,2024-08-28T21:14Z,141.4088,Leo,23.679,12.696,0,0
Mercury,2024-11-26T02:42Z,262.6718,Sagittarius,2024-12-15T20:56Z,246.396,Sagittarius,19.76,16.276,0,0
Mercury,2025-03-15T06:46Z,9.5889,Aries,2025-04-07T11:08Z,356.8264,Pisces,23.182,12.763,0,0
Mercury,2025-07-18T04:45Z,135.5752,Leo,2025-08-11T07:30Z,124.2494,Leo,24.114,11.326,0,0
Mercury,2025-11-09T19:02Z,246.8619,Sagittarius,2025-11-29T17:38Z,230.7069,Scorpio,19.942,16.155,0,0
Mercury,2026-02-26T06:48Z,352.5653,Pisces,2026-03-20T19:33Z,338.4907,Pisces,22.531,14.075,0,0
Mercury,2026-06-29T17:36Z,116.2574,Cancer,2026-07-23T22:58Z,106.3165,Cancer,24.224,9.941,0,0
Mercury,2026-10-24T07:13Z,230.979,Scorpio,2026-11-13T15:54Z,215.0335,Scorpio,20.362,15.946,0,0
Mercury,2027-02-09T17:36Z,335.9813,Pisces,2027-03-03T12:32Z,320.9232,Aquarius,21.789,15.058,0,0
Mercury,2027-06-10T18:15Z,96.3611,Cancer,2027-07-04T19:39Z,87.4692,Gemini,24.058,8.892,0,0
Mercury,2027-10-07T14:37Z,214.9278,Scorpio,2027-10-28T14:11Z,199.3121,Libra,20.982,15.616,0,0
Mercury,2028-01-24T11:02Z,319.6985,Aquarius,2028-02-14T12:38Z,303.9854,Aquarius,21.066,15.713,0,0
Mercury,2028-05-21T08:43Z,76.3146,Gemini,2028-06-14T06:06Z,67.7568,Gemini,23.891,8.558,0,0
Mercury,2028-09-19T16:34Z,198.5941,Libra,2028-10-11T10:28Z,183.4806,Libra,21.746,15.114,0,0
Mercury,2029-01-07T07:57Z,303.634,Aquarius,2029-01-27T18:40Z,287.5413,Capricorn,20.447,16.093,0,0
Mercury,2029-05-01T23:06Z,56.6723,Taurus,2029-05-25T19:21Z,47.5609,Taurus,23.844,9.111,0,0
Mercury,2029-09-02T12:18Z,181.8309,Libra,2029-09-25T02:02Z,167.4472,Virgo,22.572,14.384,0,0
Mercury,2029-12-22T05:51Z,287.7078,Capricorn,2030-01-11T05:45Z,271.4371,Capricorn,19.996,16.271,0,0
Mercury,2030-04-13T02:33Z,37.7992,Taurus,2030-05-06T20:15Z,27.4364,Aries,23.737,10.363,0,0
Mercury,2030-08-16T01:20Z,164.4957,Virgo,2030-09-08T09:28Z,151.1078,Virgo,23.338,13.388,0,0
Mercury,2030-12-06T02:47Z,271.8645,Capricorn,2030-12-25T21:14Z,255.5573,Sagittarius,19.769,16.307,0,0
Mercury,2031-03-26T00:44Z,19.7426,Aries,2031-04-18T11:16Z,7.8412,Aries,23.439,11.901,0,0
Mercury,2031-07-29T06:48Z,146.4264,Leo,2031-08-22T04:28Z,134.2943,Leo,23.903,12.132,0,0
Mercury,2031-11-19T21:16Z,256.0535,Sagittarius,2031-12-09T16:23Z,239.8132,Scorpio,19.797,16.24,0,0
Mercury,2032-03-07T16:22Z,2.3921,Aries,2032-03-30T14:29Z,349.0351,Pisces,22.922,13.357,0,0
Mercury,2032-07-10T02:34Z,127.5451,Leo,2032-08-03T06:52Z,116.8205,Cancer,24.18,10.725,0,0
Mercury,2032-11-02T11:57Z,240.2097,Sagittarius,2032-11-22T14:01Z,224.1287,Scorpio,20.086,16.081,0,0
Mercury,2033-02-18T21:20Z,345.5653,Pisces,2033-03-13T02:57Z,331.0339,Pisces,22.234,14.531,0,0
Mercury,2033-06-21T10:05Z,107.9393,Cancer,2033-07-15T14:20Z,98.5097,Cancer,24.177,9.43,0,0
Mercury,2033-10-16T22:03Z,224.2691,Scorpio,2033-11-06T12:40Z,208.449,Libra,20.609,15.82,0,0
Mercury,2034-02-02T11:22Z,329.1168,Aquarius,2034-02-23T22:54Z,313.7443,Aquarius,21.481,15.372,0,0
Mercury,2034-06-02T05:24Z,87.9192,Gemini,2034-06-26T05:24Z,79.2782,Gemini,24.0,8.641,0,0
Mercury,2034-09-30T03:00Z,208.1165,Libra,2034-10-21T10:22Z,192.6946,Libra,21.307,15.422,0,0
Mercury,2035-01-17T06:44Z,312.9371,Aquarius,2035-02-07T01:25Z,297.0303,Capricorn,20.778,15.907,0,0
Mercury,2035-05-13T18:40Z,67.9914,Gemini,2035-06-06T14:53Z,59.3031,Taurus,23.842,8.688,0,0
Mercury,2035-09-13T02:28Z,191.6216,Libra,2035-10-05T04:53Z,176.7872,Virgo,22.101,14.834,0,0
Mercury,2036-01-01T04:25Z,296.9315,Capricorn,2036-01-21T09:42Z,280.737,Capricorn,20.22,16.195,0,0
Mercury,2036-04-23T13:18Z,48.6304,Taurus,2036-05-17T08:29Z,39.0478,Taurus,23.8,9.583,0,0
Mercury,2036-08-25T19:48Z,174.6354,Virgo,2036-09-17T17:20Z,160.6379,Virgo,22.898,13.998,0,0
Mercury,2036-12-15T02:06Z,281.0475,Capricorn,2037-01-03T22:57Z,264.746,Sagittarius,19.869,16.302,0,0
Mercury,2037-04-05T00:06Z,30.1015,Taurus,2037-04-28T15:56Z,19.0951,Aries,23.66,11.006,0,0
Mercury,2037-08-08T05:46Z,156.993,Virgo,2037-08-31T20:07Z,144.111,Leo,23.598,12.882,0,0
Mercury,2037-11-28T22:01Z,265.2248,Sagittarius,2037-12-18T16:12Z,248.9393,Sagittarius,19.758,16.285,0,0
Mercury,2038-03-18T06:07Z,12.371,Aries,2038-04-10T12:12Z,359.8264,Pisces,23.253,12.545,0,0
Mercury,2038-07-21T06:59Z,138.5865,Leo,2038-08-14T08:49Z,127.0492,Leo,24.077,11.537,0,0
Mercury,2038-11-12T14:56Z,249.4157,Sagittarius,2038-12-02T12:30Z,233.236,Scorpio,19.898,16.18,0,0
Mercury,2039-03-01T04:12Z,355.2655,Pisces,2039-03-23T19:20Z,341.3664,Pisces,22.63,13.899,0,0
Mercury,2039-07-02T21:48Z,119.3786,Cancer,2039-07-27T03:07Z,109.2406,Cancer,24.222,10.138,0,0
Mercury,2039-10-27T03:54Z,233.5498,Scorpio,2039-11-16T10:38Z,217.5642,Scorpio,20.28,15.986,0,0
Mercury,2040-02-12T13:39Z,338.6243,Pisces,2040-03-05T11:20Z,323.6909,Aquarius,21.904,14.933,0,0
Mercury,2040-06-13T00:19Z,99.5379,Cancer,2040-07-07T02:21Z,90.526,Cancer,24.085,9.012,0,0
Mercury,2040-10-09T12:05Z,217.5275,Scorpio,2040-10-30T09:06Z,201.8532,Libra,20.876,15.674,0,0
Mercury,2041-01-26T06:14Z,322.3029,Aquarius,2041-02-16T10:27Z,306.6701,Aquarius,21.176,15.633,0,0
Mercury,2041-05-24T15:38Z,79.481,Gemini,2041-06-17T13:41Z,70.9325,Gemini,23.919,8.548,0,0
Mercury,2041-09-22T14:44Z,201.247,Libra,2041-10-14T05:52Z,186.0471,Libra,21.63,15.2,0,0
Mercury,2042-01-10T02:48Z,306.2109,Aquarius,2042-01-30T15:32Z,290.1602,Capricorn,20.53,16.051,0,0
Mercury,2042-05-05T05:13Z,59.753,Taurus,2042-05-29T01:31Z,50.7785,Taurus,23.846,8.974,0,0
Mercury,2042-09-05T11:21Z,184.5608,Libra,2042-09-27T22:18Z,170.0533,Virgo,22.457,14.507,0,0
Mercury,2042-12-25T00:44Z,290.2704,Capricorn,2043-01-14T01:50Z,274.0144,Capricorn,20.046,16.256,0,0
Mercury,2043-04-16T06:18Z,40.7584,Taurus,2043-05-10T00:20Z,30.6091,Taurus,23.751,10.149,0,0
Mercury,2043-08-19T01:33Z,167.3193,Virgo,2043-09-11T07:04Z,153.7648,Virgo,23.23,13.554,0,0
Mercury,2043-12-08T21:58Z,274.4166,Capricorn,2043-12-28T16:45Z,258.1056,Sagittarius,19.783,16.311,0,0
Mercury,2044-03-28T01:31Z,22.5829,Aries,2044-04-20T13:34Z,10.9128,Aries,23.502,11.67,0,0
Mercury,2044-07-31T08:22Z,149.3671,Leo,2044-08-24T04:12Z,137.0344,Leo,23.827,12.333,0,0
Mercury,2044-11-21T16:52Z,258.6083,Sagittarius,2044-12-11T11:31Z,242.3528,Sagittarius,19.778,16.255,0,0
Mercury,2045-03-10T14:42Z,5.1353,Aries,2045-04-02T15:10Z,351.9816,Pisces,23.019,13.154,0,0
Mercury,2045-07-13T05:38Z,130.6073,Leo,2045-08-06T09:28Z,119.6731,Cancer,24.16,10.934,0,0
Mercury,2045-11-05T08:07Z,242.7795,Sagittarius,2045-11-25T08:54Z,226.6712,Scorpio,20.032,16.108,0,0
Mercury,2046-02-21T18:00Z,348.2439,Pisces,2046-03-16T02:12Z,333.8669,Pisces,22.341,14.377,0,0
Mercury,2046-06-24T14:58Z,111.1087,Cancer,2046-07-18T19:51Z,101.5083,Cancer,24.204,9.6,0,0
Mercury,2046-10-19T18:56Z,226.8603,Scorpio,2046-11-09T07:26Z,210.9952,Scorpio,20.521,15.865,0,0
Mercury,2047-02-05T07:01Z,331.7511,Pisces,2047-02-26T21:05Z,316.4813,Aquarius,21.586,15.27,0,0
Mercury,2047-06-05T12:05Z,91.1198,Cancer,2047-06-29T12:35Z,82.4087,Gemini,24.021,8.711,0,0
Mercury,2047-10-03T00:45Z,210.7474,Scorpio,2047-10-24T05:21Z,195.2546,Libra,21.191,15.493,0,0
Mercury,2048-01-20T01:47Z,315.5415,Aquarius,2048-02-09T22:45Z,299.6954,Capricorn,20.873,15.846,0,0
Mercury,2048-05-16T01:32Z,71.1287,Gemini,2048-06-08T21:57Z,62.5046,Gemini,23.851,8.624,0,0
Mercury,2048-09-15T01:09Z,194.312,Libra,2048-10-07T00:30Z,179.3742,Virgo,21.973,14.938,0,0
Mercury,2049-01-02T23:14Z,299.5132,Capricorn,2049-01-23T06:19Z,283.35,Capricorn,20.295,16.163,0,0
Mercury,2049-04-26T18:20Z,51.6641,Taurus,2049-05-20T13:57Z,42.2594,Taurus,23.817,9.405,0,0
Mercury,2049-08-28T19:21Z,177.4131,Virgo,2049-09-20T14:09Z,163.2745,Virgo,22.783,14.139,0,0
Mercury,2049-12-17T20:59Z,283.6148,Capricorn,2050-01-06T18:52Z,267.3222,Sagittarius,19.911,16.293,0,0
Mercury,2050-04-08T02:28Z,33.0191,Taurus,2050-05-01T19:10Z,22.2422,Aries,23.696,10.777,0,0
Mercury,2050-08-11T06:22Z,159.8792,Virgo,2050-09-03T18:42Z,146.8159,Leo,23.514,13.063,0,0
Mercury,2050-12-01T17:19Z,267.7908,Sagittarius,2050-12-21T11:32Z,251.4968,Sagittarius,19.759,16.294,0,0
Mercury,2051-03-21T05:56Z,15.1845,Aries,2051-04-13T13:37Z,2.8619,Aries,23.32,12.323,0,0
Mercury,2051-07-24T09:02Z,141.5888,Leo,2051-08-17T09:41Z,129.8411,Leo,24.027,11.748,0,0
Mercury,2051-11-15T10:50Z,251.984,Sagittarius,2051-12-05T07:25Z,235.7808,Scorpio,19.857,16.203,0,0
Mercury,2052-03-03T01:52Z,357.9911,Pisces,2052-03-25T19:24Z,344.2745,Pisces,22.731,13.717,0,0
Mercury,2052-07-05T01:45Z,122.4931,Leo,2052-07-29T06:48Z,112.1533,Cancer,24.211,10.34,0,0
Mercury,2052-10-29T00:30Z,236.1296,Scorpio,2052-11-18T05:25Z,220.1073,Scorpio,20.205,16.022,0,0
Mercury,2053-02-14T09:46Z,341.2836,Pisces,2053-03-08T10:16Z,326.4835,Aquarius,22.021,14.8,0,0
Mercury,2053-06-16T06:05Z,102.7226,Cancer,2053-07-10T08:48Z,93.577,Cancer,24.114,9.146,0,0
Mercury,2053-10-12T09:18Z,220.1312,Scorpio,2053-11-02T03:57Z,204.4024,Libra,20.777,15.729,0,0
Mercury,2054-01-29T01:30Z,324.921,Aquarius,2054-02-19T08:19Z,309.3743,Aquarius,21.284,15.547,0,0
Mercury,2054-05-27T22:31Z,82.6725,Gemini,2054-06-20T21:18Z,74.1114,Gemini,23.95,8.561,0,0
Mercury,2054-09-25T12:41Z,203.8931,Libra,2054-10-17T01:08Z,188.6118,Libra,21.518,15.281,0,0
Mercury,2055-01-12T21:41Z,308.7968,Aquarius,2055-02-02T12:25Z,292.792,Capricorn,20.614,16.005,0,0
Mercury,2055-05-08T11:41Z,62.8614,Gemini,2055-06-01T07:58Z,54.0044,Taurus,23.845,8.857,0,0
Mercury,2055-09-08T10:17Z,187.2782,Libra,2055-09-30T18:21Z,172.6518,Virgo,22.336,14.626,0,0
Mercury,2055-12-27T19:37Z,292.8349,Capricorn,2056-01-16T22:01Z,276.5958,Capricorn,20.1,16.239,0,0
Mercury,2056-04-18T10:25Z,43.7322,Taurus,2056-05-12T04:50Z,33.7887,Taurus,23.768,9.944,0,0
Mercury,2056-08-21T01:42Z,170.129,Virgo,2056-09-13T04:28Z,156.4143,Virgo,23.115,13.715,0,0
Mercury,2056-12-10T17:04Z,276.9686,Capricorn,2056-12-30T12:26Z,260.6566,Sagittarius,19.807,16.312,0,0
Mercury,2057-03-31T02:40Z,25.4316,Aries,2057-04-23T16:08Z,13.9944,Aries,23.561,11.437,0,0
Mercury,2057-08-03T09:46Z,152.2936,Virgo,2057-08-27T03:42Z,139.7636,Leo,23.747,12.53,0,0
Mercury,2057-11-24T12:21Z,261.1577,Sagittarius,2057-12-14T06:45Z,244.8896,Sagittarius,19.766,16.268,0,0
Mercury,2058-03-13T13:19Z,7.8832,Aries,2058-04-05T15:57Z,354.939,Pisces,23.109,12.944,0,0
Mercury,2058-07-16T08:23Z,133.6565,Leo,2058-08-09T11:43Z,122.5107,Leo,24.138,11.146,0,0
Mercury,2058-11-08T04:12Z,245.3386,Sagittarius,2058-11-28T03:47Z,229.2045,Scorpio,19.983,16.134,0,0
Mercury,2059-02-24T14:56Z,350.9259,Pisces,2059-03-19T01:36Z,336.7089,Pisces,22.444,14.217,0,0
Mercury,2059-06-27T19:32Z,114.2502,Cancer,2059-07-22T00:50Z,104.4694,Cancer,24.221,9.781,0,0
Mercury,2059-10-22T15:43Z,229.4366,Scorpio,2059-11-12T02:08Z,213.5282,Scorpio,20.434,15.908,0,0
Mercury,2060-02-08T02:47Z,334.383,Pisces,2060-02-29T19:25Z,319.2228,Aquarius,21.693,15.16,0,0
Mercury,2060-06-07T18:31Z,94.2977,Cancer,2060-07-01T19:30Z,85.4977,Gemini,24.041,8.8,0,0
Mercury,2060-10-04T22:27Z,213.3645,Scorpio,2060-10-26T00:17Z,197.8037,Libra,21.076,15.561,0,0
Mercury,2061-01-21T20:54Z,318.1359,Aquarius,2061-02-11T20:18Z,302.3579,Aquarius,20.975,15.778,0,0
Mercury,2061-05-19T08:27Z,74.2692,Gemini,2061-06-12T05:15Z,65.6901,Gemini,23.867,8.579,0,0
Mercury,2061-09-17T23:41Z,196.9861,Libra,2061-10-09T20:04Z,181.9517,Libra,21.849,15.034,0,0
Mercury,2062-01-05T18:04Z,302.087,Aquarius,2062-01-26T03:04Z,285.9598,Capricorn,20.376,16.127,0,0
Mercury,2062-04-29T23:50Z,54.7171,Taurus,2062-05-23T19:49Z,45.4773,Taurus,23.833,9.24,0,0
Mercury,2062-08-31T18:44Z,180.1636,Libra,2062-09-23T10:48Z,165.8903,Virgo,22.67,14.273,0,0
Mercury,2062-12-20T15:54Z,286.1761,Capricorn,2063-01-09T14:51Z,269.8945,Sagittarius,19.956,16.282,0,0
Mercury,2063-04-11T05:23Z,35.9484,Taurus,2063-05-04T22:42Z,25.3971,Aries,23.721,10.551,0,0
Mercury,2063-08-14T06:46Z,162.7335,Virgo,2063-09-06T16:55Z,149.4942,Leo,23.423,13.239,0,0
Mercury,2063-12-04T12:36Z,270.3511,Capricorn,2063-12-24T06:54Z,254.0491,Sagittarius,19.763,16.302,0,0
Mercury,2064-03-23T06:04Z,17.9957,Aries,2064-04-15T15:17Z,5.8985,Aries,23.384,12.097,0,0
Mercury,2064-07-26T10:57Z,144.5635,Leo,2064-08-19T10:06Z,132.6087,Leo,23.964,11.955,0,0
Mercury,2064-11-17T06:38Z,254.5446,Sagittarius,2064-12-07T02:21Z,238.32,Scorpio,19.822,16.225,0,0
Mercury,2065-03-05T23:40Z,0.7166,Aries,2065-03-28T19:40Z,347.1901,Pisces,22.833,13.527,0,0
Mercury,2065-07-08T05:27Z,125.5926,Leo,2065-08-01T10:05Z,115.0471,Cancer,24.193,10.546,0,0
Mercury,2065-10-31T20:53Z,238.6996,Scorpio,2065-11-21T00:11Z,222.6436,Scorpio,20.137,16.056,0,0
Mercury,2066-02-17T06:01Z,343.9499,Pisces,2066-03-11T09:19Z,329.2914,Aquarius,22.138,14.658,0,0
Mercury,2066-06-19T11:28Z,105.9092,Cancer,2066-07-13T15:01Z,96.6166,Cancer,24.148,9.293,0,0
Mercury,2066-10-15T06:22Z,222.7309,Scorpio,2066-11-04T22:48Z,206.9518,Libra,20.685,15.779,0,0
Mercury,2067-01-31T20:54Z,327.5535,Aquarius,2067-02-22T06:15Z,312.0982,Aquarius,21.39,15.455,0,0
Mercury,2067-05-31T05:17Z,85.8703,Gemini,2067-06-24T04:49Z,77.2746,Gemini,23.98,8.596,0,0
Mercury,2067-09-28T10:35Z,206.5398,Libra,2067-10-19T20:19Z,191.182,Libra,21.406,15.358,0,0
Mercury,2068-01-15T16:41Z,311.3975,Aquarius,2068-02-05T09:29Z,295.4431,Capricorn,20.7,15.954,0,0
Mercury,2068-05-10T18:24Z,65.9887,Gemini,2068-06-03T14:39Z,57.2294,Taurus,23.844,8.759,0,0
Mercury,2068-09-10T09:13Z,189.9996,Libra,2068-10-02T14:16Z,175.2598,Virgo,22.21,14.74,0,0
Mercury,2068-12-29T14:32Z,295.4132,Capricorn,2069-01-18T18:25Z,279.1949,Capricorn,20.162,16.218,0,0
Mercury,2069-04-21T14:55Z,46.7346,Taurus,2069-05-15T09:42Z,36.9893,Taurus,23.783,9.745,0,0
Mercury,2069-08-24T01:43Z,172.9387,Virgo,2069-09-16T01:40Z,159.0698,Virgo,22.998,13.869,0,0
Mercury,2069-12-13T12:07Z,279.535,Capricorn,2070-01-02T08:13Z,263.2265,Sagittarius,19.838,16.308,0,0
Mercury,2070-04-03T04:11Z,28.3128,Aries,2070-04-26T18:58Z,17.1102,Aries,23.616,11.203,0,0
Mercury,2070-08-06T10:49Z,155.2098,Virgo,2070-08-30T02:50Z,142.4865,Leo,23.668,12.723,0,0
Mercury,2070-11-27T07:44Z,263.7167,Sagittarius,2070-12-17T01:59Z,247.4385,Sagittarius,19.76,16.278,0,0
Mercury,2071-03-16T12:19Z,10.6614,Aries,2071-04-08T16:53Z,357.9312,Pisces,23.19,12.73,0,0
Mercury,2071-07-19T10:44Z,136.6906,Leo,2071-08-12T13:26Z,125.3331,Leo,24.112,11.358,0,0
Mercury,2071-11-11T00:09Z,247.9044,Sagittarius,2071-11-30T22:36Z,231.7458,Scorpio,19.936,16.159,0,0
Mercury,2072-02-27T12:06Z,353.6265,Pisces,2072-03-21T01:10Z,339.5765,Pisces,22.544,14.05,0,0
Mercury,2072-06-29T23:53Z,117.3833,Cancer,2072-07-24T05:18Z,107.4141,Cancer,24.225,9.969,0,0
Mercury,2072-10-24T12:27Z,232.0204,Scorpio,2072-11-13T20:51Z,216.0693,Scorpio,20.35,15.951,0,0
Mercury,2073-02-09T22:42Z,337.0271,Pisces,2073-03-03T18:01Z,321.9848,Aquarius,21.805,15.042,0,0
Mercury,2073-06-11T00:53Z,97.4888,Cancer,2073-07-05T02:18Z,88.5826,Gemini,24.059,8.906,0,0
Mercury,2073-10-07T20:01Z,215.9809,Scorpio,2073-10-28T19:12Z,200.3561,Libra,20.966,15.625,0,0
Mercury,2074-01-24T16:03Z,320.738,Aquarius,2074-02-14T18:01Z,305.0348,Aquarius,21.082,15.703,0,0
Mercury,2074-05-22T15:25Z,77.4371,Gemini,2074-06-15T12:50Z,68.8834,Gemini,23.892,8.554,0,0
Mercury,2074-09-20T22:02Z,199.6517,Libra,2074-10-12T15:33Z,184.5257,Libra,21.73,15.126,0,0
Mercury,2075-01-08T12:53Z,304.6685,Aquarius,2075-01-28T23:54Z,288.5808,Capricorn,20.459,16.088,0,0
Mercury,2075-05-03T05:40Z,57.7878,Taurus,2075-05-27T01:56Z,48.6976,Taurus,23.844,9.09,0,0
Mercury,2075-09-03T17:53Z,182.8974,Libra,2075-09-26T07:14Z,168.4963,Virgo,22.556,14.401,0,0
Mercury,2075-12-23T10:47Z,288.7406,Capricorn,2076-01-12T10:53Z,272.4711,Capricorn,20.004,16.27,0,0
Mercury,2076-04-13T08:45Z,38.8885,Taurus,2076-05-07T02:29Z,28.5561,Aries,23.739,10.332,0,0
Mercury,2076-08-16T07:05Z,165.571,Virgo,2076-09-08T14:49Z,152.161,Virgo,23.322,13.41,0,0
Mercury,2076-12-06T07:48Z,272.9048,Capricorn,2076-12-26T02:18Z,256.5958,Sagittarius,19.771,16.309,0,0
Mercury,2077-03-26T06:29Z,20.8116,Aries,2077-04-18T17:13Z,8.9425,Aries,23.447,11.869,0,0
Mercury,2077-07-29T12:45Z,147.5186,Leo,2077-08-22T10:09Z,135.3589,Leo,23.892,12.16,0,0
Mercury,2077-11-20T02:21Z,257.0938,Sagittarius,2077-12-09T21:24Z,240.8509,Sagittarius,19.794,16.243,0,0
Mercury,2078-03-08T21:44Z,3.4471,Aries,2078-03-31T20:11Z,350.1191,Pisces,22.935,13.328,0,0
Mercury,2078-07-11T08:47Z,128.6666,Leo,2078-08-04T13:01Z,117.9115,Cancer,24.176,10.755,0,0
Mercury,2078-11-03T17:08Z,241.2539,Sagittarius,2078-11-23T19:00Z,225.1687,Scorpio,20.078,16.085,0,0
Mercury,2079-02-20T02:31Z,346.619,Pisces,2079-03-14T08:30Z,332.1094,Pisces,22.249,14.51,0,0
Mercury,2079-06-22T16:29Z,109.0717,Cancer,2079-07-16T20:52Z,99.6186,Cancer,24.183,9.453,0,0
Mercury,2079-10-18T03:21Z,225.3149,Scorpio,2079-11-07T17:39Z,209.4893,Libra,20.596,15.826,0,0
Mercury,2080-02-03T16:28Z,330.1755,Pisces,2080-02-25T04:20Z,314.8172,Aquarius,21.494,15.358,0,0
Mercury,2080-06-02T12:01Z,89.0529,Gemini,2080-06-26T12:07Z,80.4024,Gemini,24.005,8.651,0,0
Mercury,2080-09-30T08:24Z,209.1704,Libra,2080-10-21T15:23Z,193.7389,Libra,21.291,15.431,0,0
Mercury,2081-01-17T11:44Z,313.9853,Aquarius,2081-02-07T06:42Z,298.0864,Capricorn,20.79,15.899,0,0
Mercury,2081-05-14T01:20Z,69.1165,Gemini,2081-06-06T21:31Z,60.4385,Gemini,23.841,8.678,0,0
Mercury,2081-09-13T08:02Z,192.6963,Libra,2081-10-05T10:00Z,177.8478,Virgo,22.082,14.848,0,0
Mercury,2082-01-01T09:21Z,297.9794,Capricorn,2082-01-21T14:54Z,281.7876,Capricorn,20.231,16.192,0,0
Mercury,2082-04-24T19:42Z,49.7475,Taurus,2082-05-18T14:55Z,40.1926,Taurus,23.8,9.555,0,0
Mercury,2082-08-27T01:27Z,175.7215,Virgo,2082-09-18T22:36Z,161.7041,Virgo,22.881,14.017,0,0
Mercury,2082-12-16T07:03Z,282.0955,Capricorn,2083-01-05T04:04Z,265.7945,Sagittarius,19.876,16.301,0,0
Mercury,2083-04-06T06:08Z,31.2071,Taurus,2083-04-29T22:04Z,20.2365,Aries,23.664,10.971,0,0
Mercury,2083-08-09T11:33Z,158.0984,Virgo,2083-09-02T01:39Z,145.1895,Leo,23.588,12.909,0,0
Mercury,2083-11-30T03:02Z,266.2763,Sagittarius,2083-12-19T21:14Z,249.989,Sagittarius,19.758,16.287,0,0
Mercury,2084-03-18T11:46Z,13.4565,Aries,2084-04-10T18:03Z,0.9437,Aries,23.262,12.513,0,0
Mercury,2084-07-21T12:59Z,139.7069,Leo,2084-08-14T14:41Z,128.1404,Leo,24.071,11.567,0,0
Mercury,2084-11-12T20:05Z,250.474,Sagittarius,2084-12-02T17:29Z,234.2908,Scorpio,19.892,16.183,0,0
Mercury,2085-03-01T09:33Z,356.3392,Pisces,2085-03-24T01:00Z,342.4642,Pisces,22.644,13.875,0,0
Mercury,2085-07-03T04:07Z,120.5136,Leo,2085-07-27T09:21Z,110.3486,Cancer,24.218,10.165,0,0
Mercury,2085-10-27T09:09Z,234.6087,Scorpio,2085-11-16T15:37Z,218.6172,Scorpio,20.27,15.991,0,0
Mercury,2086-02-12T18:45Z,339.6844,Pisces,2086-03-06T16:50Z,324.7693,Aquarius,21.92,14.915,0,0
Mercury,2086-06-14T06:57Z,100.6908,Cancer,2086-07-08T09:01Z,91.6615,Cancer,24.087,9.029,0,0
Mercury,2086-10-10T17:24Z,218.5929,Scorpio,2086-10-31T14:06Z,202.9106,Libra,20.862,15.682,0,0
Mercury,2087-01-27T11:13Z,323.3561,Aquarius,2087-02-17T15:47Z,307.7346,Aquarius,21.19,15.621,0,0
Mercury,2087-05-25T22:19Z,80.6272,Gemini,2087-06-18T20:31Z,72.0778,Gemini,23.925,8.549,0,0
Mercury,2087-09-23T20:10Z,202.3134,Libra,2087-10-15T10:55Z,187.1026,Libra,21.615,15.211,0,0
Mercury,2088-01-11T07:44Z,307.2624,Aquarius,2088-01-31T20:44Z,291.2174,Capricorn,20.542,16.045,0,0
Mercury,2088-05-05T11:49Z,60.8812,Gemini,2088-05-29T08:08Z,51.9233,Taurus,23.847,8.958,0,0
Mercury,2088-09-05T16:54Z,185.634,Libra,2088-09-28T03:27Z,171.1103,Virgo,22.44,14.524,0,0
Mercury,2088-12-25T05:40Z,291.3168,Capricorn,2089-01-14T06:57Z,275.0615,Capricorn,20.054,16.255,0,0
Mercury,2089-04-16T12:30Z,41.8533,Taurus,2089-05-10T06:32Z,31.7342,Taurus,23.752,10.119,0,0
Mercury,2089-08-19T07:20Z,168.4108,Virgo,2089-09-11T12:27Z,154.8338,Virgo,23.213,13.577,0,0
Mercury,2089-12-09T02:58Z,275.4659,Capricorn,2089-12-28T21:52Z,259.1531,Sagittarius,19.787,16.313,0,0
Mercury,2090-03-29T07:17Z,23.6582,Aries,2090-04-21T19:31Z,12.0215,Aries,23.51,11.637,0,0
Mercury,2090-08-01T14:20Z,150.4726,Virgo,2090-08-25T09:54Z,138.111,Leo,23.815,12.362,0,0
Mercury,2090-11-22T21:58Z,259.6525,Sagittarius,2090-12-12T16:35Z,243.3945,Sagittarius,19.775,16.258,0,0
Mercury,2091-03-11T20:11Z,6.2051,Aries,2091-04-03T20:58Z,353.0817,Pisces,23.033,13.123,0,0
Mercury,2091-07-14T11:45Z,131.7273,Leo,2091-08-07T15:34Z,120.7624,Leo,24.159,10.965,0,0
Mercury,2091-11-06T13:18Z,243.82,Sagittarius,2091-11-26T13:54Z,227.7078,Scorpio,20.025,16.112,0,0
Mercury,2092-02-22T23:17Z,349.3036,Pisces,2092-03-16T07:48Z,334.9485,Pisces,22.355,14.355,0,0
Mercury,2092-06-24T21:16Z,112.2262,Cancer,2092-07-19T02:14Z,102.602,Cancer,24.207,9.624,0,0
Mercury,2092-10-20T00:13Z,227.9059,Scorpio,2092-11-09T12:26Z,212.0347,Scorpio,20.509,15.871,0,0
Mercury,2093-02-05T12:07Z,332.8006,Pisces,2093-02-27T02:31Z,317.5454,Aquarius,21.6,15.255,0,0
Mercury,2093-06-05T18:39Z,92.2419,Cancer,2093-06-29T19:13Z,83.5185,Gemini,24.023,8.723,0,0
Mercury,2093-10-03T06:08Z,211.7973,Scorpio,2093-10-24T10:20Z,196.2949,Libra,21.175,15.502,0,0
Mercury,2094-01-20T06:46Z,316.5761,Aquarius,2094-02-10T04:04Z,300.7382,Aquarius,20.887,15.838,0,0
Mercury,2094-05-17T08:18Z,72.258,Gemini,2094-06-10T04:43Z,63.6423,Gemini,23.851,8.616,0,0
Mercury,2094-09-16T06:40Z,195.3713,Libra,2094-10-08T05:35Z,180.42,Libra,21.955,14.951,0,0
Mercury,2095-01-04T04:09Z,300.5462,Aquarius,2095-01-24T11:32Z,284.3868,Capricorn,20.307,16.159,0,0
Mercury,2095-04-28T00:50Z,52.7747,Taurus,2095-05-21T20:30Z,43.3961,Taurus,23.819,9.379,0,0
Mercury,2095-08-30T00:58Z,178.4768,Virgo,2095-09-21T19:23Z,164.3193,Virgo,22.767,14.158,0,0
Mercury,2095-12-19T01:57Z,284.6512,Capricorn,2096-01-07T23:58Z,268.3595,Sagittarius,19.918,16.292,0,0
Mercury,2096-04-08T08:34Z,34.1076,Taurus,2096-05-02T01:21Z,23.3635,Aries,23.699,10.744,0,0
Mercury,2096-08-11T12:07Z,160.9604,Virgo,2096-09-04T00:11Z,147.8725,Leo,23.503,13.088,0,0
Mercury,2096-12-01T22:20Z,268.8272,Sagittarius,2096-12-21T16:33Z,252.5315,Sagittarius,19.759,16.296,0,0
Mercury,2097-03-21T11:35Z,16.2487,Aries,2097-04-13T19:27Z,3.9571,Aries,23.328,12.292,0,0
Mercury,2097-07-24T15:07Z,142.6977,Leo,2097-08-17T15:31Z,130.9216,Leo,24.017,11.776,0,0
Mercury,2097-11-15T15:57Z,253.0268,Sagittarius,2097-12-05T12:24Z,236.8197,Scorpio,19.852,16.207,0,0
Mercury,2098-03-04T07:11Z,359.0459,Pisces,2098-03-27T01:03Z,345.3556,Pisces,22.745,13.69,0,0
Mercury,2098-07-06T08:03Z,123.6208,Leo,2098-07-30T13:01Z,113.2527,Cancer,24.207,10.368,0,0
Mercury,2098-10-30T05:41Z,237.1754,Scorpio,2098-11-19T10:23Z,221.1477,Scorpio,20.195,16.028,0,0
Mercury,2099-02-15T14:54Z,342.3386,Pisces,2099-03-09T15:46Z,327.5588,Aquarius,22.037,14.78,0,0
Mercury,2099-06-17T12:34Z,103.8648,Cancer,2099-07-11T15:27Z,94.6982,Cancer,24.12,9.167,0,0
Mercury,2099-10-13T14:37Z,221.1859,Scorpio,2099-11-03T08:57Z,205.4503,Libra,20.764,15.736,0,0
Mercury,2100-01-30T06:29Z,325.9726,Aquarius,2100-02-20T13:39Z,310.4384,Aquarius,21.298,15.534,0,0
Mercury,2100-05-29T05:06Z,83.8048,Gemini,2100-06-22T04:02Z,75.2394,Gemini,23.955,8.565,0,0
Mercury,2100-09-26T18:08Z,204.9606,Libra,2100-10-18T06:11Z,189.6696,Libra,21.502,15.291,0,0
Venus,1900-06-16T22:20Z,114.0009,Cancer,1900-07-30T02:29Z,97.4999,Cancer,43.173,16.501,0,0
Venus,1902-01-25T03:02Z,333.3577,Pisces,1902-03-07T12:46Z,317.524,Aquarius,41.405,15.834,0,0
Venus,1903-08-27T17:36Z,181.7347,Libra,1903-10-09T04:36Z,165.6578,Virgo,42.458,16.077,0,0
Venus,1905-04-06T03:53Z,44.7067,Taurus,1905-05-18T18:04Z,28.2711,Aries,42.591,16.436,0,0
Venus,1906-11-09T15:36Z,254.7427,Sagittarius,1906-12-20T16:26Z,239.4469,Scorpio,41.035,15.296,0,0
Venus,1908-06-14T14:51Z,111.8548,Cancer,1908-07-27T18:25Z,95.3439,Cancer,43.149,16.511,0,0
Venus,1910-01-22T17:23Z,330.9309,Pisces,1910-03-05T01:55Z,315.1199,Aquarius,41.355,15.811,0,0
Venus,1911-08-25T07:54Z,179.4778,Virgo,1911-10-06T20:24Z,163.3805,Virgo,42.521,16.097,0,0
Venus,1913-04-03T19:46Z,42.4982,Taurus,1913-05-16T09:38Z,26.0788,Aries,42.578,16.419,0,0
Venus,1914-11-07T03:11Z,252.2889,Sagittarius,1914-12-18T04:29Z,236.9759,Scorpio,41.054,15.313,0,0
Venus,1916-06-12T07:48Z,109.7311,Cancer,1916-07-25T10:48Z,93.2101,Cancer,43.125,16.521,0,0
Venus,1918-01-20T07:51Z,328.5141,Aquarius,1918-03-02T15:24Z,312.7323,Aquarius,41.315,15.782,0,0
Venus,1919-08-22T21:51Z,177.2398,Virgo,1919-10-04T11:46Z,161.1235,Virgo,42.58,16.116,0,0
Venus,1921-04-01T11:19Z,40.2747,Taurus,1921-05-14T00:27Z,23.8687,Aries,42.547,16.406,0,0
Venus,1922-11-04T15:21Z,249.8385,Sagittarius,1922-12-15T17:08Z,234.5056,Scorpio,41.074,15.333,0,0
Venus,1924-06-10T00:50Z,107.5834,Cancer,1924-07-23T03:34Z,91.0574,Cancer,43.114,16.526,0,0
Venus,1926-01-17T22:10Z,326.0766,Aquarius,1926-02-28T04:47Z,310.3336,Aquarius,41.276,15.743,0,0
Venus,1927-08-20T11:42Z,174.9962,Virgo,1927-10-02T02:50Z,158.8565,Virgo,42.631,16.14,0,0
Venus,1929-03-30T03:03Z,38.0436,Taurus,1929-05-11T15:01Z,21.6472,Aries,42.499,16.396,0,0
Venus,1930-11-02T03:50Z,247.3877,Sagittarius,1930-12-13T06:23Z,232.0327,Scorpio,41.107,15.355,0,0
Venus,1932-06-07T17:35Z,105.4369,Cancer,1932-07-20T20:22Z,88.9132,Gemini,43.116,16.524,0,0
Venus,1934-01-15T11:45Z,323.6428,Aquarius,1934-02-25T17:42Z,307.9376,Aquarius,41.248,15.705,0,0
Venus,1935-08-18T01:41Z,172.7691,Virgo,1935-09-29T17:46Z,156.5997,Virgo,42.67,16.169,0,0
Venus,1937-03-27T19:06Z,35.8336,Taurus,1937-05-09T05:56Z,19.4394,Aries,42.451,16.394,0,0
Venus,1938-10-30T16:22Z,244.9399,Sagittarius,1938-12-10T19:52Z,229.5678,Scorpio,41.146,15.372,0,0
Venus,1940-06-05T10:05Z,103.3044,Cancer,1940-07-18T13:13Z,86.7853,Gemini,43.13,16.519,0,0
Venus,1942-01-13T00:41Z,321.1872,Aquarius,1942-02-23T06:02Z,305.5191,Aquarius,41.223,15.668,0,0
Venus,1943-08-15T16:36Z,170.5524,Virgo,1943-09-27T09:15Z,154.3511,Virgo,42.693,16.201,0,0
Venus,1945-03-25T11:24Z,33.5808,Taurus,1945-05-06T21:03Z,17.1935,Aries,42.402,16.387,0,0
Venus,1946-10-28T04:52Z,242.497,Sagittarius,1946-12-08T09:32Z,227.1156,Scorpio,41.195,15.381,0,0
Venus,1948-06-03T02:01Z,101.1504,Cancer,1948-07-16T05:25Z,84.6372,Gemini,43.141,16.513,0,0
Venus,1950-01-10T13:35Z,318.7403,Aquarius,1950-02-20T18:03Z,303.104,Aquarius,41.186,15.636,0,0
Venus,1951-08-13T07:51Z,168.3348,Virgo,1951-09-25T00:58Z,152.1038,Virgo,42.713,16.231,0,0
Venus,1953-03-23T03:53Z,31.3431,Taurus,1953-05-04T12:33Z,14.9676,Aries,42.362,16.376,0,0
Venus,1954-10-25T16:36Z,240.0608,Sagittarius,1954-12-05T22:39Z,224.6671,Scorpio,41.252,15.394,0,0
Venus,1956-05-31T18:04Z,99.0182,Cancer,1956-07-13T21:20Z,82.5045,Gemini,43.136,16.514,0,0
Venus,1958-01-08T02:47Z,316.2995,Aquarius,1958-02-18T06:17Z,300.6839,Aquarius,41.146,15.616,0,0
Venus,1959-08-10T23:16Z,166.121,Virgo,1959-09-22T17:15Z,149.8651,Leo,42.75,16.256,0,0
Venus,1961-03-20T20:12Z,29.0959,Aries,1961-05-02T04:15Z,12.7376,Aries,42.335,16.358,0,0
Venus,1962-10-23T04:14Z,237.6266,Scorpio,1962-12-03T11:26Z,222.2155,Scorpio,41.3,15.411,0,0
Venus,1964-05-29T10:29Z,96.8736,Cancer,1964-07-11T13:00Z,80.3564,Gemini,43.105,16.517,0,0
Venus,1966-01-05T16:21Z,313.8323,Aquarius,1966-02-15T18:41Z,298.2379,Capricorn,41.097,15.594,0,0
Venus,1967-08-08T14:29Z,163.9065,Virgo,1967-09-20T09:34Z,147.6359,Leo,42.795,16.271,0,0
Venus,1969-03-18T11:49Z,26.8282,Aries,1969-04-29T19:20Z,10.4943,Aries,42.313,16.334,0,0
Venus,1970-10-20T15:56Z,235.2147,Scorpio,1970-12-01T00:03Z,219.7805,Scorpio,41.338,15.434,0,0
Venus,1972-05-27T03:14Z,94.7438,Cancer,1972-07-09T04:55Z,78.2197,Gemini,43.07,16.524,0,0
Venus,1974-01-03T06:07Z,311.3736,Aquarius,1974-02-13T07:28Z,295.8045,Capricorn,41.056,15.569,0,0
Venus,1975-08-06T05:21Z,161.713,Virgo,1975-09-18T01:46Z,145.4283,Leo,42.851,16.285,0,0
Venus,1977-03-16T03:01Z,24.5576,Aries,1977-04-27T09:49Z,8.2459,Aries,42.283,16.312,0,0
Venus,1978-10-18T03:58Z,232.8056,Scorpio,1978-11-28T13:09Z,217.336,Scorpio,41.383,15.47,0,0
Venus,1980-05-24T20:10Z,92.5858,Cancer,1980-07-06T21:15Z,76.0557,Gemini,43.045,16.53,0,0
Venus,1981-12-31T19:45Z,308.9013,Aquarius,1982-02-10T20:37Z,293.3608,Capricorn,41.036,15.54,0,0
Venus,1983-08-03T19:43Z,159.4962,Virgo,1983-09-15T17:22Z,143.1967,Leo,42.902,16.299,0,0
Venus,1985-03-13T18:17Z,22.2961,Aries,1985-04-25T00:09Z,6.0016,Aries,42.244,16.295,0,0
Venus,1986-10-15T16:33Z,230.397,Scorpio,1986-11-26T02:46Z,214.8939,Scorpio,41.426,15.503,0,0
Venus,1988-05-22T13:26Z,90.4539,Cancer,1988-07-04T14:09Z,73.9256,Gemini,43.029,16.528,0,0
Venus,1989-12-29T08:50Z,306.4249,Aquarius,1990-02-08T09:16Z,290.921,Capricorn,41.018,15.504,0,0
Venus,1991-08-01T10:35Z,157.3238,Virgo,1991-09-13T08:56Z,141.007,Leo,42.931,16.317,0,0
Venus,1993-03-11T09:28Z,20.023,Aries,1993-04-22T14:13Z,3.7409,Aries,42.198,16.282,0,0
Venus,1994-10-13T05:41Z,228.0106,Scorpio,1994-11-23T16:57Z,212.4797,Scorpio,41.47,15.531,0,0
Venus,1996-05-20T06:08Z,88.2979,Gemini,1996-07-02T06:51Z,71.7757,Gemini,43.03,16.522,0,0
Venus,1997-12-26T21:21Z,303.9379,Aquarius,1998-02-05T21:26Z,288.4674,Capricorn,41.004,15.47,0,0
Venus,1999-07-30T01:42Z,155.1298,Virgo,1999-09-11T00:23Z,138.7878,Leo,42.946,16.342,0,0
Venus,2001-03-09T01:07Z,17.7293,Aries,2001-04-20T04:34Z,1.4563,Aries,42.144,16.273,0,0
Venus,2002-10-10T18:35Z,225.6096,Scorpio,2002-11-21T07:13Z,210.0536,Scorpio,41.526,15.556,0,0
Venus,2004-05-17T22:28Z,86.1383,Gemini,2004-06-29T23:15Z,69.6256,Gemini,43.033,16.513,0,0
Venus,2005-12-24T09:36Z,301.4668,Aquarius,2006-02-03T09:19Z,286.0219,Capricorn,40.988,15.445,0,0
Venus,2007-07-27T17:28Z,152.9565,Virgo,2007-09-08T16:14Z,136.5908,Leo,42.949,16.366,0,0
Venus,2009-03-06T17:17Z,15.4576,Aries,2009-04-17T19:24Z,359.199,Pisces,42.088,16.259,0,0
Venus,2010-10-08T07:05Z,223.2328,Scorpio,2010-11-18T21:18Z,207.6573,Libra,41.592,15.576,0,0
Venus,2012-05-15T14:33Z,83.9921,Gemini,2012-06-27T15:07Z,67.4877,Gemini,43.024,16.504,0,0
Venus,2013-12-21T21:53Z,298.9823,Capricorn,2014-01-31T20:49Z,283.5565,Capricorn,40.955,15.426,0,0
Venus,2015-07-25T09:29Z,150.7731,Virgo,2015-09-06T08:29Z,134.3884,Leo,42.959,16.385,0,0
Venus,2017-03-04T09:09Z,13.1471,Aries,2017-04-15T10:18Z,356.9094,Pisces,42.048,16.238,0,0
Venus,2018-10-05T19:04Z,220.8396,Scorpio,2018-11-16T10:51Z,205.2424,Libra,41.657,15.597,0,0
Venus,2020-05-13T06:45Z,81.8401,Gemini,2020-06-25T06:48Z,65.3365,Gemini,43.002,16.504,0,0
Venus,2021-12-19T10:36Z,296.4903,Capricorn,2022-01-29T08:46Z,281.077,Capricorn,40.924,15.413,0,0
Venus,2023-07-23T01:33Z,148.6032,Leo,2023-09-04T01:20Z,132.2037,Leo,42.991,16.399,0,0
Venus,2025-03-02T00:36Z,10.8357,Aries,2025-04-13T01:02Z,354.6249,Pisces,42.018,16.211,0,0
Venus,2026-10-03T07:16Z,218.4911,Scorpio,2026-11-14T00:27Z,202.8637,Libra,41.716,15.627,0,0
Venus,2028-05-10T23:03Z,79.6867,Gemini,2028-06-22T22:13Z,63.1797,Gemini,42.965,16.507,0,0
Venus,2029-12-16T23:47Z,294.0284,Capricorn,2030-01-26T21:33Z,278.6282,Capricorn,40.907,15.4,0,0
Venus,2031-07-20T17:08Z,146.4269,Leo,2031-09-01T17:57Z,130.0197,Leo,43.034,16.407,0,0
Venus,2033-02-27T15:41Z,8.5311,Aries,2033-04-10T15:27Z,352.3509,Pisces,41.991,16.18,0,0
Venus,2034-09-30T19:37Z,216.1287,Scorpio,2034-11-11T14:02Z,200.4646,Libra,41.767,15.664,0,0
Venus,2036-05-08T15:58Z,77.5284,Gemini,2036-06-20T14:12Z,61.0185,Gemini,42.926,16.51,0,0
Venus,2037-12-14T12:47Z,291.5211,Capricorn,2038-01-24T10:20Z,276.1398,Capricorn,40.898,15.381,0,0
Venus,2039-07-18T08:36Z,144.2509,Leo,2039-08-30T10:14Z,127.8398,Leo,43.068,16.411,0,0
Venus,2041-02-25T06:07Z,6.1966,Aries,2041-04-08T05:08Z,350.0433,Pisces,41.959,16.153,0,0
Venus,2042-09-28T08:42Z,213.7802,Scorpio,2042-11-09T04:04Z,198.077,Libra,41.808,15.703,0,0
Venus,2044-05-06T09:01Z,75.374,Gemini,2044-06-18T06:37Z,58.8621,Taurus,42.9,16.512,0,0
Venus,2045-12-12T01:29Z,289.0294,Capricorn,2046-01-21T22:57Z,273.6715,Capricorn,40.895,15.358,0,0
Venus,2047-07-15T23:46Z,142.0977,Leo,2047-08-28T02:08Z,125.6758,Leo,43.098,16.422,0,0
Venus,2049-02-22T20:42Z,3.8787,Aries,2049-04-05T18:37Z,347.746,Pisces,41.913,16.133,0,0
Venus,2050-09-25T22:20Z,211.4491,Scorpio,2050-11-06T18:44Z,195.7074,Libra,41.85,15.742,0,0
Venus,2052-05-04T02:06Z,73.2084,Gemini,2052-06-15T23:09Z,56.7023,Taurus,42.877,16.506,0,0
Venus,2053-12-09T13:52Z,286.5415,Capricorn,2054-01-19T11:20Z,271.208,Capricorn,40.895,15.333,0,0
Venus,2055-07-13T15:18Z,139.9341,Leo,2055-08-25T17:51Z,123.4989,Leo,43.106,16.435,0,0
Venus,2057-02-20T11:44Z,1.544,Aries,2057-04-03T08:13Z,345.4297,Pisces,41.853,16.114,0,0
Venus,2058-09-23T11:58Z,209.1059,Libra,2058-11-04T09:43Z,193.3354,Libra,41.906,15.77,0,0
Venus,2060-05-01T18:43Z,71.0276,Gemini,2060-06-13T15:26Z,54.5343,Taurus,42.863,16.493,0,0
Venus,2061-12-07T01:33Z,284.0429,Capricorn,2062-01-16T23:02Z,268.7282,Sagittarius,40.895,15.315,0,0
Venus,2063-07-11T07:12Z,137.7791,Leo,2063-08-23T09:30Z,121.3274,Leo,43.096,16.452,0,0
Venus,2065-02-18T03:03Z,359.2135,Pisces,2065-03-31T22:08Z,343.1156,Pisces,41.795,16.098,0,0
Venus,2066-09-21T01:11Z,206.7804,Libra,2066-11-02T00:40Z,190.9841,Libra,41.978,15.796,0,0
Venus,2068-04-29T10:51Z,68.8709,Gemini,2068-06-11T07:33Z,52.3885,Taurus,42.862,16.482,0,0
Venus,2069-12-04T13:10Z,281.5544,Capricorn,2070-01-14T10:38Z,266.2464,Sagittarius,40.894,15.308,0,0
Venus,2071-07-08T23:43Z,135.6363,Leo,2071-08-21T01:57Z,119.1671,Cancer,43.093,16.469,0,0
Venus,2073-02-15T18:23Z,356.8511,Pisces,2073-03-29T12:16Z,340.7755,Pisces,41.745,16.076,0,0
Venus,2074-09-18T14:11Z,204.4584,Libra,2074-10-30T15:26Z,188.6385,Libra,42.052,15.82,0,0
Venus,2076-04-27T02:38Z,66.6777,Gemini,2076-06-08T22:55Z,50.2044,Taurus,42.845,16.473,0,0
Venus,2077-12-02T01:21Z,279.071,Capricorn,2078-01-11T22:37Z,263.7657,Sagittarius,40.886,15.305,0,0
Venus,2079-07-06T16:13Z,133.4761,Leo,2079-08-18T18:39Z,116.996,Cancer,43.101,16.48,0,0
Venus,2081-02-13T09:35Z,354.4976,Pisces,2081-03-27T02:36Z,338.4553,Pisces,41.709,16.042,0,0
Venus,2082-09-16T02:54Z,202.1522,Libra,2082-10-28T05:43Z,186.3042,Libra,42.117,15.848,0,0
Venus,2084-04-24T18:47Z,64.514,Gemini,2084-06-06T14:12Z,48.0453,Taurus,42.809,16.469,0,0
Venus,2085-11-29T13:45Z,276.5904,Capricorn,2086-01-09T11:05Z,261.2821,Sagittarius,40.889,15.308,0,0
Venus,2087-07-04T08:45Z,131.3292,Leo,2087-08-16T11:36Z,114.845,Cancer,43.119,16.484,0,0
Venus,2089-02-11T00:12Z,352.1328,Pisces,2089-03-24T16:40Z,336.123,Pisces,41.686,16.01,0,0
Venus,2090-09-13T15:54Z,199.8469,Libra,2090-10-25T19:51Z,183.9636,Libra,42.165,15.883,0,0
Venus,2092-04-22T11:12Z,62.3345,Gemini,2092-06-04T05:41Z,45.8625,Taurus,42.77,16.472,0,0
Venus,2093-11-27T02:29Z,274.0939,Capricorn,2094-01-06T23:58Z,258.7874,Sagittarius,40.895,15.307,0,0
Venus,2095-07-02T00:53Z,129.172,Leo,2095-08-14T04:19Z,112.6879,Cancer,43.143,16.484,0,0
Venus,2097-02-08T14:20Z,349.7487,Pisces,2097-03-22T05:56Z,333.7747,Pisces,41.65,15.974,0,0
Venus,2098-09-11T05:35Z,197.5637,Libra,2098-10-23T10:25Z,181.6423,Libra,42.201,15.921,0,0
Venus,2100-04-21T04:03Z,60.1512,Gemini,2100-06-02T21:22Z,43.6806,Taurus,42.721,16.471,0,0
Mars,1901-01-13T07:04Z,162.5473,Virgo,1901-04-04T06:52Z,143.0633,Leo,80.992,19.484,0,0
Mars,1903-02-18T15:34Z,196.2863,Libra,1903-05-09T15:26Z,177.4368,Virgo,79.994,18.85,0,0
Mars,1905-04-02T20:46Z,235.1085,Scorpio,1905-06-17T07:24Z,218.3257,Scorpio,75.443,16.783,0,0
Mars,1907-06-05T06:42Z,288.8986,Capricorn,1907-08-09T03:28Z,276.9807,Capricorn,64.865,11.918,0,0
Mars,1909-08-23T02:21Z,6.7951,Aries,1909-10-24T07:16Z,355.4481,Pisces,62.205,11.347,0,0
Mars,1911-10-18T08:37Z,70.9629,Gemini,1911-12-29T16:25Z,54.3037,Taurus,72.324,16.659,0,0
Mars,1913-11-26T21:11Z,114.5646,Cancer,1914-02-12T23:35Z,95.6709,Cancer,78.1,18.894,0,0
Mars,1915-12-31T22:29Z,149.8232,Leo,1916-03-21T14:43Z,130.3261,Leo,80.676,19.497,0,0
Mars,1918-02-03T23:01Z,183.065,Libra,1918-04-25T16:43Z,163.8496,Virgo,80.738,19.215,0,0
Mars,1920-03-15T03:04Z,219.099,Scorpio,1920-05-31T22:25Z,201.2441,Libra,77.806,17.855,0,0
Mars,1922-05-08T06:09Z,265.2722,Sagittarius,1922-07-17T02:12Z,251.1023,Sagittarius,69.835,14.17,0,0
Mars,1924-07-24T11:02Z,335.31,Pisces,1924-09-22T09:15Z,325.3305,Aquarius,59.926,9.98,0,0
Mars,1926-09-29T05:43Z,49.457,Taurus,1926-12-07T02:25Z,34.5232,Taurus,68.863,14.934,0,0
Mars,1928-11-12T04:13Z,99.2897,Cancer,1929-01-27T12:02Z,80.9883,Gemini,76.326,18.301,0,0
Mars,1930-12-18T13:45Z,136.8122,Leo,1931-03-08T13:52Z,117.4298,Cancer,80.005,19.382,0,0
Mars,1933-01-21T01:28Z,170.2835,Virgo,1933-04-12T02:17Z,150.861,Virgo,81.034,19.423,0,0
Mars,1935-02-27T12:11Z,204.6168,Libra,1935-05-17T21:37Z,186.0523,Libra,79.393,18.564,0,0
Mars,1937-04-14T14:41Z,245.5336,Sagittarius,1937-06-27T10:08Z,229.5316,Scorpio,73.81,16.002,0,0
Mars,1939-06-22T18:33Z,304.706,Aquarius,1939-08-23T23:58Z,293.9183,Capricorn,62.226,10.788,0,0
Mars,1941-09-06T18:34Z,23.7199,Aries,1941-11-10T08:33Z,11.0744,Aries,64.583,12.646,0,0
Mars,1943-10-28T05:15Z,82.2323,Gemini,1944-01-10T04:37Z,64.857,Gemini,73.973,17.375,0,0
Mars,1945-12-04T22:49Z,123.2297,Leo,1946-02-21T21:12Z,104.1074,Cancer,78.932,19.122,0,0
Mars,1948-01-08T13:49Z,157.6101,Virgo,1948-03-29T12:33Z,138.1037,Leo,80.947,19.506,0,0
Mars,1950-02-12T05:49Z,191.0402,Libra,1950-05-03T15:51Z,172.0059,Virgo,80.419,19.034,0,0
Mars,1952-03-25T11:06Z,228.4751,Scorpio,1952-06-10T02:45Z,211.1652,Scorpio,76.652,17.31,0,0
Mars,1954-05-23T12:47Z,278.5321,Capricorn,1954-07-29T15:20Z,265.5896,Sagittarius,67.106,12.942,0,0
Mars,1956-08-10T16:19Z,353.6565,Pisces,1956-10-10T10:06Z,343.1517,Pisces,60.742,10.505,0,0
Mars,1958-10-10T09:47Z,62.5355,Gemini,1958-12-20T06:45Z,46.5778,Taurus,70.874,15.958,0,0
Mars,1960-11-20T17:04Z,108.6539,Cancer,1961-02-06T02:51Z,89.9924,Gemini,77.408,18.661,0,0
Mars,1962-12-26T06:11Z,144.7987,Leo,1963-03-16T17:21Z,125.3357,Leo,80.465,19.463,0,0
Mars,1965-01-28T22:38Z,178.0463,Virgo,1965-04-19T21:56Z,158.72,Virgo,80.971,19.326,0,0
Mars,1967-03-08T17:44Z,213.1951,Scorpio,1967-05-26T09:29Z,194.9846,Libra,78.656,18.211,0,0
Mars,1969-04-27T11:24Z,256.7598,Sagittarius,1969-07-08T06:07Z,241.6987,Sagittarius,71.78,15.061,0,0
Mars,1971-07-11T06:30Z,321.9571,Aquarius,1971-09-09T13:51Z,311.8903,Aquarius,60.306,10.067,0,0
Mars,1973-09-19T23:19Z,39.2714,Taurus,1973-11-26T00:06Z,25.3044,Aries,67.032,13.967,0,0
Mars,1975-11-06T12:01Z,92.6647,Cancer,1976-01-20T21:27Z,74.7312,Gemini,75.393,17.934,0,0
Mars,1977-12-12T19:12Z,131.5611,Leo,1978-03-02T09:56Z,112.276,Cancer,79.614,19.285,0,0
Mars,1980-01-16T06:18Z,165.3466,Virgo,1980-04-06T08:27Z,145.8707,Leo,81.09,19.476,0,0
Mars,1982-02-20T19:13Z,199.1801,Libra,1982-05-11T18:35Z,180.3797,Libra,79.974,18.8,0,0
Mars,1984-04-05T12:22Z,238.3471,Scorpio,1984-06-19T18:16Z,221.6989,Scorpio,75.246,16.648,0,0
Mars,1986-06-08T23:25Z,293.1122,Capricorn,1986-08-12T07:45Z,281.4167,Capricorn,64.348,11.695,0,0
Mars,1988-08-26T14:40Z,11.464,Aries,1988-10-28T05:07Z,359.8784,Pisces,62.602,11.586,0,0
Mars,1990-10-20T19:29Z,74.5631,Gemini,1991-01-01T12:50Z,57.7533,Taurus,72.723,16.81,0,0
Mars,1992-11-28T23:30Z,117.6224,Cancer,1993-02-15T07:43Z,98.6754,Cancer,78.342,18.947,0,0
Mars,1995-01-02T21:27Z,152.669,Virgo,1995-03-24T17:18Z,133.1652,Leo,80.827,19.504,0,0
Mars,1997-02-06T00:37Z,185.9228,Libra,1997-04-27T19:10Z,166.7383,Virgo,80.772,19.184,0,0
Mars,1999-03-18T13:41Z,222.2032,Scorpio,1999-06-04T06:10Z,204.4478,Libra,77.687,17.755,0,0
Mars,2001-05-11T16:08Z,269.0491,Sagittarius,2001-07-19T22:45Z,255.1083,Sagittarius,69.276,13.941,0,0
Mars,2003-07-29T07:37Z,340.1338,Pisces,2003-09-27T07:52Z,330.1187,Pisces,60.011,10.015,0,0
Mars,2005-10-01T22:03Z,53.3721,Taurus,2005-12-10T04:03Z,38.2355,Taurus,69.25,15.137,0,0
Mars,2007-11-15T08:25Z,102.4509,Cancer,2008-01-30T22:33Z,84.0778,Gemini,76.589,18.373,0,0
Mars,2009-12-20T13:26Z,139.6953,Leo,2010-03-10T17:09Z,120.2949,Leo,80.154,19.4,0,0
Mars,2012-01-24T00:54Z,173.0929,Virgo,2012-04-14T03:53Z,153.6821,Virgo,81.125,19.411,0,0
Mars,2014-03-01T16:23Z,207.5328,Libra,2014-05-20T01:31Z,189.0254,Libra,79.38,18.507,0,0
Mars,2016-04-17T12:14Z,248.9007,Sagittarius,2016-06-29T23:38Z,233.0579,Scorpio,73.475,15.843,0,0
Mars,2018-06-26T21:04Z,309.2179,Aquarius,2018-08-27T14:05Z,298.6099,Capricorn,61.709,10.608,0,0
Mars,2020-09-09T22:22Z,28.1416,Aries,2020-11-14T00:36Z,15.2334,Aries,65.093,12.908,0,0
Mars,2022-10-30T13:26Z,85.614,Gemini,2023-01-12T20:56Z,68.1292,Gemini,74.313,17.485,0,0
Mars,2024-12-06T23:33Z,126.171,Leo,2025-02-24T02:00Z,107.0152,Cancer,79.102,19.156,0,0
Mars,2027-01-10T12:59Z,160.429,Virgo,2027-04-01T14:08Z,140.9266,Leo,81.048,19.502,0,0
Mars,2029-02-14T08:16Z,193.9226,Libra,2029-05-05T19:00Z,174.9291,Virgo,80.447,18.994,0,0
Mars,2031-03-29T00:35Z,231.636,Scorpio,2031-06-13T11:56Z,214.4379,Scorpio,76.473,17.198,0,0
Mars,2033-05-26T23:48Z,282.5049,Capricorn,2033-08-01T14:25Z,269.7919,Sagittarius,66.609,12.713,0,0
Mars,2035-08-15T10:02Z,358.434,Pisces,2035-10-15T08:32Z,347.7572,Pisces,60.938,10.677,0,0
Mars,2037-10-12T23:09Z,66.2633,Gemini,2037-12-23T06:31Z,50.1266,Taurus,71.307,16.137,0,0
Mars,2039-11-23T20:47Z,111.7542,Cancer,2040-02-09T11:48Z,93.0286,Cancer,77.626,18.726,0,0
Mars,2041-12-28T05:39Z,147.6545,Leo,2042-03-18T19:51Z,128.1805,Leo,80.591,19.474,0,0
Mars,2044-01-31T23:11Z,180.8836,Libra,2044-04-21T23:36Z,161.5798,Virgo,81.018,19.304,0,0
Mars,2046-03-11T02:11Z,216.2324,Scorpio,2046-05-28T15:31Z,198.1043,Libra,78.556,18.128,0,0
Mars,2048-04-30T16:53Z,260.3736,Sagittarius,2048-07-10T22:38Z,245.5176,Sagittarius,71.24,14.856,0,0
Mars,2050-07-15T06:02Z,326.7066,Aquarius,2050-09-13T11:02Z,316.7105,Aquarius,60.208,9.996,0,0
Mars,2052-09-22T19:12Z,43.3822,Taurus,2052-11-29T06:20Z,29.1888,Aries,67.464,14.193,0,0
Mars,2054-11-08T18:44Z,95.906,Cancer,2055-01-23T10:02Z,77.8857,Gemini,75.638,18.02,0,0
Mars,2056-12-14T20:18Z,134.4707,Leo,2057-03-04T13:33Z,115.1601,Cancer,79.719,19.311,0,0
Mars,2059-01-18T05:59Z,168.1603,Virgo,2059-04-09T09:48Z,148.6933,Leo,81.16,19.467,0,0
Mars,2061-02-22T22:45Z,202.0704,Libra,2061-05-13T21:41Z,183.3188,Libra,79.956,18.752,0,0
Mars,2063-04-09T06:16Z,241.6114,Sagittarius,2063-06-23T04:42Z,225.0952,Scorpio,74.935,16.516,0,0
Mars,2065-06-12T20:02Z,297.3867,Capricorn,2065-08-15T14:43Z,285.9251,Capricorn,63.779,11.462,0,0
Mars,2067-08-31T00:19Z,16.1018,Aries,2067-11-02T02:56Z,4.2696,Aries,63.109,11.832,0,0
Mars,2069-10-23T06:16Z,78.0681,Gemini,2070-01-04T08:14Z,61.122,Gemini,73.082,16.946,0,0
Mars,2071-12-02T01:27Z,120.5897,Leo,2072-02-18T12:42Z,101.5992,Cancer,78.469,18.99,0,0
Mars,2074-01-04T21:02Z,155.4684,Virgo,2074-03-26T18:11Z,135.964,Leo,80.881,19.504,0,0
Mars,2076-02-09T02:09Z,188.756,Libra,2076-04-29T20:56Z,169.6035,Virgo,80.783,19.153,0,0
Mars,2078-03-21T00:44Z,225.2726,Scorpio,2078-06-06T12:51Z,207.6124,Libra,77.505,17.66,0,0
Mars,2080-05-14T22:22Z,272.8134,Capricorn,2080-07-22T17:06Z,259.0902,Sagittarius,68.78,13.723,0,0
Mars,2082-08-02T04:16Z,344.9384,Pisces,2082-10-01T04:13Z,334.846,Pisces,59.998,10.092,0,0
Mars,2084-10-04T14:33Z,57.2722,Taurus,2084-12-13T07:36Z,41.9306,Taurus,69.71,15.342,0,0
Mars,2086-11-17T14:10Z,105.6357,Cancer,2087-02-02T08:59Z,87.1833,Gemini,76.784,18.452,0,0
Mars,2088-12-22T14:10Z,142.5794,Leo,2089-03-12T19:37Z,123.1586,Leo,80.227,19.421,0,0
Mars,2091-01-26T01:36Z,175.9135,Virgo,2091-04-17T04:41Z,156.5184,Virgo,81.128,19.395,0,0
Mars,2093-03-03T23:51Z,210.5107,Scorpio,2093-05-22T06:01Z,192.072,Libra,79.257,18.439,0,0
Mars,2095-04-21T13:05Z,252.3697,Sagittarius,2095-07-03T12:49Z,236.703,Scorpio,72.989,15.667,0,0
Mars,2097-06-30T22:46Z,313.8009,Aquarius,2097-08-31T07:00Z,303.3648,Aquarius,61.343,10.436,0,0
Mars,2099-09-13T23:03Z,32.4897,Taurus,2099-11-18T11:45Z,19.3403,Aries,65.529,13.149,0,0
Jupiter,1900-03-27T21:18Z,250.8693,Sagittarius,1900-07-29T02:23Z,241.0141,Sagittarius,123.212,9.855,0,0
Jupiter,1901-04-30T20:41Z,283.0584,Capricorn,1901-08-30T21:47Z,273.2248,Capricorn,122.045,9.834,0,0
Jupiter,1902-06-06T04:31Z,317.2577,Aquarius,1902-10-04T11:13Z,307.4135,Aquarius,120.279,9.844,0,0
Jupiter,1903-07-14T04:20Z,353.308,Pisces,1903-11-09T17:32Z,343.4161,Pisces,118.549,9.892,0,0
Jupiter,1904-08-20T05:28Z,30.2137,Taurus,1904-12-15T19:58Z,20.2409,Aries,117.604,9.973,0,0
Jupiter,1905-09-25T19:20Z,66.5062,Gemini,1906-01-21T14:25Z,56.4611,Taurus,117.795,10.045,0,0
Jupiter,1906-10-30T00:15Z,101.0681,Cancer,1907-02-25T21:40Z,90.9988,Cancer,118.892,10.069,0,0
Jupiter,1907-12-01T01:21Z,133.6104,Leo,1908-03-30T13:16Z,123.5636,Leo,120.497,10.047,0,0
Jupiter,1908-12-30T14:22Z,164.5225,Virgo,1909-05-01T14:51Z,154.529,Virgo,122.02,9.994,0,0
Jupiter,1910-01-29T18:10Z,194.5495,Libra,1910-06-01T21:14Z,184.6139,Libra,123.128,9.936,0,0
Jupiter,1911-03-01T08:49Z,224.5527,Scorpio,1911-07-02T21:30Z,214.6665,Scorpio,123.529,9.886,0,0
Jupiter,1912-04-01T12:12Z,255.397,Sagittarius,1912-08-02T14:56Z,245.548,Sagittarius,123.114,9.849,0,0
Jupiter,1913-05-05T19:01Z,287.8393,Capricorn,1913-09-04T14:55Z,278.0049,Capricorn,121.829,9.834,0,0
Jupiter,1914-06-11T09:56Z,322.2946,Aquarius,1914-10-09T10:25Z,312.4473,Aquarius,120.02,9.847,0,0
Jupiter,1915-07-19T09:49Z,358.5118,Pisces,1915-11-14T19:30Z,348.6104,Pisces,118.404,9.901,0,0
Jupiter,1916-08-25T09:34Z,35.4089,Taurus,1916-12-20T23:36Z,25.4245,Aries,117.585,9.984,0,0
Jupiter,1917-09-30T16:05Z,71.5199,Gemini,1918-01-26T12:48Z,61.4698,Gemini,117.863,10.05,0,0
Jupiter,1918-11-03T13:52Z,105.8283,Cancer,1919-03-02T16:36Z,95.7587,Cancer,119.114,10.07,0,0
Jupiter,1919-12-05T09:36Z,138.1426,Leo,1920-04-04T01:36Z,128.1034,Leo,120.667,10.039,0,0
Jupiter,1921-01-03T21:37Z,168.9145,Virgo,1921-05-06T01:48Z,158.9292,Virgo,122.174,9.985,0,0
Jupiter,1922-02-02T23:30Z,198.8957,Libra,1922-06-06T04:49Z,188.9687,Libra,123.222,9.927,0,0
Jupiter,1923-03-05T18:50Z,228.9393,Scorpio,1923-07-07T08:20Z,219.0596,Scorpio,123.563,9.88,0,0
Jupiter,1924-04-06T01:28Z,259.9018,Sagittarius,1924-08-07T02:11Z,250.0541,Sagittarius,123.03,9.848,0,0
Jupiter,1925-05-10T15:30Z,292.519,Capricorn,1925-09-09T07:17Z,282.6844,Capricorn,121.658,9.835,0,0
Jupiter,1926-06-16T08:35Z,327.1674,Aquarius,1926-10-14T04:48Z,317.3136,Aquarius,119.843,9.854,0,0
Jupiter,1927-07-24T13:10Z,3.5205,Aries,1927-11-19T18:48Z,353.6088,Pisces,118.235,9.912,0,0
Jupiter,1928-08-30T09:19Z,40.4221,Taurus,1928-12-25T20:33Z,30.4295,Taurus,117.468,9.993,0,0
Jupiter,1929-10-05T09:55Z,76.4057,Gemini,1930-01-31T09:17Z,66.3502,Gemini,117.973,10.055,0,0
Jupiter,1930-11-08T03:21Z,110.5153,Cancer,1931-03-07T08:40Z,100.449,Cancer,119.222,10.066,0,0
Jupiter,1931-12-09T17:30Z,142.6372,Leo,1932-04-08T14:10Z,132.6027,Leo,120.861,10.034,0,0
Jupiter,1933-01-08T02:22Z,173.2672,Virgo,1933-05-10T10:21Z,163.2902,Virgo,122.333,9.977,0,0
Jupiter,1934-02-07T06:19Z,203.1957,Libra,1934-06-10T13:41Z,193.2744,Libra,123.307,9.921,0,0
Jupiter,1935-03-10T02:48Z,233.297,Scorpio,1935-07-11T15:39Z,223.4222,Scorpio,123.536,9.875,0,0
Jupiter,1936-04-10T17:49Z,264.433,Sagittarius,1936-08-11T14:59Z,254.5889,Sagittarius,122.882,9.844,0,0
Jupiter,1937-05-15T13:02Z,297.3171,Capricorn,1937-09-13T23:18Z,287.4811,Capricorn,121.428,9.836,0,0
Jupiter,1938-06-21T15:30Z,332.2524,Pisces,1938-10-19T05:46Z,322.3928,Aquarius,119.594,9.86,0,0
Jupiter,1939-07-29T21:01Z,8.7921,Aries,1939-11-24T21:17Z,358.871,Pisces,118.011,9.921,0,0
Jupiter,1940-09-04T12:59Z,45.6797,Taurus,1940-12-31T01:20Z,35.6758,Taurus,117.514,10.004,0,0
Jupiter,1941-10-10T08:01Z,81.446,Gemini,1942-02-05T10:02Z,71.3859,Gemini,118.084,10.06,0,0
Jupiter,1942-11-12T14:25Z,115.2385,Cancer,1943-03-12T02:12Z,105.1719,Cancer,119.491,10.067,0,0
Jupiter,1943-12-13T23:25Z,147.0619,Leo,1944-04-13T02:10Z,137.0338,Leo,121.115,10.028,0,0
Jupiter,1945-01-12T04:51Z,177.497,Virgo,1945-05-14T17:27Z,167.525,Virgo,122.525,9.972,0,0
Jupiter,1946-02-11T08:26Z,207.3665,Libra,1946-06-14T18:05Z,197.452,Libra,123.402,9.914,0,0
Jupiter,1947-03-14T11:36Z,237.5631,Scorpio,1947-07-15T22:53Z,227.6923,Scorpio,123.47,9.871,0,0
Jupiter,1948-04-15T08:34Z,268.9415,Sagittarius,1948-08-16T00:40Z,259.1002,Sagittarius,122.671,9.841,0,0
Jupiter,1949-05-20T15:34Z,302.1725,Aquarius,1949-09-18T18:48Z,292.3366,Capricorn,121.135,9.836,0,0
Jupiter,1950-06-27T00:14Z,337.452,Pisces,1950-10-24T06:34Z,327.5885,Aquarius,119.264,9.863,0,0
Jupiter,1951-08-04T06:53Z,14.1796,Aries,1951-11-30T04:08Z,4.2461,Aries,117.885,9.933,0,0
Jupiter,1952-09-09T19:40Z,50.9905,Taurus,1953-01-05T07:52Z,40.9761,Taurus,117.508,10.014,0,0
Jupiter,1953-10-15T02:56Z,86.4778,Gemini,1954-02-10T09:27Z,76.413,Gemini,118.271,10.065,0,0
Jupiter,1954-11-17T03:02Z,119.9431,Cancer,1955-03-16T20:38Z,109.8805,Cancer,119.733,10.063,0,0
Jupiter,1955-12-18T04:31Z,151.5067,Virgo,1956-04-17T13:00Z,141.4857,Leo,121.353,10.021,0,0
Jupiter,1957-01-16T09:21Z,181.7997,Libra,1957-05-19T02:20Z,171.8373,Virgo,122.707,9.962,0,0
Jupiter,1958-02-15T14:59Z,211.665,Scorpio,1958-06-19T01:43Z,201.7555,Libra,123.448,9.909,0,0
Jupiter,1959-03-18T22:10Z,241.9902,Sagittarius,1959-07-20T08:00Z,232.1248,Scorpio,123.41,9.865,0,0
Jupiter,1960-04-20T04:55Z,273.6156,Capricorn,1960-08-20T16:40Z,263.7762,Sagittarius,122.49,9.839,0,0
Jupiter,1961-05-25T18:35Z,307.1539,Aquarius,1961-09-23T15:27Z,297.3177,Capricorn,120.869,9.836,0,0
Jupiter,1962-07-02T08:59Z,342.69,Pisces,1962-10-29T10:32Z,332.8169,Pisces,119.065,9.873,0,0
Jupiter,1963-08-09T15:26Z,19.4826,Aries,1963-12-05T10:11Z,9.5377,Aries,117.781,9.945,0,0
Jupiter,1964-09-14T19:01Z,56.1289,Taurus,1965-01-10T09:33Z,46.1038,Taurus,117.606,10.025,0,0
Jupiter,1965-10-19T19:32Z,91.3165,Cancer,1966-02-15T06:57Z,81.249,Gemini,118.475,10.068,0,0
Jupiter,1966-11-21T10:23Z,124.4824,Leo,1967-03-21T09:16Z,114.4253,Cancer,119.953,10.057,0,0
Jupiter,1967-12-22T10:02Z,155.8412,Virgo,1968-04-21T23:26Z,145.8296,Leo,121.559,10.012,0,0
Jupiter,1969-01-20T12:29Z,186.0571,Libra,1969-05-23T08:20Z,176.1033,Virgo,122.827,9.954,0,0
Jupiter,1970-02-19T21:58Z,215.9701,Scorpio,1970-06-23T09:44Z,206.0709,Libra,123.49,9.899,0,0
Jupiter,1971-03-23T11:33Z,246.457,Sagittarius,1971-07-24T19:09Z,236.5968,Scorpio,123.317,9.86,0,0
Jupiter,1972-04-25T00:19Z,278.3234,Capricorn,1972-08-25T08:01Z,268.4879,Sagittarius,122.321,9.836,0,0
Jupiter,1973-05-30T22:10Z,312.1295,Aquarius,1973-09-28T13:26Z,302.2894,Aquarius,120.636,9.84,0,0
Jupiter,1974-07-07T16:13Z,347.867,Pisces,1974-11-03T12:12Z,337.9871,Pisces,118.833,9.88,0,0
Jupiter,1975-08-14T19:31Z,24.7037,Aries,1975-12-10T12:39Z,14.7467,Aries,117.714,9.957,0,0
Jupiter,1976-09-19T18:40Z,61.2081,Gemini,1977-01-15T10:56Z,51.1734,Taurus,117.678,10.035,0,0
Jupiter,1977-10-24T10:13Z,96.1419,Cancer,1978-02-20T01:24Z,86.0732,Gemini,118.632,10.069,0,0
Jupiter,1978-11-25T20:30Z,129.0597,Leo,1979-03-26T00:55Z,119.0057,Cancer,120.184,10.054,0,0
Jupiter,1979-12-26T14:59Z,160.2448,Virgo,1980-04-26T08:47Z,150.2411,Virgo,121.742,10.004,0,0
Jupiter,1981-01-24T19:22Z,190.3892,Libra,1981-05-27T18:27Z,180.445,Libra,122.961,9.944,0,0
Jupiter,1982-02-24T05:41Z,220.3297,Scorpio,1982-06-27T18:16Z,210.4364,Scorpio,123.524,9.893,0,0
Jupiter,1983-03-27T23:56Z,250.9237,Sagittarius,1983-07-29T07:04Z,241.0693,Sagittarius,123.297,9.854,0,0
Jupiter,1984-04-29T18:37Z,282.9623,Capricorn,1984-08-29T23:02Z,273.1262,Capricorn,122.184,9.836,0,0
Jupiter,1985-06-04T22:24Z,316.964,Aquarius,1985-10-03T08:17Z,307.1213,Aquarius,120.411,9.843,0,0
Jupiter,1986-07-12T17:01Z,352.8573,Pisces,1986-11-08T09:28Z,342.9685,Pisces,118.685,9.889,0,0
Jupiter,1987-08-19T21:07Z,29.7309,Aries,1987-12-15T12:22Z,19.7639,Aries,117.636,9.967,0,0
Jupiter,1988-09-24T13:57Z,66.13,Gemini,1989-01-20T06:12Z,56.091,Taurus,117.677,10.039,0,0
Jupiter,1989-10-29T00:03Z,100.877,Cancer,1990-02-24T19:14Z,90.808,Cancer,118.799,10.069,0,0
Jupiter,1990-11-30T05:03Z,133.596,Leo,1991-03-30T13:15Z,123.549,Leo,120.342,10.047,0,0
Jupiter,1991-12-30T21:33Z,164.6292,Virgo,1992-04-30T19:38Z,154.6318,Virgo,121.92,9.997,0,0
Jupiter,1993-01-28T23:09Z,194.6958,Libra,1993-06-01T01:09Z,184.7575,Libra,123.084,9.938,0,0
Jupiter,1994-02-28T13:50Z,224.6562,Scorpio,1994-07-02T03:34Z,214.768,Scorpio,123.572,9.888,0,0
Jupiter,1995-04-01T12:03Z,255.3835,Sagittarius,1995-08-02T16:43Z,245.5304,Sagittarius,123.195,9.853,0,0
Jupiter,1996-05-04T15:37Z,287.6553,Capricorn,1996-09-03T14:37Z,277.8199,Capricorn,121.958,9.835,0,0
Jupiter,1997-06-10T00:24Z,321.9407,Aquarius,1997-10-08T04:37Z,312.0923,Aquarius,120.176,9.848,0,0
Jupiter,1998-07-18T01:48Z,358.0597,Pisces,1998-11-13T13:02Z,348.1612,Pisces,118.468,9.898,0,0
Jupiter,1999-08-25T02:37Z,34.9868,Taurus,1999-12-20T14:48Z,25.0096,Aries,117.508,9.977,0,0
Jupiter,2000-09-29T12:52Z,71.2346,Gemini,2001-01-25T08:38Z,61.1875,Gemini,117.824,10.047,0,0
Jupiter,2001-11-02T15:35Z,105.6916,Cancer,2002-03-01T15:15Z,95.6235,Cancer,118.986,10.068,0,0
Jupiter,2002-12-04T12:22Z,138.1045,Leo,2003-04-04T03:04Z,128.0608,Leo,120.613,10.044,0,0
Jupiter,2004-01-03T23:58Z,168.9037,Virgo,2004-05-05T03:07Z,158.9147,Virgo,122.131,9.989,0,0
Jupiter,2005-02-02T02:26Z,198.8625,Libra,2005-06-05T07:20Z,188.9306,Libra,123.204,9.932,0,0
Jupiter,2006-03-04T18:02Z,228.8616,Scorpio,2006-07-06T07:18Z,218.9785,Scorpio,123.553,9.883,0,0
Jupiter,2007-04-06T01:22Z,259.7788,Sagittarius,2007-08-07T02:04Z,249.93,Sagittarius,123.029,9.849,0,0
Jupiter,2008-05-09T12:11Z,292.3683,Capricorn,2008-09-08T04:16Z,282.5334,Capricorn,121.67,9.835,0,0
Jupiter,2009-06-15T07:49Z,327.0174,Aquarius,2009-10-13T04:34Z,317.1662,Aquarius,119.864,9.851,0,0
Jupiter,2010-07-23T12:03Z,3.4019,Aries,2010-11-18T16:53Z,353.4946,Pisces,118.202,9.907,0,0
Jupiter,2011-08-30T09:17Z,40.3554,Taurus,2011-12-25T22:08Z,30.3645,Taurus,117.535,9.991,0,0
Jupiter,2012-10-04T13:18Z,76.3815,Gemini,2013-01-30T11:37Z,66.3273,Gemini,117.93,10.054,0,0
Jupiter,2013-11-07T05:03Z,110.5109,Cancer,2014-03-06T10:42Z,100.4418,Cancer,119.235,10.069,0,0
Jupiter,2014-12-08T20:41Z,142.627,Leo,2015-04-08T16:57Z,132.5905,Leo,120.844,10.037,0,0
Jupiter,2016-01-08T04:40Z,173.2379,Virgo,2016-05-09T12:14Z,163.2553,Virgo,122.315,9.983,0,0
Jupiter,2017-02-06T06:52Z,203.1403,Libra,2017-06-09T14:02Z,193.2162,Libra,123.298,9.924,0,0
Jupiter,2018-03-09T04:46Z,233.2227,Scorpio,2018-07-10T17:03Z,223.3444,Scorpio,123.512,9.878,0,0
Jupiter,2019-04-10T17:01Z,264.3502,Sagittarius,2019-08-11T13:37Z,254.505,Sagittarius,122.859,9.845,0,0
Jupiter,2020-05-14T14:32Z,297.2404,Capricorn,2020-09-13T00:41Z,287.4065,Capricorn,121.423,9.834,0,0
Jupiter,2021-06-20T15:05Z,332.1844,Pisces,2021-10-18T05:30Z,322.3293,Aquarius,119.601,9.855,0,0
Jupiter,2022-07-28T20:37Z,8.7177,Aries,2022-11-23T23:02Z,358.7985,Pisces,118.101,9.919,0,0
Jupiter,2023-09-04T14:11Z,45.5819,Taurus,2023-12-31T02:40Z,35.581,Taurus,117.52,10.001,0,0
Jupiter,2024-10-09T07:05Z,81.3378,Gemini,2025-02-04T09:41Z,71.2784,Gemini,118.108,10.059,0,0
Jupiter,2025-11-11T16:42Z,115.1526,Cancer,2026-03-11T03:30Z,105.0874,Cancer,119.45,10.065,0,0
Jupiter,2026-12-13T00:56Z,147.0247,Leo,2027-04-13T02:11Z,136.9955,Leo,121.052,10.029,0,0
Jupiter,2028-01-12T08:54Z,177.5122,Virgo,2028-05-13T20:00Z,167.5403,Virgo,122.463,9.972,0,0
Jupiter,2029-02-10T13:07Z,207.4239,Libra,2029-06-13T21:07Z,197.507,Libra,123.333,9.917,0,0
Jupiter,2030-03-13T14:33Z,237.6334,Scorpio,2030-07-15T01:26Z,227.7625,Scorpio,123.454,9.871,0,0
Jupiter,2031-04-15T12:04Z,268.9861,Sagittarius,2031-08-16T04:59Z,259.1433,Sagittarius,122.705,9.843,0,0
Jupiter,2032-05-19T14:48Z,302.145,Aquarius,2032-09-17T19:53Z,292.3102,Capricorn,121.212,9.835,0,0
Jupiter,2033-06-25T21:52Z,337.3227,Pisces,2033-10-23T07:19Z,327.4585,Aquarius,119.394,9.864,0,0
Jupiter,2034-08-03T03:42Z,13.9507,Aries,2034-11-29T02:25Z,4.0208,Aries,117.947,9.93,0,0
Jupiter,2035-09-09T14:15Z,50.7181,Taurus,2036-01-05T03:59Z,40.7057,Taurus,117.572,10.012,0,0
Jupiter,2036-10-14T01:38Z,86.2356,Gemini,2037-02-09T07:41Z,76.1716,Gemini,118.253,10.064,0,0
Jupiter,2037-11-16T02:17Z,119.784,Cancer,2038-03-15T17:52Z,109.7214,Cancer,119.649,10.063,0,0
Jupiter,2038-12-17T08:40Z,151.4531,Virgo,2039-04-17T14:52Z,141.4317,Leo,121.258,10.021,0,0
Jupiter,2040-01-16T13:17Z,181.8409,Libra,2040-05-18T03:57Z,171.8776,Virgo,122.611,9.963,0,0
Jupiter,2041-02-14T20:22Z,211.7595,Scorpio,2041-06-18T06:14Z,201.8531,Libra,123.411,9.906,0,0
Jupiter,2042-03-18T02:47Z,242.0702,Sagittarius,2042-07-19T12:49Z,232.2048,Scorpio,123.418,9.865,0,0
Jupiter,2043-04-20T04:02Z,273.5899,Capricorn,2043-08-20T18:35Z,263.7518,Sagittarius,122.606,9.838,0,0
Jupiter,2044-05-24T14:03Z,306.9535,Aquarius,2044-09-22T14:53Z,297.116,Capricorn,121.035,9.837,0,0
Jupiter,2045-07-01T00:37Z,342.3057,Pisces,2045-10-28T04:36Z,332.4363,Pisces,119.166,9.869,0,0
Jupiter,2046-08-08T04:13Z,19.0021,Aries,2046-12-04T01:08Z,9.0619,Aries,117.871,9.94,0,0
Jupiter,2047-09-14T12:36Z,55.6917,Taurus,2048-01-10T02:18Z,45.6711,Taurus,117.571,10.021,0,0
Jupiter,2048-10-18T15:58Z,91.0254,Cancer,2049-02-14T00:25Z,80.9604,Gemini,118.352,10.065,0,0
Jupiter,2049-11-20T12:41Z,124.3675,Leo,2050-03-20T09:07Z,114.3081,Cancer,119.852,10.059,0,0
Jupiter,2050-12-21T13:17Z,155.8662,Virgo,2051-04-22T00:08Z,145.8512,Leo,121.452,10.015,0,0
Jupiter,2052-01-20T18:59Z,186.1549,Libra,2052-05-22T13:37Z,176.1977,Virgo,122.777,9.957,0,0
Jupiter,2053-02-19T01:56Z,216.0638,Scorpio,2053-06-22T13:34Z,206.1602,Libra,123.485,9.904,0,0
Jupiter,2054-03-22T12:49Z,246.4676,Sagittarius,2054-07-23T22:38Z,236.6059,Scorpio,123.409,9.862,0,0
Jupiter,2055-04-24T21:45Z,278.1899,Capricorn,2055-08-25T08:18Z,268.3505,Sagittarius,122.439,9.839,0,0
Jupiter,2056-05-29T15:44Z,311.8225,Aquarius,2056-09-27T09:48Z,301.9832,Aquarius,120.753,9.839,0,0
Jupiter,2057-07-06T05:35Z,347.428,Pisces,2057-11-02T04:27Z,337.5497,Pisces,118.953,9.878,0,0
Jupiter,2058-08-13T12:05Z,24.242,Aries,2058-12-09T05:35Z,14.291,Aries,117.729,9.951,0,0
Jupiter,2059-09-19T13:32Z,60.8465,Gemini,2060-01-15T03:11Z,50.8196,Taurus,117.568,10.027,0,0
Jupiter,2060-10-23T09:32Z,95.9374,Cancer,2061-02-18T23:14Z,85.8705,Gemini,118.571,10.067,0,0
Jupiter,2061-11-24T22:06Z,128.978,Leo,2062-03-25T00:12Z,118.9244,Cancer,120.087,10.054,0,0
Jupiter,2062-12-25T18:29Z,160.2193,Virgo,2063-04-26T11:21Z,150.2111,Virgo,121.703,10.008,0,0
Jupiter,2064-01-24T19:38Z,190.3526,Libra,2064-05-26T18:28Z,180.4032,Libra,122.951,9.949,0,0
Jupiter,2065-02-23T06:14Z,220.2427,Scorpio,2065-06-26T19:30Z,210.3457,Scorpio,123.553,9.897,0,0
Jupiter,2066-03-26T21:28Z,250.7787,Sagittarius,2066-07-28T04:47Z,240.9194,Sagittarius,123.304,9.859,0,0
Jupiter,2067-04-29T16:00Z,282.7698,Capricorn,2067-08-29T20:32Z,272.9332,Capricorn,122.189,9.837,0,0
Jupiter,2068-06-03T17:40Z,316.76,Aquarius,2068-10-02T04:27Z,306.9169,Aquarius,120.449,9.843,0,0
Jupiter,2069-07-11T16:20Z,352.6837,Pisces,2069-11-07T08:43Z,342.7973,Pisces,118.683,9.886,0,0
Jupiter,2070-08-18T20:34Z,29.6193,Aries,2070-12-14T10:40Z,19.6557,Aries,117.587,9.964,0,0
Jupiter,2071-09-24T15:23Z,66.085,Gemini,2072-01-20T08:44Z,56.0454,Taurus,117.723,10.04,0,0
Jupiter,2072-10-28T03:35Z,100.8679,Cancer,2073-02-23T21:46Z,90.7986,Cancer,118.758,10.069,0,0
Jupiter,2073-11-29T07:53Z,133.5908,Leo,2074-03-29T16:22Z,123.5397,Leo,120.353,10.051,0,0
Jupiter,2074-12-29T23:20Z,164.6001,Virgo,2075-04-30T21:01Z,154.6005,Virgo,121.904,10.0,0,0
Jupiter,2076-01-29T01:37Z,194.6329,Libra,2076-05-31T03:14Z,184.6906,Libra,123.067,9.942,0,0
Jupiter,2077-02-27T13:00Z,224.5604,Scorpio,2077-07-01T02:15Z,214.6695,Scorpio,123.553,9.891,0,0
Jupiter,2078-03-31T12:35Z,255.2673,Sagittarius,2078-08-01T16:51Z,245.4137,Sagittarius,123.177,9.854,0,0
Jupiter,2079-05-04T14:06Z,287.5414,Capricorn,2079-09-03T12:26Z,277.7068,Capricorn,121.93,9.835,0,0
Jupiter,2080-06-09T01:23Z,321.8494,Aquarius,2080-10-07T05:26Z,312.0057,Aquarius,120.169,9.844,0,0
Jupiter,2081-07-17T01:35Z,357.9924,Pisces,2081-11-12T12:39Z,348.0986,Pisces,118.461,9.894,0,0
Jupiter,2082-08-24T02:28Z,34.9264,Taurus,2082-12-19T16:52Z,24.9504,Aries,117.601,9.976,0,0
Jupiter,2083-09-29T14:39Z,71.1663,Gemini,2084-01-25T10:04Z,61.1209,Gemini,117.809,10.045,0,0
Jupiter,2084-11-01T16:04Z,105.6294,Cancer,2085-02-28T15:47Z,95.5597,Cancer,118.988,10.07,0,0
Jupiter,2085-12-03T15:24Z,138.0693,Leo,2086-04-03T04:30Z,128.0257,Leo,120.546,10.044,0,0
Jupiter,2087-01-03T03:33Z,168.9088,Virgo,2087-05-05T04:54Z,158.9163,Virgo,122.056,9.992,0,0
Jupiter,2088-02-02T05:41Z,198.9015,Libra,2088-06-04T09:07Z,188.9682,Libra,123.143,9.933,0,0
Jupiter,2089-03-03T23:19Z,228.9195,Scorpio,2089-07-05T11:27Z,219.0342,Scorpio,123.505,9.885,0,0
Jupiter,2090-04-05T03:25Z,259.8258,Sagittarius,2090-08-06T03:59Z,249.9756,Sagittarius,123.024,9.85,0,0
Jupiter,2091-05-09T14:32Z,292.366,Capricorn,2091-09-08T08:03Z,282.5311,Capricorn,121.73,9.835,0,0
Jupiter,2092-06-14T05:46Z,326.9319,Aquarius,2092-10-12T04:36Z,317.0824,Aquarius,119.951,9.85,0,0
Jupiter,2093-07-22T08:59Z,3.2249,Aries,2093-11-17T17:08Z,353.3186,Pisces,118.339,9.906,0,0
Jupiter,2094-08-29T06:55Z,40.1168,Taurus,2094-12-24T20:03Z,30.1305,Taurus,117.547,9.986,0,0
Jupiter,2095-10-04T09:44Z,76.1471,Gemini,2096-01-30T08:35Z,66.0946,Gemini,117.952,10.053,0,0
Jupiter,2096-11-06T05:58Z,110.3376,Cancer,2097-03-05T09:48Z,100.2695,Cancer,119.16,10.068,0,0
Jupiter,2097-12-07T21:49Z,142.5466,Leo,2098-04-07T15:46Z,132.509,Leo,120.748,10.038,0,0
Jupiter,2099-01-07T09:22Z,173.252,Virgo,2099-05-09T14:23Z,163.2705,Virgo,122.21,9.982,0,0
Jupiter,2100-02-06T12:46Z,203.2281,Libra,2100-06-09T17:32Z,193.3035,Libra,123.198,9.925,0,0
Saturn,1900-04-14T06:59Z,275.0375,Capricorn,1900-09-02T15:16Z,268.433,Sagittarius,141.345,6.604,0,0
Saturn,1901-04-26T04:34Z,286.3924,Capricorn,1901-09-14T14:09Z,279.7853,Capricorn,141.399,6.607,0,0
Saturn,1902-05-08T06:18Z,297.8019,Capricorn,1902-09-26T10:54Z,291.185,Capricorn,141.192,6.617,0,0
Saturn,1903-05-20T12:08Z,309.3228,Aquarius,1903-10-08T08:06Z,302.6879,Aquarius,140.832,6.635,0,0
Saturn,1904-05-31T23:27Z,321.0058,Aquarius,1904-10-19T06:57Z,314.345,Aquarius,140.313,6.661,0,0
Saturn,1905-06-13T15:09Z,332.8963,Pisces,1905-10-31T09:03Z,326.2023,Aquarius,139.745,6.694,0,0
Saturn,1906-06-26T14:36Z,345.0351,Pisces,1906-11-12T17:09Z,338.3032,Pisces,139.106,6.732,0,0
Saturn,1907-07-09T22:15Z,357.4558,Pisces,1907-11-25T04:06Z,350.6837,Pisces,138.244,6.772,0,0
Saturn,1908-07-22T12:46Z,10.1831,Aries,1908-12-06T21:04Z,3.3694,Aries,137.346,6.814,0,0
Saturn,1909-08-05T09:32Z,23.2275,Aries,1909-12-19T21:52Z,16.3737,Aries,136.514,6.854,0,0
Saturn,1910-08-19T12:49Z,36.5835,Taurus,1911-01-02T05:19Z,29.6929,Aries,135.687,6.891,0,0
Saturn,1911-09-02T20:57Z,50.2267,Taurus,1912-01-15T20:22Z,43.3044,Taurus,134.976,6.922,0,0
Saturn,1912-09-16T08:37Z,64.1115,Gemini,1913-01-28T18:13Z,57.1648,Taurus,134.4,6.947,0,0
Saturn,1913-09-30T21:49Z,78.1736,Gemini,1914-02-11T20:52Z,71.2114,Gemini,133.96,6.962,0,0
Saturn,1914-10-15T11:42Z,92.3349,Cancer,1915-02-26T03:25Z,85.3669,Gemini,133.655,6.968,0,0
Saturn,1915-10-29T22:58Z,106.5078,Cancer,1916-03-11T13:52Z,99.544,Cancer,133.62,6.964,0,0
Saturn,1916-11-12T05:10Z,120.6036,Leo,1917-03-26T01:53Z,113.6539,Cancer,133.863,6.95,0,0
Saturn,1917-11-26T04:38Z,134.5411,Leo,1918-04-09T13:34Z,127.6138,Leo,134.372,6.927,0,0
Saturn,1918-12-09T21:31Z,148.2509,Leo,1919-04-23T21:11Z,141.3517,Leo,134.986,6.899,0,0
Saturn,1919-12-23T08:07Z,161.6807,Virgo,1920-05-07T00:04Z,154.8142,Virgo,135.664,6.867,0,0
Saturn,1921-01-04T10:52Z,174.801,Virgo,1921-05-20T21:36Z,167.9703,Virgo,136.447,6.831,0,0
Saturn,1922-01-17T05:56Z,187.6062,Libra,1922-06-03T13:08Z,180.8134,Libra,137.3,6.793,0,0
Saturn,1923-01-29T18:44Z,200.1101,Libra,1923-06-16T21:41Z,193.3552,Libra,138.123,6.755,0,0
Saturn,1924-02-11T01:17Z,212.3367,Scorpio,1924-06-29T00:43Z,205.617,Libra,138.977,6.72,0,0
Saturn,1925-02-22T04:52Z,224.3144,Scorpio,1925-07-11T21:18Z,217.6255,Scorpio,139.685,6.689,0,0
Saturn,1926-03-06T04:53Z,236.0772,Scorpio,1926-07-24T09:37Z,229.4137,Scorpio,140.197,6.664,0,0
Saturn,1927-03-18T00:49Z,247.6673,Sagittarius,1927-08-05T18:58Z,241.0226,Sagittarius,140.757,6.645,0,0
Saturn,1928-03-28T20:37Z,259.131,Sagittarius,1928-08-17T00:17Z,252.4989,Sagittarius,141.153,6.632,0,0
Saturn,1929-04-09T16:01Z,270.5188,Capricorn,1929-08-29T00:57Z,263.8928,Sagittarius,141.372,6.626,0,0
Saturn,1930-04-21T14:31Z,281.8832,Capricorn,1930-09-09T23:54Z,275.2574,Capricorn,141.391,6.626,0,0
Saturn,1931-05-03T14:28Z,293.2783,Capricorn,1931-09-21T19:54Z,286.6467,Capricorn,141.226,6.632,0,0
Saturn,1932-05-14T16:46Z,304.7599,Aquarius,1932-10-02T17:38Z,298.1153,Capricorn,141.036,6.645,0,0
Saturn,1933-05-27T02:19Z,316.3794,Aquarius,1933-10-14T17:14Z,309.7161,Aquarius,140.621,6.663,0,0
Saturn,1934-06-08T17:05Z,328.1856,Aquarius,1934-10-26T17:18Z,321.4982,Aquarius,140.008,6.687,0,0
Saturn,1935-06-21T14:27Z,340.2237,Pisces,1935-11-07T21:59Z,333.5074,Pisces,139.314,6.716,0,0
Saturn,1936-07-03T18:52Z,352.5308,Pisces,1936-11-19T07:07Z,345.782,Pisces,138.511,6.749,0,0
Saturn,1937-07-17T05:18Z,5.1342,Aries,1937-12-01T23:02Z,358.3503,Pisces,137.739,6.784,0,0
Saturn,1938-07-30T23:14Z,18.0483,Aries,1938-12-14T21:34Z,11.2287,Aries,136.931,6.82,0,0
Saturn,1939-08-14T01:03Z,31.271,Taurus,1939-12-28T01:12Z,24.4158,Aries,136.006,6.855,0,0
Saturn,1940-08-27T07:43Z,44.7825,Taurus,1941-01-09T12:20Z,37.8939,Taurus,135.192,6.889,0,0
Saturn,1941-09-10T17:39Z,58.5497,Taurus,1942-01-23T07:01Z,51.6335,Taurus,134.557,6.916,0,0
Saturn,1942-09-25T05:38Z,72.5232,Gemini,1943-02-06T07:52Z,65.5862,Gemini,134.093,6.937,0,0
Saturn,1943-10-09T18:17Z,86.6317,Gemini,1944-02-20T13:17Z,79.6805,Gemini,133.792,6.951,0,0
Saturn,1944-10-23T05:37Z,100.7881,Cancer,1945-03-05T22:43Z,93.8315,Cancer,133.712,6.957,0,0
Saturn,1945-11-06T13:02Z,114.9027,Cancer,1946-03-20T09:29Z,107.9498,Cancer,133.852,6.953,0,0
Saturn,1946-11-20T15:21Z,128.8901,Leo,1947-04-03T19:38Z,121.9493,Leo,134.178,6.941,0,0
Saturn,1947-12-04T11:35Z,142.6764,Leo,1948-04-17T03:19Z,135.7558,Leo,134.656,6.921,0,0
Saturn,1948-12-17T00:20Z,156.2052,Virgo,1949-05-01T08:34Z,149.3118,Leo,135.343,6.893,0,0
Saturn,1949-12-30T04:04Z,169.4405,Virgo,1950-05-15T09:22Z,162.5795,Virgo,136.221,6.861,0,0
Saturn,1951-01-12T01:17Z,182.3649,Libra,1951-05-29T03:37Z,175.54,Virgo,137.097,6.825,0,0
Saturn,1952-01-24T17:55Z,194.9786,Libra,1952-06-10T13:19Z,188.1925,Libra,137.809,6.786,0,0
Saturn,1953-02-05T02:31Z,207.2986,Libra,1953-06-23T17:26Z,200.5516,Libra,138.621,6.747,0,0
Saturn,1954-02-17T06:16Z,219.353,Scorpio,1954-07-06T15:53Z,212.6431,Scorpio,139.401,6.71,0,0
Saturn,1955-03-01T06:19Z,231.1772,Scorpio,1955-07-19T07:29Z,224.5008,Scorpio,140.049,6.676,0,0
Saturn,1956-03-12T03:29Z,242.814,Sagittarius,1956-07-30T18:36Z,236.1658,Scorpio,140.63,6.648,0,0
Saturn,1957-03-24T00:45Z,254.3083,Sagittarius,1957-08-11T23:57Z,247.682,Sagittarius,140.967,6.626,0,0
Saturn,1958-04-04T19:38Z,265.7079,Sagittarius,1958-08-24T00:31Z,259.0959,Sagittarius,141.204,6.612,0,0
Saturn,1959-04-16T15:32Z,277.0645,Capricorn,1959-09-05T01:01Z,270.4582,Capricorn,141.395,6.606,0,0
Saturn,1960-04-27T14:06Z,288.4291,Capricorn,1960-09-15T22:48Z,281.8205,Capricorn,141.362,6.609,0,0
Saturn,1961-05-09T16:21Z,299.8552,Capricorn,1961-09-27T19:31Z,293.236,Capricorn,141.132,6.619,0,0
Saturn,1962-05-21T23:22Z,311.398,Aquarius,1962-10-09T16:25Z,304.761,Aquarius,140.711,6.637,0,0
Saturn,1963-06-03T09:39Z,323.1107,Aquarius,1963-10-21T16:22Z,316.4478,Aquarius,140.28,6.663,0,0
Saturn,1964-06-15T03:25Z,335.0392,Pisces,1964-11-01T20:44Z,328.3431,Aquarius,139.721,6.696,0,0
Saturn,1965-06-28T05:32Z,347.221,Pisces,1965-11-14T03:17Z,340.4872,Pisces,138.906,6.734,0,0
Saturn,1966-07-11T13:02Z,359.6879,Pisces,1966-11-26T15:33Z,352.9134,Pisces,138.105,6.775,0,0
Saturn,1967-07-25T04:08Z,12.4625,Aries,1967-12-09T10:27Z,5.6463,Aries,137.263,6.816,0,0
Saturn,1968-08-07T02:22Z,25.5524,Aries,1968-12-21T11:39Z,18.6956,Aries,136.386,6.857,0,0
Saturn,1969-08-21T05:43Z,38.9483,Taurus,1970-01-03T21:06Z,32.0545,Taurus,135.641,6.894,0,0
Saturn,1970-09-04T13:57Z,52.623,Taurus,1971-01-17T13:01Z,45.6978,Taurus,134.961,6.925,0,0
Saturn,1971-09-19T02:17Z,66.5286,Gemini,1972-01-31T10:22Z,59.579,Taurus,134.337,6.95,0,0
Saturn,1972-10-02T16:25Z,80.5984,Gemini,1973-02-13T12:49Z,73.6332,Gemini,133.85,6.965,0,0
Saturn,1973-10-17T05:50Z,94.7536,Cancer,1974-02-27T21:13Z,87.7833,Gemini,133.641,6.97,0,0
Saturn,1974-10-31T14:56Z,108.9082,Cancer,1975-03-14T08:32Z,101.9433,Cancer,133.734,6.965,0,0
Saturn,1975-11-14T19:24Z,122.976,Leo,1976-03-27T19:58Z,116.026,Cancer,134.024,6.95,0,0
Saturn,1976-11-27T18:46Z,136.8782,Leo,1977-04-11T05:41Z,129.9517,Leo,134.455,6.927,0,0
Saturn,1977-12-11T12:10Z,150.5487,Virgo,1978-04-25T12:16Z,143.6519,Leo,135.004,6.897,0,0
Saturn,1978-12-24T21:12Z,163.9385,Virgo,1979-05-09T14:53Z,157.0758,Virgo,135.737,6.863,0,0
Saturn,1980-01-06T22:42Z,177.0194,Virgo,1980-05-22T11:50Z,170.1934,Virgo,136.547,6.826,0,0
Saturn,1981-01-18T16:58Z,189.7841,Libra,1981-06-05T02:12Z,182.9962,Libra,137.385,6.788,0,0
Saturn,1982-01-31T03:46Z,202.2476,Libra,1982-06-18T11:05Z,195.4974,Libra,138.305,6.75,0,0
Saturn,1983-02-12T11:18Z,214.4371,Scorpio,1983-07-01T12:31Z,207.7225,Libra,139.051,6.715,0,0
Saturn,1984-02-24T14:36Z,226.3842,Scorpio,1984-07-13T06:16Z,219.7009,Scorpio,139.653,6.683,0,0
Saturn,1985-03-07T12:38Z,238.1261,Scorpio,1985-07-25T19:33Z,231.4675,Scorpio,140.289,6.659,0,0
Saturn,1986-03-19T09:27Z,249.7039,Sagittarius,1986-08-07T04:50Z,243.0633,Sagittarius,140.808,6.641,0,0
Saturn,1987-03-31T04:42Z,261.1631,Sagittarius,1987-08-19T08:52Z,254.5337,Sagittarius,141.174,6.629,0,0
Saturn,1988-04-11T02:09Z,272.5537,Capricorn,1988-08-30T10:07Z,265.9291,Sagittarius,141.332,6.625,0,0
Saturn,1989-04-22T23:37Z,283.9276,Capricorn,1989-09-11T07:10Z,277.3013,Capricorn,141.315,6.626,0,0
Saturn,1990-05-04T22:43Z,295.339,Capricorn,1990-09-23T05:10Z,288.7042,Capricorn,141.269,6.635,0,0
Saturn,1991-05-17T04:05Z,306.8422,Aquarius,1991-10-05T03:57Z,300.1932,Aquarius,140.995,6.649,0,0
Saturn,1992-05-28T13:36Z,318.4888,Aquarius,1992-10-16T02:06Z,311.82,Aquarius,140.521,6.669,0,0
Saturn,1993-06-10T05:27Z,330.3278,Pisces,1993-10-28T03:39Z,323.6335,Aquarius,139.925,6.694,0,0
Saturn,1994-06-23T03:57Z,342.4032,Pisces,1994-11-09T08:36Z,335.6793,Pisces,139.194,6.724,0,0
Saturn,1995-07-06T07:46Z,354.7521,Pisces,1995-11-21T19:48Z,347.9952,Pisces,138.501,6.757,0,0
Saturn,1996-07-18T20:29Z,7.4007,Aries,1996-12-03T12:39Z,0.6091,Aries,137.674,6.792,0,0
Saturn,1997-08-01T16:57Z,20.3608,Aries,1997-12-16T10:29Z,13.5343,Aries,136.731,6.827,0,0
Saturn,1998-08-15T19:09Z,33.6283,Taurus,1998-12-29T15:45Z,26.7678,Aries,135.858,6.861,0,0
Saturn,1999-08-30T01:23Z,47.1808,Taurus,2000-01-12T04:59Z,40.2884,Taurus,135.15,6.892,0,0
Saturn,2000-09-12T11:34Z,60.9786,Gemini,2001-01-25T00:25Z,54.0595,Taurus,134.535,6.919,0,0
Saturn,2001-09-27T00:04Z,74.9694,Gemini,2002-02-08T01:32Z,68.0313,Gemini,134.061,6.938,0,0
Saturn,2002-10-11T13:01Z,89.0852,Gemini,2003-02-22T07:40Z,82.1351,Gemini,133.777,6.95,0,0
Saturn,2003-10-25T23:42Z,103.2399,Cancer,2004-03-07T16:51Z,96.286,Cancer,133.715,6.954,0,0
Saturn,2004-11-08T06:54Z,117.3433,Cancer,2005-03-22T02:54Z,110.3942,Cancer,133.833,6.949,0,0
Saturn,2005-11-22T09:01Z,131.3112,Leo,2006-04-05T12:54Z,124.3754,Leo,134.162,6.936,0,0
Saturn,2006-12-06T04:07Z,145.071,Leo,2007-04-19T21:24Z,138.156,Leo,134.72,6.915,0,0
Saturn,2007-12-19T14:09Z,158.5677,Virgo,2008-05-03T03:07Z,151.68,Virgo,135.54,6.888,0,0
Saturn,2008-12-31T18:08Z,171.7669,Virgo,2009-05-17T02:06Z,164.9115,Virgo,136.332,6.855,0,0
Saturn,2010-01-13T15:56Z,184.6525,Libra,2010-05-30T18:09Z,177.8326,Virgo,137.092,6.82,0,0
Saturn,2011-01-26T06:09Z,197.2265,Libra,2011-06-13T03:51Z,190.4441,Libra,137.904,6.782,0,0
Saturn,2012-02-07T14:03Z,209.5079,Libra,2012-06-25T08:00Z,202.7635,Libra,138.748,6.744,0,0
Saturn,2013-02-18T17:03Z,221.5263,Scorpio,2013-07-08T05:12Z,214.8182,Scorpio,139.507,6.708,0,0
Saturn,2014-03-02T16:19Z,233.3194,Scorpio,2014-07-20T20:35Z,226.6439,Scorpio,140.178,6.676,0,0
Saturn,2015-03-14T15:03Z,244.93,Sagittarius,2015-08-02T05:53Z,238.2825,Scorpio,140.618,6.648,0,0
Saturn,2016-03-25T10:01Z,256.4053,Sagittarius,2016-08-13T09:50Z,249.7792,Sagittarius,140.993,6.626,0,0
Saturn,2017-04-06T05:06Z,267.7948,Sagittarius,2017-08-25T12:08Z,261.1823,Sagittarius,141.294,6.613,0,0
Saturn,2018-04-18T01:47Z,279.1488,Capricorn,2018-09-06T11:08Z,272.5422,Capricorn,141.39,6.607,0,0
Saturn,2019-04-30T00:54Z,290.5188,Capricorn,2019-09-18T08:47Z,283.9097,Capricorn,141.328,6.609,0,0
Saturn,2020-05-11T04:09Z,301.9569,Aquarius,2020-09-29T05:11Z,295.3371,Capricorn,141.043,6.62,0,0
Saturn,2021-05-23T09:19Z,313.5172,Aquarius,2021-10-11T02:17Z,306.8787,Aquarius,140.707,6.639,0,0
Saturn,2022-06-04T21:46Z,325.253,Aquarius,2022-10-23T04:07Z,318.5884,Aquarius,140.265,6.665,0,0
Saturn,2023-06-17T17:28Z,337.2107,Pisces,2023-11-04T07:03Z,330.5136,Pisces,139.566,6.697,0,0
Saturn,2024-06-29T19:07Z,349.4281,Pisces,2024-11-15T14:21Z,342.6927,Pisces,138.801,6.735,0,0
Saturn,2025-07-13T04:06Z,1.9344,Aries,2025-11-28T03:52Z,355.1576,Pisces,137.99,6.777,0,0
Saturn,2026-07-26T19:56Z,14.75,Aries,2026-12-10T23:31Z,7.931,Aries,137.149,6.819,0,0
Saturn,2027-08-09T18:06Z,27.8804,Aries,2027-12-24T02:47Z,21.0206,Aries,136.362,6.86,0,0
Saturn,2028-08-22T22:17Z,41.3136,Taurus,2029-01-05T12:39Z,34.4165,Taurus,135.599,6.897,0,0
Saturn,2029-09-06T08:35Z,55.019,Taurus,2030-01-19T03:54Z,48.0903,Taurus,134.805,6.929,0,0
Saturn,2030-09-20T21:30Z,68.9462,Gemini,2031-02-02T02:25Z,61.9935,Gemini,134.205,6.953,0,0
Saturn,2031-10-05T10:50Z,83.0277,Gemini,2032-02-16T06:59Z,76.0599,Gemini,133.84,6.968,0,0
Saturn,2032-10-18T22:27Z,97.1834,Cancer,2033-03-01T16:03Z,90.211,Cancer,133.733,6.972,0,0
Saturn,2033-11-02T07:04Z,111.3274,Cancer,2034-03-16T02:30Z,104.3612,Cancer,133.81,6.966,0,0
Saturn,2034-11-16T12:00Z,125.3752,Leo,2035-03-30T13:12Z,118.4247,Cancer,134.05,6.951,0,0
Saturn,2035-11-30T11:07Z,139.2497,Leo,2036-04-12T22:37Z,132.3237,Leo,134.479,6.926,0,0
Saturn,2036-12-13T02:58Z,152.8878,Virgo,2037-04-27T04:57Z,145.9933,Leo,135.083,6.895,0,0
Saturn,2037-12-26T11:36Z,166.2439,Virgo,2038-05-11T06:22Z,159.385,Virgo,135.782,6.859,0,0
Saturn,2039-01-08T11:56Z,179.2908,Virgo,2039-05-25T03:06Z,172.4698,Virgo,136.632,6.821,0,0
Saturn,2040-01-21T04:13Z,192.0213,Libra,2040-06-06T17:54Z,185.2386,Libra,137.571,6.783,0,0
Saturn,2041-02-01T16:01Z,204.448,Libra,2041-06-20T01:10Z,197.7031,Libra,138.381,6.745,0,0
Saturn,2042-02-13T22:50Z,216.5995,Scorpio,2042-07-02T23:48Z,209.8904,Libra,139.04,6.709,0,0
Saturn,2043-02-25T23:40Z,228.5127,Scorpio,2043-07-15T18:07Z,221.8343,Scorpio,139.769,6.678,0,0
Saturn,2044-03-08T22:26Z,240.2271,Sagittarius,2044-07-27T07:28Z,233.5733,Scorpio,140.377,6.654,0,0
Saturn,2045-03-20T18:13Z,251.7844,Sagittarius,2045-08-08T15:01Z,245.1479,Sagittarius,140.867,6.637,0,0
Saturn,2046-04-01T14:46Z,263.2302,Sagittarius,2046-08-20T19:12Z,256.6038,Sagittarius,141.185,6.626,0,0
Saturn,2047-04-13T11:47Z,274.6138,Capricorn,2047-09-01T18:30Z,267.9909,Sagittarius,141.279,6.623,0,0
Saturn,2048-04-24T07:54Z,285.9883,Capricorn,2048-09-12T16:56Z,279.3614,Capricorn,141.377,6.627,0,0
Saturn,2049-05-06T09:12Z,297.4071,Capricorn,2049-09-24T15:34Z,290.7702,Capricorn,141.265,6.637,0,0
Saturn,2050-05-18T14:29Z,308.9239,Aquarius,2050-10-06T12:43Z,302.2713,Aquarius,140.927,6.653,0,0
Saturn,2051-05-31T01:17Z,320.5913,Aquarius,2051-10-18T11:52Z,313.9175,Aquarius,140.441,6.674,0,0
Saturn,2052-06-11T17:22Z,332.4583,Pisces,2052-10-29T13:19Z,325.758,Aquarius,139.831,6.7,0,0
Saturn,2053-06-24T15:29Z,344.569,Pisces,2053-11-10T20:13Z,337.838,Pisces,139.198,6.731,0,0
Saturn,2054-07-07T22:04Z,356.9592,Pisces,2054-11-23T08:07Z,350.1951,Pisces,138.418,6.764,0,0
Saturn,2055-07-21T12:50Z,9.6539,Aries,2055-12-06T00:06Z,2.8554,Aries,137.469,6.799,0,0
Saturn,2056-08-03T09:27Z,22.6638,Aries,2056-12-17T23:53Z,15.8308,Aries,136.602,6.833,0,0
Saturn,2057-08-17T11:51Z,35.9821,Taurus,2057-12-31T06:59Z,29.1163,Aries,135.798,6.866,0,0
Saturn,2058-08-31T19:37Z,49.5833,Taurus,2059-01-13T20:42Z,42.6872,Taurus,135.045,6.896,0,0
Saturn,2059-09-15T06:29Z,63.4216,Gemini,2060-01-27T17:51Z,56.4996,Taurus,134.474,6.922,0,0
Saturn,2060-09-28T18:55Z,77.4384,Gemini,2061-02-09T19:58Z,70.4983,Gemini,134.044,6.94,0,0
Saturn,2061-10-13T07:46Z,91.5662,Cancer,2062-02-24T01:55Z,84.6162,Gemini,133.756,6.95,0,0
Saturn,2062-10-27T18:58Z,105.7221,Cancer,2063-03-10T10:21Z,98.7697,Cancer,133.641,6.952,0,0
Saturn,2063-11-11T02:17Z,119.816,Cancer,2064-03-23T21:32Z,112.8696,Cancer,133.803,6.946,0,0
Saturn,2064-11-24T02:33Z,133.7647,Leo,2065-04-07T08:46Z,126.8331,Leo,134.259,6.932,0,0
Saturn,2065-12-07T19:33Z,147.4976,Leo,2066-04-21T17:23Z,140.5877,Leo,134.91,6.91,0,0
Saturn,2066-12-21T05:57Z,160.961,Virgo,2067-05-05T20:43Z,154.0786,Virgo,135.615,6.882,0,0
Saturn,2068-01-03T10:22Z,174.1215,Virgo,2068-05-18T18:17Z,167.2714,Virgo,136.33,6.85,0,0
Saturn,2069-01-15T06:00Z,186.9657,Libra,2069-06-01T10:30Z,180.151,Libra,137.187,6.815,0,0
Saturn,2070-01-27T19:00Z,199.4983,Libra,2070-06-14T20:01Z,192.7203,Libra,138.042,6.778,0,0
Saturn,2071-02-09T02:00Z,211.7386,Scorpio,2071-06-27T22:35Z,204.9977,Libra,138.858,6.741,0,0
Saturn,2072-02-21T04:07Z,223.7188,Scorpio,2072-07-09T19:46Z,217.0135,Scorpio,139.652,6.705,0,0
Saturn,2073-03-04T04:31Z,235.478,Scorpio,2073-07-22T09:21Z,228.8049,Scorpio,140.201,6.673,0,0
Saturn,2074-03-16T00:57Z,247.0603,Sagittarius,2074-08-03T16:33Z,240.4145,Sagittarius,140.65,6.646,0,0
Saturn,2075-03-27T19:45Z,258.5146,Sagittarius,2075-08-15T22:01Z,251.8894,Sagittarius,141.094,6.625,0,0
Saturn,2076-04-07T15:16Z,269.891,Sagittarius,2076-08-26T23:06Z,263.2792,Sagittarius,141.326,6.612,0,0
Saturn,2077-04-19T12:15Z,281.24,Capricorn,2077-09-07T21:30Z,274.6335,Capricorn,141.386,6.606,0,0
Saturn,2078-05-01T12:16Z,292.6121,Capricorn,2078-09-19T18:04Z,286.0032,Capricorn,141.242,6.609,0,0
Saturn,2079-05-13T13:31Z,304.06,Aquarius,2079-10-01T14:33Z,297.4396,Capricorn,141.043,6.62,0,0
Saturn,2080-05-24T20:35Z,315.6357,Aquarius,2080-10-12T14:09Z,308.9955,Aquarius,140.732,6.64,0,0
Saturn,2081-06-06T10:28Z,327.3903,Aquarius,2081-10-24T13:44Z,320.7242,Aquarius,140.136,6.666,0,0
Saturn,2082-06-19T05:50Z,339.3724,Pisces,2082-11-05T17:17Z,332.6735,Pisces,139.477,6.699,0,0
Saturn,2083-07-02T08:43Z,351.6202,Pisces,2083-11-18T01:50Z,344.8829,Pisces,138.714,6.737,0,0
Saturn,2084-07-14T18:17Z,4.1615,Aries,2084-11-29T15:31Z,357.3824,Pisces,137.885,6.779,0,0
Saturn,2085-07-28T09:59Z,17.0142,Aries,2085-12-12T13:22Z,10.1925,Aries,137.141,6.822,0,0
Saturn,2086-08-11T09:40Z,30.1815,Taurus,2086-12-25T16:44Z,23.3189,Aries,136.295,6.863,0,0
Saturn,2087-08-25T16:04Z,43.6489,Taurus,2088-01-08T01:47Z,36.7489,Taurus,135.405,6.9,0,0
Saturn,2088-09-08T02:33Z,57.3829,Taurus,2089-01-20T19:10Z,50.4515,Taurus,134.692,6.931,0,0
Saturn,2089-09-22T14:18Z,71.3313,Gemini,2090-02-03T19:23Z,64.3764,Gemini,134.212,6.955,0,0
Saturn,2090-10-07T02:59Z,85.4254,Gemini,2091-02-18T00:26Z,78.4561,Gemini,133.894,6.969,0,0
Saturn,2091-10-21T14:49Z,99.5837,Cancer,2092-03-03T08:55Z,92.6101,Cancer,133.754,6.974,0,0
Saturn,2092-11-04T00:03Z,113.7198,Cancer,2093-03-17T19:31Z,106.7528,Cancer,133.812,6.967,0,0
Saturn,2093-11-18T04:14Z,127.7506,Leo,2094-04-01T06:14Z,120.8005,Leo,134.083,6.95,0,0
Saturn,2094-12-02T02:23Z,141.6014,Leo,2095-04-15T15:02Z,134.6766,Leo,134.527,6.925,0,0
Saturn,2095-12-15T17:45Z,155.2109,Virgo,2096-04-28T20:27Z,148.3186,Leo,135.113,6.892,0,0
Saturn,2096-12-28T01:16Z,168.5364,Virgo,2097-05-12T22:11Z,161.6809,Virgo,135.872,6.855,0,0
Saturn,2098-01-09T23:37Z,181.5528,Libra,2098-05-26T19:16Z,174.7361,Virgo,136.819,6.817,0,0
Saturn,2099-01-22T16:51Z,194.2527,Libra,2099-06-09T08:09Z,187.4749,Libra,137.637,6.778,0,0
Saturn,2100-02-04T04:30Z,206.6471,Libra,2100-06-22T13:01Z,199.907,Libra,138.355,6.74,0,0
Uranus,1900-03-17T19:27Z,252.4824,Sagittarius,1900-08-17T18:17Z,248.4518,Sagittarius,152.951,4.031,0,0
Uranus,1901-03-22T11:25Z,256.9009,Sagittarius,1901-08-22T13:55Z,252.8784,Sagittarius,153.104,4.022,0,0
Uranus,1902-03-27T03:48Z,261.2863,Sagittarius,1902-08-27T10:18Z,257.2713,Sagittarius,153.271,4.015,0,0
Uranus,1903-03-31T17:50Z,265.6382,Sagittarius,1903-09-01T04:19Z,261.6297,Sagittarius,153.437,4.009,0,0
Uranus,1904-04-04T09:09Z,269.9558,Sagittarius,1904-09-04T23:11Z,265.9535,Sagittarius,153.585,4.002,0,0
Uranus,1905-04-08T21:19Z,274.2399,Capricorn,1905-09-09T15:17Z,270.2438,Capricorn,153.748,3.996,0,0
Uranus,1906-04-13T11:54Z,278.4917,Capricorn,1906-09-14T08:12Z,274.5022,Capricorn,153.846,3.989,0,0
Uranus,1907-04-17T22:42Z,282.7136,Capricorn,1907-09-18T22:04Z,278.7318,Capricorn,153.973,3.982,0,0
Uranus,1908-04-21T12:18Z,286.9085,Capricorn,1908-09-22T13:25Z,282.9347,Capricorn,154.047,3.974,0,0
Uranus,1909-04-25T22:26Z,291.0789,Capricorn,1909-09-27T01:29Z,287.1134,Capricorn,154.127,3.966,0,0
Uranus,1910-04-30T10:51Z,295.2264,Capricorn,1910-10-01T15:05Z,291.269,Capricorn,154.176,3.957,0,0
Uranus,1911-05-04T20:18Z,299.3531,Capricorn,1911-10-06T01:53Z,295.4035,Capricorn,154.233,3.95,0,0
Uranus,1912-05-08T07:34Z,303.4601,Aquarius,1912-10-09T13:43Z,299.5174,Capricorn,154.256,3.943,0,0
Uranus,1913-05-12T16:33Z,307.5483,Aquarius,1913-10-13T23:23Z,303.6116,Aquarius,154.285,3.937,0,0
Uranus,1914-05-17T02:40Z,311.6182,Aquarius,1914-10-18T09:40Z,307.6858,Aquarius,154.292,3.932,0,0
Uranus,1915-05-21T10:48Z,315.6697,Aquarius,1915-10-22T18:11Z,311.7408,Aquarius,154.308,3.929,0,0
Uranus,1916-05-24T20:13Z,319.7033,Aquarius,1916-10-26T03:18Z,315.7759,Aquarius,154.295,3.927,0,0
Uranus,1917-05-29T03:27Z,323.7189,Aquarius,1917-10-30T10:32Z,319.7923,Aquarius,154.295,3.927,0,0
Uranus,1918-06-02T12:29Z,327.7176,Aquarius,1918-11-03T18:27Z,323.7912,Aquarius,154.248,3.926,0,0
Uranus,1919-06-06T19:12Z,331.7019,Pisces,1919-11-08T00:35Z,327.7761,Aquarius,154.224,3.926,0,0
Uranus,1920-06-10T04:07Z,335.6747,Pisces,1920-11-11T07:16Z,331.7494,Pisces,154.131,3.925,0,0
Uranus,1921-06-14T10:55Z,339.639,Pisces,1921-11-15T12:50Z,335.7148,Pisces,154.079,3.924,0,0
Uranus,1922-06-18T19:50Z,343.5982,Pisces,1922-11-19T18:06Z,339.6751,Pisces,153.928,3.923,0,0
Uranus,1923-06-23T02:41Z,347.5552,Pisces,1923-11-23T23:29Z,343.6339,Pisces,153.867,3.921,0,0
Uranus,1924-06-26T12:02Z,351.5134,Pisces,1924-11-27T04:03Z,347.593,Pisces,153.667,3.92,0,0
Uranus,1925-06-30T19:13Z,355.4747,Pisces,1925-12-01T09:02Z,351.5553,Pisces,153.576,3.919,0,0
Uranus,1926-07-05T05:02Z,359.4414,Pisces,1926-12-05T13:51Z,355.5215,Pisces,153.368,3.92,0,0
Uranus,1927-07-09T12:31Z,3.4145,Aries,1927-12-09T18:15Z,359.4935,Pisces,153.239,3.921,0,0
Uranus,1928-07-12T22:35Z,7.3949,Aries,1928-12-12T23:57Z,3.4704,Aries,153.057,3.924,0,0
Uranus,1929-07-17T06:25Z,11.3819,Aries,1929-12-17T04:19Z,7.4532,Aries,152.912,3.929,0,0
Uranus,1930-07-21T16:09Z,15.3765,Aries,1930-12-21T10:18Z,11.4419,Aries,152.756,3.935,0,0
Uranus,1931-07-26T00:36Z,19.3793,Aries,1931-12-25T15:29Z,15.4387,Aries,152.62,3.941,0,0
Uranus,1932-07-29T10:14Z,23.3924,Aries,1932-12-28T21:01Z,19.445,Aries,152.449,3.947,0,0
Uranus,1933-08-02T19:44Z,27.4174,Aries,1934-01-02T03:05Z,23.4638,Aries,152.307,3.954,0,0
Uranus,1934-08-07T05:24Z,31.4573,Taurus,1935-01-06T08:34Z,27.4972,Aries,152.132,3.96,0,0
Uranus,1935-08-11T15:49Z,35.5144,Taurus,1936-01-10T15:20Z,31.5487,Taurus,151.98,3.966,0,0
Uranus,1936-08-15T02:35Z,39.5918,Taurus,1937-01-13T21:32Z,35.62,Taurus,151.79,3.972,0,0
Uranus,1937-08-19T13:48Z,43.6913,Taurus,1938-01-18T04:53Z,39.7145,Taurus,151.628,3.977,0,0
Uranus,1938-08-24T02:09Z,47.8163,Taurus,1939-01-22T12:05Z,43.8336,Taurus,151.414,3.983,0,0
Uranus,1939-08-28T14:27Z,51.9677,Taurus,1940-01-26T20:26Z,47.9792,Taurus,151.249,3.989,0,0
Uranus,1940-09-01T04:00Z,56.147,Taurus,1941-01-30T05:02Z,52.1508,Taurus,151.043,3.996,0,0
Uranus,1941-09-05T17:36Z,60.3535,Gemini,1942-02-03T14:50Z,56.3493,Taurus,150.885,4.004,0,0
Uranus,1942-09-10T07:41Z,64.5876,Gemini,1943-02-08T00:53Z,60.5738,Gemini,150.717,4.014,0,0
Uranus,1943-09-14T22:36Z,68.8486,Gemini,1944-02-12T12:14Z,64.825,Gemini,150.568,4.024,0,0
Uranus,1944-09-18T13:31Z,73.1373,Gemini,1945-02-15T23:25Z,69.103,Gemini,150.412,4.034,0,0
Uranus,1945-09-23T05:55Z,77.4537,Gemini,1946-02-20T12:13Z,73.4093,Gemini,150.263,4.044,0,0
Uranus,1946-09-27T22:01Z,81.7993,Gemini,1947-02-25T00:29Z,77.7445,Gemini,150.103,4.055,0,0
Uranus,1947-10-02T16:05Z,86.1744,Gemini,1948-02-29T14:23Z,82.1102,Gemini,149.929,4.064,0,0
Uranus,1948-10-06T09:50Z,90.5805,Cancer,1949-03-05T04:09Z,86.5071,Gemini,149.763,4.073,0,0
Uranus,1949-10-11T05:14Z,95.0183,Cancer,1950-03-09T19:24Z,90.9376,Cancer,149.591,4.081,0,0
Uranus,1950-10-16T00:18Z,99.4897,Cancer,1951-03-14T10:41Z,95.4019,Cancer,149.433,4.088,0,0
Uranus,1951-10-20T20:55Z,103.9947,Cancer,1952-03-18T04:12Z,99.901,Cancer,149.303,4.094,0,0
Uranus,1952-10-24T16:47Z,108.5338,Cancer,1953-03-22T21:22Z,104.434,Cancer,149.191,4.1,0,0
Uranus,1953-10-29T14:19Z,113.1054,Cancer,1954-03-27T17:31Z,108.9993,Cancer,149.134,4.106,0,0
Uranus,1954-11-03T10:58Z,117.7073,Cancer,1955-04-01T12:50Z,113.5945,Cancer,149.078,4.113,0,0
Uranus,1955-11-08T09:29Z,122.3367,Leo,1956-04-05T11:22Z,118.2167,Cancer,149.079,4.12,0,0
Uranus,1956-11-12T06:50Z,126.9907,Leo,1957-04-10T08:21Z,122.8636,Leo,149.063,4.127,0,0
Uranus,1957-11-17T06:27Z,131.6672,Leo,1958-04-15T08:27Z,127.5329,Leo,149.084,4.134,0,0
Uranus,1958-11-22T04:49Z,136.3632,Leo,1959-04-20T06:58Z,132.2225,Leo,149.089,4.141,0,0
Uranus,1959-11-27T04:46Z,141.0769,Leo,1960-04-24T07:46Z,136.9299,Leo,149.125,4.147,0,0
Uranus,1960-12-01T04:21Z,145.8057,Leo,1961-04-29T07:50Z,141.6542,Leo,149.146,4.151,0,0
Uranus,1961-12-06T04:27Z,150.5487,Virgo,1962-05-04T08:57Z,146.3936,Leo,149.187,4.155,0,0
Uranus,1962-12-11T05:12Z,155.3038,Virgo,1963-05-09T10:16Z,151.1477,Virgo,149.211,4.156,0,0
Uranus,1963-12-16T05:12Z,160.0709,Virgo,1964-05-13T11:26Z,155.915,Virgo,149.26,4.156,0,0
Uranus,1964-12-20T06:45Z,164.848,Virgo,1965-05-18T14:32Z,160.6947,Virgo,149.324,4.153,0,0
Uranus,1965-12-25T06:06Z,169.6341,Virgo,1966-05-23T16:37Z,165.4835,Virgo,149.438,4.151,0,0
Uranus,1966-12-30T07:30Z,174.4254,Virgo,1967-05-28T21:37Z,170.2784,Virgo,149.588,4.147,0,0
Uranus,1968-01-04T06:13Z,179.2183,Virgo,1968-06-02T00:36Z,175.0746,Virgo,149.766,4.144,0,0
Uranus,1969-01-08T07:28Z,184.0086,Libra,1969-06-07T06:34Z,179.8687,Virgo,149.962,4.14,0,0
Uranus,1970-01-13T06:09Z,188.7924,Libra,1970-06-12T09:40Z,184.6557,Libra,150.147,4.137,0,0
Uranus,1971-01-18T06:54Z,193.565,Libra,1971-06-17T14:51Z,189.4317,Libra,150.331,4.133,0,0
Uranus,1972-01-23T05:26Z,198.323,Libra,1972-06-21T17:28Z,194.1933,Libra,150.501,4.13,0,0
Uranus,1973-01-27T05:30Z,203.0626,Libra,1973-06-26T22:01Z,198.9364,Libra,150.688,4.126,0,0
Uranus,1974-02-01T02:56Z,207.7805,Libra,1974-07-02T00:15Z,203.6587,Libra,150.888,4.122,0,0
Uranus,1975-02-06T01:48Z,212.4748,Scorpio,1975-07-07T03:59Z,208.3579,Libra,151.091,4.117,0,0
Uranus,1976-02-10T22:11Z,217.1438,Scorpio,1976-07-11T06:05Z,213.0342,Scorpio,151.329,4.11,0,0
Uranus,1977-02-14T19:50Z,221.7882,Scorpio,1977-07-16T08:41Z,217.6866,Scorpio,151.535,4.102,0,0
Uranus,1978-02-19T15:25Z,226.4073,Scorpio,1978-07-21T10:04Z,222.3157,Scorpio,151.777,4.092,0,0
Uranus,1979-02-24T11:58Z,231.0015,Scorpio,1979-07-26T10:59Z,226.92,Scorpio,151.959,4.082,0,0
Uranus,1980-02-29T06:40Z,235.5699,Scorpio,1980-07-30T11:39Z,231.4995,Scorpio,152.208,4.07,0,0
Uranus,1981-03-05T01:47Z,240.112,Sagittarius,1981-08-04T10:50Z,236.0518,Scorpio,152.377,4.06,0,0
Uranus,1982-03-09T19:40Z,244.6257,Sagittarius,1982-08-09T10:21Z,240.5759,Sagittarius,152.611,4.05,0,0
Uranus,1983-03-14T13:04Z,249.1104,Sagittarius,1983-08-14T07:11Z,245.0699,Sagittarius,152.755,4.04,0,0
Uranus,1984-03-18T06:13Z,253.5641,Sagittarius,1984-08-18T05:40Z,249.5327,Sagittarius,152.977,4.031,0,0
Uranus,1985-03-22T22:02Z,257.986,Sagittarius,1985-08-23T00:19Z,253.9623,Sagittarius,153.095,4.024,0,0
Uranus,1986-03-27T14:17Z,262.3741,Sagittarius,1986-08-27T21:16Z,258.3576,Sagittarius,153.291,4.016,0,0
Uranus,1987-04-01T04:34Z,266.728,Sagittarius,1987-09-01T14:23Z,262.7178,Sagittarius,153.409,4.01,0,0
Uranus,1988-04-04T19:25Z,271.0474,Capricorn,1988-09-05T09:41Z,267.044,Sagittarius,153.594,4.003,0,0
Uranus,1989-04-09T08:54Z,275.334,Capricorn,1989-09-10T01:14Z,271.3375,Capricorn,153.681,3.997,0,0
Uranus,1990-04-13T22:21Z,279.5892,Capricorn,1990-09-14T18:29Z,275.6006,Capricorn,153.839,3.989,0,0
Uranus,1991-04-18T10:33Z,283.8159,Capricorn,1991-09-19T08:37Z,279.8356,Capricorn,153.919,3.98,0,0
Uranus,1992-04-21T23:19Z,288.0161,Capricorn,1992-09-22T23:46Z,284.0442,Capricorn,154.019,3.972,0,0
Uranus,1993-04-26T10:03Z,292.1916,Capricorn,1993-09-27T12:29Z,288.228,Capricorn,154.101,3.964,0,0
Uranus,1994-04-30T22:18Z,296.3439,Capricorn,1994-10-02T01:47Z,292.3881,Capricorn,154.145,3.956,0,0
Uranus,1995-05-05T07:48Z,300.4743,Aquarius,1995-10-06T12:58Z,296.526,Capricorn,154.215,3.948,0,0
Uranus,1996-05-08T19:35Z,304.5841,Aquarius,1996-10-10T00:54Z,300.6418,Aquarius,154.221,3.942,0,0
Uranus,1997-05-13T04:06Z,308.6737,Aquarius,1997-10-14T10:48Z,304.7365,Aquarius,154.279,3.937,0,0
Uranus,1998-05-17T15:00Z,312.7432,Aquarius,1998-10-18T21:24Z,308.8097,Aquarius,154.266,3.934,0,0
Uranus,1999-05-21T22:25Z,316.7934,Aquarius,1999-10-23T06:12Z,312.8625,Aquarius,154.325,3.931,0,0
Uranus,2000-05-25T08:20Z,320.8245,Aquarius,2000-10-26T15:24Z,316.8949,Aquarius,154.294,3.93,0,0
Uranus,2001-05-29T15:11Z,324.8377,Aquarius,2001-10-30T22:55Z,320.9094,Aquarius,154.323,3.928,0,0
Uranus,2002-06-03T00:11Z,328.8355,Aquarius,2002-11-04T06:28Z,324.9083,Aquarius,154.261,3.927,0,0
Uranus,2003-06-07T06:58Z,332.8205,Pisces,2003-11-08T12:44Z,328.8951,Aquarius,154.24,3.925,0,0
Uranus,2004-06-10T15:47Z,336.796,Pisces,2004-11-11T19:11Z,332.8721,Pisces,154.142,3.924,0,0
Uranus,2005-06-14T22:38Z,340.7646,Pisces,2005-11-16T00:08Z,336.8429,Pisces,154.063,3.922,0,0
Uranus,2006-06-19T07:40Z,344.7292,Pisces,2006-11-20T06:09Z,340.8091,Pisces,153.937,3.92,0,0
Uranus,2007-06-23T14:43Z,348.6924,Pisces,2007-11-24T10:15Z,344.774,Pisces,153.814,3.918,0,0
Uranus,2008-06-27T00:01Z,352.6563,Pisces,2008-11-27T16:09Z,348.7385,Pisces,153.672,3.918,0,0
Uranus,2009-07-01T07:37Z,356.6222,Pisces,2009-12-01T20:27Z,352.7044,Pisces,153.535,3.918,0,0
Uranus,2010-07-05T16:49Z,0.5915,Aries,2010-12-06T01:49Z,356.672,Pisces,153.376,3.919,0,0
Uranus,2011-07-10T00:34Z,4.5644,Aries,2011-12-10T07:04Z,0.6419,Aries,153.271,3.922,0,0
Uranus,2012-07-13T09:48Z,8.5411,Aries,2012-12-13T12:02Z,4.6138,Aries,153.093,3.927,0,0
Uranus,2013-07-17T17:20Z,12.5218,Aries,2013-12-17T17:39Z,8.5893,Aries,153.013,3.932,0,0
Uranus,2014-07-22T02:53Z,16.5084,Aries,2014-12-21T22:45Z,12.5697,Aries,152.828,3.939,0,0
Uranus,2015-07-26T10:38Z,20.5027,Aries,2015-12-26T03:52Z,16.5583,Aries,152.719,3.944,0,0
Uranus,2016-07-29T21:06Z,24.5078,Aries,2016-12-29T09:29Z,20.5572,Aries,152.516,3.951,0,0
Uranus,2017-08-03T05:31Z,28.5259,Aries,2018-01-02T14:11Z,24.5703,Aries,152.361,3.956,0,0
Uranus,2018-08-07T16:50Z,32.5609,Taurus,2019-01-06T20:26Z,28.6,Aries,152.15,3.961,0,0
Uranus,2019-08-12T02:27Z,36.6152,Taurus,2020-01-11T01:48Z,32.6499,Taurus,151.973,3.965,0,0
Uranus,2020-08-15T14:26Z,40.6919,Taurus,2021-01-14T08:36Z,36.7217,Taurus,151.757,3.97,0,0
Uranus,2021-08-20T01:40Z,44.7931,Taurus,2022-01-18T15:26Z,40.8184,Taurus,151.574,3.975,0,0
Uranus,2022-08-24T13:53Z,48.9209,Taurus,2023-01-22T22:59Z,44.9404,Taurus,151.379,3.98,0,0
Uranus,2023-08-29T02:38Z,53.0753,Taurus,2024-01-27T07:35Z,49.0885,Taurus,151.206,3.987,0,0
Uranus,2024-09-01T15:18Z,57.2567,Taurus,2025-01-30T16:23Z,53.2615,Taurus,151.045,3.995,0,0
Uranus,2025-09-06T04:51Z,61.4637,Gemini,2026-02-04T02:33Z,57.4598,Taurus,150.904,4.004,0,0
Uranus,2026-09-10T18:27Z,65.697,Gemini,2027-02-08T12:29Z,61.6826,Gemini,150.752,4.014,0,0
Uranus,2027-09-15T09:09Z,69.9557,Gemini,2028-02-12T23:50Z,65.9311,Gemini,150.611,4.025,0,0
Uranus,2028-09-19T00:01Z,74.241,Gemini,2029-02-16T10:52Z,70.2054,Gemini,150.452,4.036,0,0
Uranus,2029-09-23T16:22Z,78.5532,Gemini,2030-02-20T23:23Z,74.5077,Gemini,150.292,4.045,0,0
Uranus,2030-09-28T08:27Z,82.8942,Gemini,2031-02-25T11:24Z,78.8386,Gemini,150.123,4.056,0,0
Uranus,2031-10-03T02:43Z,87.2647,Gemini,2032-03-01T01:34Z,83.2004,Gemini,149.953,4.064,0,0
Uranus,2032-10-06T19:53Z,91.667,Cancer,2033-03-05T14:41Z,87.5945,Gemini,149.784,4.073,0,0
Uranus,2033-10-11T16:04Z,96.1022,Cancer,2034-03-10T06:49Z,92.0231,Cancer,149.614,4.079,0,0
Uranus,2034-10-16T10:16Z,100.5723,Cancer,2035-03-14T21:30Z,96.4868,Cancer,149.468,4.086,0,0
Uranus,2035-10-21T08:02Z,105.0774,Cancer,2036-03-18T15:30Z,100.9859,Cancer,149.311,4.091,0,0
Uranus,2036-10-25T03:23Z,109.6167,Cancer,2037-03-23T08:26Z,105.5186,Cancer,149.211,4.098,0,0
Uranus,2037-10-30T01:59Z,114.1884,Cancer,2038-03-28T04:27Z,110.0837,Cancer,149.102,4.105,0,0
Uranus,2038-11-03T22:01Z,118.7903,Cancer,2039-04-01T23:33Z,114.6781,Cancer,149.064,4.112,0,0
Uranus,2039-11-08T21:04Z,123.4195,Leo,2040-04-05T21:44Z,119.2998,Cancer,149.028,4.12,0,0
Uranus,2040-11-12T17:54Z,128.0739,Leo,2041-04-10T19:06Z,123.9469,Leo,149.05,4.127,0,0
Uranus,2041-11-17T17:17Z,132.7511,Leo,2042-04-15T18:58Z,128.6167,Leo,149.07,4.134,0,0
Uranus,2042-11-22T15:15Z,137.4483,Leo,2043-04-20T17:49Z,133.3075,Leo,149.107,4.141,0,0
Uranus,2043-11-27T15:39Z,142.164,Leo,2044-04-24T18:51Z,138.0172,Leo,149.134,4.147,0,0
Uranus,2044-12-01T14:46Z,146.8955,Leo,2045-04-29T18:21Z,142.745,Leo,149.149,4.151,0,0
Uranus,2045-12-06T16:03Z,151.6426,Virgo,2046-05-04T19:52Z,147.4892,Leo,149.159,4.153,0,0
Uranus,2046-12-11T16:10Z,156.4031,Virgo,2047-05-09T20:10Z,152.2494,Virgo,149.167,4.154,0,0
Uranus,2047-12-16T17:22Z,161.1764,Virgo,2048-05-13T22:37Z,157.023,Virgo,149.219,4.153,0,0
Uranus,2048-12-20T17:43Z,165.9599,Virgo,2049-05-19T00:47Z,161.8086,Virgo,149.295,4.151,0,0
Uranus,2049-12-25T18:12Z,170.7513,Virgo,2050-05-24T04:14Z,166.6016,Virgo,149.418,4.15,0,0
Uranus,2050-12-30T18:44Z,175.5459,Virgo,2051-05-29T08:25Z,171.3986,Virgo,149.57,4.147,0,0
Uranus,2052-01-04T18:25Z,180.3404,Libra,2052-06-02T12:16Z,176.1952,Virgo,149.744,4.145,0,0
Uranus,2053-01-08T19:07Z,185.1305,Libra,2053-06-07T17:37Z,180.9879,Libra,149.938,4.143,0,0
Uranus,2054-01-13T18:00Z,189.9126,Libra,2054-06-12T21:07Z,185.7724,Libra,150.13,4.14,0,0
Uranus,2055-01-18T18:32Z,194.6828,Libra,2055-06-18T02:41Z,190.5455,Libra,150.34,4.137,0,0
Uranus,2056-01-23T16:29Z,199.4377,Libra,2056-06-22T05:33Z,195.3036,Libra,150.544,4.134,0,0
Uranus,2057-01-27T16:30Z,204.1745,Libra,2057-06-27T10:05Z,200.0442,Libra,150.732,4.13,0,0
Uranus,2058-02-01T14:07Z,208.8907,Libra,2058-07-02T12:06Z,204.7656,Libra,150.916,4.125,0,0
Uranus,2059-02-06T13:04Z,213.5851,Scorpio,2059-07-07T15:19Z,209.4666,Libra,151.094,4.119,0,0
Uranus,2060-02-11T10:15Z,218.2575,Scorpio,2060-07-11T16:55Z,214.1474,Scorpio,151.278,4.11,0,0
Uranus,2061-02-15T08:02Z,222.9074,Scorpio,2061-07-16T19:13Z,218.8067,Scorpio,151.466,4.101,0,0
Uranus,2062-02-20T04:17Z,227.5339,Scorpio,2062-07-21T20:54Z,223.4436,Scorpio,151.693,4.09,0,0
Uranus,2063-02-25T00:11Z,232.1363,Scorpio,2063-07-26T22:08Z,228.0559,Scorpio,151.914,4.08,0,0
Uranus,2064-02-29T19:28Z,236.7122,Scorpio,2064-07-30T23:16Z,232.6424,Scorpio,152.158,4.07,0,0
Uranus,2065-03-05T13:50Z,241.2607,Sagittarius,2065-08-04T22:39Z,237.2001,Scorpio,152.367,4.061,0,0
Uranus,2066-03-10T07:58Z,245.7789,Sagittarius,2066-08-09T22:08Z,241.7278,Sagittarius,152.59,4.051,0,0
Uranus,2067-03-15T01:07Z,250.2661,Sagittarius,2067-08-14T19:41Z,246.2231,Sagittarius,152.774,4.043,0,0
Uranus,2068-03-18T18:13Z,254.7199,Sagittarius,2068-08-18T17:29Z,250.6849,Sagittarius,152.969,4.035,0,0
Uranus,2069-03-23T10:03Z,259.1397,Sagittarius,2069-08-23T13:19Z,255.1113,Sagittarius,153.136,4.028,0,0
Uranus,2070-03-28T01:56Z,263.5236,Sagittarius,2070-08-28T09:40Z,259.502,Sagittarius,153.322,4.022,0,0
Uranus,2071-04-01T16:05Z,267.8728,Sagittarius,2071-09-02T03:17Z,263.858,Sagittarius,153.467,4.015,0,0
Uranus,2072-04-05T07:17Z,272.1881,Capricorn,2072-09-05T22:06Z,268.1811,Sagittarius,153.618,4.007,0,0
Uranus,2073-04-09T19:57Z,276.4721,Capricorn,2073-09-10T13:23Z,272.4735,Capricorn,153.727,3.999,0,0
Uranus,2074-04-14T10:39Z,280.7267,Capricorn,2074-09-15T06:21Z,276.7375,Capricorn,153.821,3.989,0,0
Uranus,2075-04-18T22:11Z,284.9548,Capricorn,2075-09-19T19:47Z,280.9751,Capricorn,153.9,3.98,0,0
Uranus,2076-04-22T11:56Z,289.1578,Capricorn,2076-09-23T11:33Z,285.1875,Capricorn,153.984,3.97,0,0
Uranus,2077-04-26T22:55Z,293.3376,Capricorn,2077-09-27T23:24Z,289.376,Capricorn,154.02,3.962,0,0
Uranus,2078-05-01T11:09Z,297.4945,Capricorn,2078-10-02T13:53Z,293.5412,Capricorn,154.114,3.953,0,0
Uranus,2079-05-05T21:21Z,301.6301,Aquarius,2079-10-07T00:45Z,297.6838,Capricorn,154.141,3.946,0,0
Uranus,2080-05-09T08:26Z,305.7443,Aquarius,2080-10-10T13:29Z,301.8036,Aquarius,154.21,3.941,0,0
Uranus,2081-05-13T17:27Z,309.8371,Aquarius,2081-10-14T23:17Z,305.9007,Aquarius,154.243,3.936,0,0
Uranus,2082-05-18T03:14Z,313.9085,Aquarius,2082-10-19T10:14Z,309.9748,Aquarius,154.291,3.934,0,0
Uranus,2083-05-22T11:05Z,317.9587,Aquarius,2083-10-23T18:43Z,314.027,Aquarius,154.318,3.932,0,0
Uranus,2084-05-25T20:18Z,321.9889,Aquarius,2084-10-27T04:03Z,318.0583,Aquarius,154.323,3.931,0,0
Uranus,2085-05-30T03:21Z,326.0009,Aquarius,2085-10-31T10:59Z,322.0721,Aquarius,154.318,3.929,0,0
Uranus,2086-06-03T12:33Z,329.9977,Aquarius,2086-11-04T18:53Z,326.0706,Aquarius,154.263,3.927,0,0
Uranus,2087-06-07T19:12Z,333.9826,Pisces,2087-11-09T00:49Z,330.0576,Pisces,154.234,3.925,0,0
Uranus,2088-06-11T04:36Z,337.9583,Pisces,2088-11-12T07:31Z,334.0354,Pisces,154.121,3.923,0,0
Uranus,2089-06-15T11:16Z,341.9277,Pisces,2089-11-16T12:52Z,338.0071,Pisces,154.067,3.921,0,0
Uranus,2090-06-19T20:37Z,345.8937,Pisces,2090-11-20T18:38Z,341.975,Pisces,153.917,3.919,0,0
Uranus,2091-06-24T03:32Z,349.8586,Pisces,2091-11-24T23:47Z,345.9415,Pisces,153.843,3.917,0,0
Uranus,2092-06-27T13:01Z,353.8244,Pisces,2092-11-28T05:14Z,349.9074,Pisces,153.675,3.917,0,0
Uranus,2093-07-01T20:03Z,357.7919,Pisces,2093-12-02T09:56Z,353.8743,Pisces,153.578,3.918,0,0
Uranus,2094-07-06T05:36Z,1.762,Aries,2094-12-06T15:41Z,357.8418,Pisces,153.42,3.92,0,0
Uranus,2095-07-10T12:36Z,5.7347,Aries,2095-12-10T19:47Z,1.811,Aries,153.3,3.924,0,0
Uranus,2096-07-13T22:10Z,9.7108,Aries,2096-12-14T01:50Z,5.782,Aries,153.153,3.929,0,0
Uranus,2097-07-18T05:37Z,13.691,Aries,2097-12-18T05:46Z,9.7572,Aries,153.006,3.934,0,0
Uranus,2098-07-22T15:06Z,17.678,Aries,2098-12-22T11:33Z,13.7385,Aries,152.852,3.939,0,0
Uranus,2099-07-26T23:37Z,21.6739,Aries,2099-12-26T16:13Z,17.7291,Aries,152.692,3.945,0,0
Uranus,2100-07-31T09:31Z,25.6814,Aries,2100-12-30T21:26Z,21.7312,Aries,152.496,3.95,0,0
Neptune,1900-01-01T00:00Z,85.2188,Gemini,1900-03-05T16:54Z,84.2103,Gemini,63.704,1.008,1,0
Neptune,1900-10-02T17:47Z,89.262,Gemini,1901-03-08T06:24Z,86.4432,Gemini,156.526,2.819,0,0
Neptune,1901-10-05T06:57Z,91.493,Cancer,1902-03-10T18:15Z,88.6745,Gemini,156.471,2.819,0,0
Neptune,1902-10-07T17:36Z,93.7229,Cancer,1903-03-13T05:33Z,90.9058,Cancer,156.498,2.817,0,0
Neptune,1903-10-10T06:37Z,95.953,Cancer,1904-03-14T17:03Z,93.1377,Cancer,156.435,2.815,0,0
Neptune,1904-10-11T17:47Z,98.1845,Cancer,1905-03-17T02:33Z,95.3711,Cancer,156.365,2.813,0,0
Neptune,1905-10-14T05:21Z,100.4172,Cancer,1906-03-19T15:17Z,97.6057,Cancer,156.414,2.812,0,0
Neptune,1906-10-16T16:57Z,102.651,Cancer,1907-03-22T01:58Z,99.8406,Cancer,156.376,2.81,0,0
Neptune,1907-10-19T04:32Z,104.8844,Cancer,1908-03-23T15:01Z,102.0747,Cancer,156.437,2.81,0,0
Neptune,1908-10-20T17:11Z,107.1167,Cancer,1909-03-26T02:12Z,104.307,Cancer,156.375,2.81,0,0
Neptune,1909-10-23T05:03Z,109.3466,Cancer,1910-03-28T16:14Z,106.5371,Cancer,156.465,2.81,0,0
Neptune,1910-10-25T17:30Z,111.5742,Cancer,1911-03-31T04:41Z,108.7642,Cancer,156.466,2.81,0,0
Neptune,1911-10-28T04:02Z,113.7987,Cancer,1912-04-01T16:36Z,110.9887,Cancer,156.524,2.81,0,0
Neptune,1912-10-29T16:53Z,116.0203,Cancer,1913-04-04T04:57Z,113.2103,Cancer,156.503,2.81,0,0
Neptune,1913-11-01T03:01Z,118.2396,Cancer,1914-04-06T14:48Z,115.4303,Cancer,156.491,2.809,0,0
Neptune,1914-11-03T13:17Z,120.4572,Leo,1915-04-09T03:32Z,117.6491,Cancer,156.593,2.808,0,0
Neptune,1915-11-05T23:53Z,122.6745,Leo,1916-04-10T13:13Z,119.8679,Cancer,156.555,2.807,0,0
Neptune,1916-11-07T10:37Z,124.8918,Leo,1917-04-13T01:02Z,122.0873,Leo,156.601,2.805,0,0
Neptune,1917-11-09T22:27Z,127.11,Leo,1918-04-15T11:59Z,124.3071,Leo,156.564,2.803,0,0
Neptune,1918-11-12T09:18Z,129.3283,Leo,1919-04-18T01:29Z,126.5267,Leo,156.674,2.802,0,0
Neptune,1919-11-14T21:39Z,131.5458,Leo,1920-04-19T13:37Z,128.7447,Leo,156.665,2.801,0,0
Neptune,1920-11-16T08:24Z,133.7615,Leo,1921-04-22T02:07Z,130.9608,Leo,156.738,2.801,0,0
Neptune,1921-11-18T20:57Z,135.9744,Leo,1922-04-24T15:22Z,133.1736,Leo,156.768,2.801,0,0
Neptune,1922-11-21T06:47Z,138.1844,Leo,1923-04-27T02:19Z,135.3831,Leo,156.814,2.801,0,0
Neptune,1923-11-23T16:52Z,140.3906,Leo,1924-04-28T15:25Z,137.5891,Leo,156.94,2.802,0,0
Neptune,1924-11-25T02:48Z,142.5937,Leo,1925-05-01T01:21Z,139.7918,Leo,156.94,2.802,0,0
Neptune,1925-11-27T12:22Z,144.7937,Leo,1926-05-03T13:12Z,141.9921,Leo,157.035,2.802,0,0
Neptune,1926-11-29T23:02Z,146.9919,Leo,1927-05-05T23:55Z,144.191,Leo,157.037,2.801,0,0
Neptune,1927-12-02T08:53Z,149.1892,Leo,1928-05-07T12:31Z,146.39,Leo,157.151,2.799,0,0
Neptune,1928-12-03T20:48Z,151.3871,Virgo,1929-05-09T23:43Z,148.5898,Leo,157.121,2.797,0,0
Neptune,1929-12-06T07:27Z,153.5863,Virgo,1930-05-12T11:55Z,150.7914,Virgo,157.186,2.795,0,0
Neptune,1930-12-08T20:17Z,155.7867,Virgo,1931-05-15T01:10Z,152.9937,Virgo,157.203,2.793,0,0
Neptune,1931-12-11T06:19Z,157.9879,Virgo,1932-05-16T12:32Z,155.1963,Virgo,157.259,2.792,0,0
Neptune,1932-12-12T16:30Z,160.1884,Virgo,1933-05-19T01:36Z,157.3978,Virgo,157.379,2.791,0,0
Neptune,1933-12-15T02:59Z,162.3877,Virgo,1934-05-21T11:52Z,159.5973,Virgo,157.37,2.79,0,0
Neptune,1934-12-17T11:48Z,164.5844,Virgo,1935-05-24T00:16Z,161.7938,Virgo,157.519,2.791,0,0
Neptune,1935-12-19T21:24Z,166.7779,Virgo,1936-05-25T11:08Z,163.9866,Virgo,157.572,2.791,0,0
Neptune,1936-12-21T05:56Z,168.9676,Virgo,1937-05-27T23:14Z,166.1757,Virgo,157.721,2.792,0,0
Neptune,1937-12-23T16:57Z,171.1537,Virgo,1938-05-30T10:13Z,168.3611,Virgo,157.719,2.793,0,0
Neptune,1938-12-26T02:27Z,173.3366,Virgo,1939-06-01T22:37Z,170.5441,Virgo,157.84,2.792,0,0
Neptune,1939-12-28T14:15Z,175.5173,Virgo,1940-06-03T11:47Z,172.7258,Virgo,157.897,2.792,0,0
Neptune,1940-12-30T00:04Z,177.6978,Virgo,1941-06-05T22:54Z,174.9081,Virgo,157.951,2.79,0,0
Neptune,1942-01-01T10:32Z,179.8791,Virgo,1942-06-08T11:44Z,177.0917,Virgo,158.05,2.787,0,0
Neptune,1943-01-03T21:21Z,182.0623,Libra,1943-06-10T22:06Z,179.2771,Virgo,158.031,2.785,0,0
Neptune,1944-01-06T06:22Z,184.2471,Libra,1944-06-12T10:25Z,181.4641,Libra,158.168,2.783,0,0
Neptune,1945-01-07T16:34Z,186.4334,Libra,1945-06-14T20:50Z,183.6519,Libra,158.177,2.781,0,0
Neptune,1946-01-10T01:15Z,188.6203,Libra,1946-06-17T08:19Z,185.8399,Libra,158.295,2.78,0,0
Neptune,1947-01-12T12:25Z,190.8069,Libra,1947-06-19T18:46Z,188.0268,Libra,158.265,2.78,0,0
Neptune,1948-01-14T22:02Z,192.9924,Libra,1948-06-21T07:28Z,190.2124,Libra,158.393,2.78,0,0
Neptune,1949-01-16T09:35Z,195.1758,Libra,1949-06-23T20:46Z,192.3954,Libra,158.466,2.78,0,0
Neptune,1950-01-18T19:19Z,197.357,Libra,1950-06-26T08:04Z,194.576,Libra,158.531,2.781,0,0
Neptune,1951-01-21T05:28Z,199.5353,Libra,1951-06-28T21:51Z,196.7543,Libra,158.682,2.781,0,0
Neptune,1952-01-23T16:29Z,201.7119,Libra,1952-06-30T09:23Z,198.9312,Libra,158.705,2.781,0,0
Neptune,1953-01-25T00:57Z,203.8877,Libra,1953-07-02T22:13Z,201.1082,Libra,158.886,2.78,0,0
Neptune,1954-01-27T10:50Z,206.0639,Libra,1954-07-05T08:34Z,203.2858,Libra,158.906,2.778,0,0
Neptune,1955-01-29T19:18Z,208.2411,Libra,1955-07-07T19:39Z,205.4646,Libra,159.015,2.776,0,0
Neptune,1956-02-01T06:32Z,210.4197,Scorpio,1956-07-09T06:09Z,207.6446,Libra,158.984,2.775,0,0
Neptune,1957-02-02T15:51Z,212.5995,Scorpio,1957-07-11T17:51Z,209.8254,Libra,159.083,2.774,0,0
Neptune,1958-02-05T03:15Z,214.7796,Scorpio,1958-07-14T05:52Z,212.006,Scorpio,159.109,2.774,0,0
Neptune,1959-02-07T13:36Z,216.9597,Scorpio,1959-07-16T16:51Z,214.1862,Scorpio,159.136,2.774,0,0
Neptune,1960-02-10T00:07Z,219.1386,Scorpio,1960-07-18T06:55Z,216.3649,Scorpio,159.284,2.774,0,0
Neptune,1961-02-11T11:33Z,221.3162,Scorpio,1961-07-20T18:48Z,218.5418,Scorpio,159.302,2.774,0,0
Neptune,1962-02-13T20:07Z,223.4917,Scorpio,1962-07-23T08:12Z,220.7164,Scorpio,159.504,2.775,0,0
Neptune,1963-02-16T06:05Z,225.6649,Scorpio,1963-07-25T19:14Z,222.8889,Scorpio,159.548,2.776,0,0
Neptune,1964-02-18T14:29Z,227.8367,Scorpio,1964-07-27T07:01Z,225.0606,Scorpio,159.689,2.776,0,0
Neptune,1965-02-20T01:23Z,230.0081,Scorpio,1965-07-29T17:41Z,227.2324,Scorpio,159.679,2.776,0,0
Neptune,1966-02-22T10:42Z,232.1804,Scorpio,1966-08-01T04:30Z,229.4058,Scorpio,159.742,2.775,0,0
Neptune,1967-02-24T22:06Z,234.3544,Scorpio,1967-08-03T15:20Z,231.5812,Scorpio,159.718,2.773,0,0
Neptune,1968-02-27T08:55Z,236.5312,Scorpio,1968-08-05T01:17Z,233.7594,Scorpio,159.682,2.772,0,0
Neptune,1969-02-28T20:20Z,238.7101,Scorpio,1969-08-07T14:55Z,235.9396,Scorpio,159.774,2.77,0,0
Neptune,1970-03-03T09:01Z,240.8912,Sagittarius,1970-08-10T02:22Z,238.1213,Scorpio,159.723,2.77,0,0
Neptune,1971-03-05T18:07Z,243.0733,Sagittarius,1971-08-12T15:14Z,240.3039,Sagittarius,159.88,2.769,0,0
Neptune,1972-03-07T05:19Z,245.2559,Sagittarius,1972-08-14T03:09Z,242.4861,Sagittarius,159.91,2.77,0,0
Neptune,1973-03-09T14:32Z,247.4378,Sagittarius,1973-08-16T16:06Z,244.6673,Sagittarius,160.065,2.771,0,0
Neptune,1974-03-12T01:19Z,249.618,Sagittarius,1974-08-19T03:37Z,246.8459,Sagittarius,160.096,2.772,0,0
Neptune,1975-03-14T10:02Z,251.796,Sagittarius,1975-08-21T14:53Z,249.0225,Sagittarius,160.202,2.774,0,0
Neptune,1976-03-15T20:39Z,253.9717,Sagittarius,1976-08-23T02:04Z,251.197,Sagittarius,160.225,2.775,0,0
Neptune,1977-03-18T07:36Z,256.1464,Sagittarius,1977-08-25T12:07Z,253.3711,Sagittarius,160.188,2.775,0,0
Neptune,1978-03-20T18:47Z,258.3209,Sagittarius,1978-08-28T00:54Z,255.5459,Sagittarius,160.255,2.775,0,0
Neptune,1979-03-23T07:35Z,260.4971,Sagittarius,1979-08-30T11:15Z,257.7229,Sagittarius,160.152,2.774,0,0
Neptune,1980-03-24T17:42Z,262.6759,Sagittarius,1980-08-31T23:38Z,259.9032,Sagittarius,160.247,2.773,0,0
Neptune,1981-03-27T06:08Z,264.8581,Sagittarius,1981-09-03T11:08Z,262.0867,Sagittarius,160.208,2.771,0,0
Neptune,1982-03-29T16:38Z,267.0437,Sagittarius,1982-09-05T23:36Z,264.2735,Sagittarius,160.291,2.77,0,0
Neptune,1983-04-01T04:27Z,269.2325,Sagittarius,1983-09-08T11:00Z,266.463,Sagittarius,160.273,2.77,0,0
Neptune,1984-04-02T14:04Z,271.424,Capricorn,1984-09-09T22:14Z,268.6547,Sagittarius,160.34,2.769,0,0
Neptune,1985-04-05T01:26Z,273.6169,Capricorn,1985-09-12T09:16Z,270.847,Capricorn,160.326,2.77,0,0
Neptune,1986-04-07T12:51Z,275.8104,Capricorn,1986-09-14T19:39Z,273.0392,Capricorn,160.283,2.771,0,0
Neptune,1987-04-10T00:12Z,278.0028,Capricorn,1987-09-17T08:22Z,275.23,Capricorn,160.34,2.773,0,0
Neptune,1988-04-11T13:17Z,280.1943,Capricorn,1988-09-18T18:19Z,277.4196,Capricorn,160.209,2.775,0,0
Neptune,1989-04-13T23:35Z,282.3846,Capricorn,1989-09-21T06:53Z,279.6086,Capricorn,160.304,2.776,0,0
Neptune,1990-04-16T12:55Z,284.5744,Capricorn,1990-09-23T18:36Z,281.7976,Capricorn,160.237,2.777,0,0
Neptune,1991-04-19T00:11Z,286.7652,Capricorn,1991-09-26T07:13Z,283.9883,Capricorn,160.292,2.777,0,0
Neptune,1992-04-20T12:14Z,288.9577,Capricorn,1992-09-27T18:35Z,286.1809,Capricorn,160.265,2.777,0,0
Neptune,1993-04-22T22:32Z,291.1526,Capricorn,1993-09-30T06:09Z,288.3761,Capricorn,160.317,2.776,0,0
Neptune,1994-04-25T10:36Z,293.35,Capricorn,1994-10-02T17:48Z,290.5738,Capricorn,160.3,2.776,0,0
Neptune,1995-04-27T22:14Z,295.5504,Capricorn,1995-10-05T03:56Z,292.7743,Capricorn,160.238,2.776,0,0
Neptune,1996-04-29T09:52Z,297.7531,Capricorn,1996-10-06T15:54Z,294.9766,Capricorn,160.252,2.776,0,0
Neptune,1997-05-01T23:20Z,299.9578,Capricorn,1997-10-09T01:29Z,297.1802,Capricorn,160.089,2.778,0,0
Neptune,1998-05-04T10:39Z,302.1631,Aquarius,1998-10-11T14:03Z,299.3842,Capricorn,160.142,2.779,0,0
Neptune,1999-05-07T00:50Z,304.3684,Aquarius,1999-10-14T01:35Z,301.5875,Aquarius,160.031,2.781,0,0
Neptune,2000-05-08T12:30Z,306.5732,Aquarius,2000-10-15T14:12Z,303.7901,Aquarius,160.071,2.783,0,0
Neptune,2001-05-11T01:13Z,308.7771,Aquarius,2001-10-18T01:49Z,305.9922,Aquarius,160.025,2.785,0,0
Neptune,2002-05-13T12:10Z,310.9811,Aquarius,2002-10-20T13:52Z,308.195,Aquarius,160.071,2.786,0,0
Neptune,2003-05-16T00:46Z,313.1861,Aquarius,2003-10-23T01:54Z,310.3994,Aquarius,160.047,2.787,0,0
Neptune,2004-05-17T12:13Z,315.3935,Aquarius,2004-10-24T11:55Z,312.6066,Aquarius,159.988,2.787,0,0
Neptune,2005-05-19T23:35Z,317.6035,Aquarius,2005-10-26T23:24Z,314.8169,Aquarius,159.992,2.787,0,0
Neptune,2006-05-22T13:05Z,319.8171,Aquarius,2006-10-29T07:56Z,317.0306,Aquarius,159.785,2.786,0,0
Neptune,2007-05-25T01:08Z,322.0341,Aquarius,2007-10-31T20:07Z,319.248,Aquarius,159.791,2.786,0,0
Neptune,2008-05-26T16:14Z,324.2546,Aquarius,2008-11-02T06:38Z,321.4682,Aquarius,159.6,2.786,0,0
Neptune,2009-05-29T04:29Z,326.4778,Aquarius,2009-11-04T18:09Z,323.6907,Aquarius,159.569,2.787,0,0
Neptune,2010-05-31T18:48Z,328.7024,Aquarius,2010-11-07T06:04Z,325.9139,Aquarius,159.469,2.788,0,0
Neptune,2011-06-03T07:27Z,330.9274,Pisces,2011-11-09T18:54Z,328.137,Aquarius,159.477,2.79,0,0
Neptune,2012-06-04T21:04Z,333.1514,Pisces,2012-11-11T07:52Z,330.3585,Pisces,159.45,2.793,0,0
Neptune,2013-06-07T08:25Z,335.3742,Pisces,2013-11-13T18:42Z,332.579,Pisces,159.428,2.795,0,0
Neptune,2014-06-09T19:50Z,337.5956,Pisces,2014-11-16T07:05Z,334.7987,Pisces,159.469,2.797,0,0
Neptune,2015-06-12T09:08Z,339.8173,Pisces,2015-11-18T16:30Z,337.019,Pisces,159.307,2.798,0,0
Neptune,2016-06-13T20:43Z,342.0399,Pisces,2016-11-20T04:38Z,339.2411,Pisces,159.33,2.799,0,0
Neptune,2017-06-16T11:10Z,344.2647,Pisces,2017-11-22T14:20Z,341.4656,Pisces,159.132,2.799,0,0
Neptune,2018-06-18T23:26Z,346.4926,Pisces,2018-11-25T01:08Z,343.6939,Pisces,159.071,2.799,0,0
Neptune,2019-06-21T14:35Z,348.7242,Pisces,2019-11-27T12:32Z,345.9262,Pisces,158.915,2.798,0,0
Neptune,2020-06-23T04:31Z,350.9601,Pisces,2020-11-29T00:36Z,348.1626,Pisces,158.837,2.798,0,0
Neptune,2021-06-25T19:21Z,353.1998,Pisces,2021-12-01T13:23Z,350.4024,Pisces,158.751,2.797,0,0
Neptune,2022-06-28T07:54Z,355.4426,Pisces,2022-12-04T00:15Z,352.6449,Pisces,158.681,2.798,0,0
Neptune,2023-06-30T21:07Z,357.6869,Pisces,2023-12-06T13:22Z,354.8881,Pisces,158.677,2.799,0,0
Neptune,2024-07-02T10:41Z,359.9318,Pisces,2024-12-07T23:44Z,357.1309,Pisces,158.543,2.801,0,0
Neptune,2025-07-04T21:33Z,2.1754,Aries,2025-12-10T12:24Z,359.3726,Pisces,158.618,2.803,0,0
Neptune,2026-07-07T10:55Z,4.418,Aries,2026-12-12T22:18Z,1.6128,Aries,158.474,2.805,0,0
Neptune,2027-07-09T22:41Z,6.6594,Aries,2027-12-15T09:07Z,3.8525,Aries,158.434,2.807,0,0
Neptune,2028-07-11T13:04Z,8.9002,Aries,2028-12-16T20:43Z,6.0918,Aries,158.319,2.808,0,0
Neptune,2029-07-14T02:10Z,11.1412,Aries,2029-12-19T08:24Z,8.3319,Aries,158.26,2.809,0,0
Neptune,2030-07-16T16:28Z,13.3829,Aries,2030-12-21T20:39Z,10.5733,Aries,158.175,2.81,0,0
Neptune,2031-07-19T06:11Z,15.6265,Aries,2031-12-24T07:40Z,12.8169,Aries,158.062,2.81,0,0
Neptune,2032-07-20T20:43Z,17.872,Aries,2032-12-25T21:02Z,15.0629,Aries,158.013,2.809,0,0
Neptune,2033-07-23T10:25Z,20.1203,Aries,2033-12-28T07:35Z,17.3113,Aries,157.882,2.809,0,0
Neptune,2034-07-25T22:31Z,22.3706,Aries,2034-12-30T20:09Z,19.5617,Aries,157.901,2.809,0,0
Neptune,2035-07-28T12:27Z,24.6225,Aries,2036-01-02T06:33Z,21.8125,Aries,157.754,2.81,0,0
Neptune,2036-07-30T00:18Z,26.8743,Aries,2037-01-03T17:45Z,24.0631,Aries,157.727,2.811,0,0
Neptune,2037-08-01T13:57Z,29.1252,Aries,2038-01-06T05:32Z,26.3122,Aries,157.65,2.813,0,0
Neptune,2038-08-04T01:56Z,31.3748,Taurus,2039-01-08T17:00Z,28.5601,Aries,157.627,2.815,0,0
Neptune,2039-08-06T15:57Z,33.6229,Taurus,2040-01-11T05:08Z,30.8067,Taurus,157.549,2.816,0,0
Neptune,2040-08-08T05:25Z,35.8702,Taurus,2041-01-12T16:36Z,33.0529,Taurus,157.466,2.817,0,0
Neptune,2041-08-10T19:55Z,38.1168,Taurus,2042-01-15T06:18Z,35.2992,Taurus,157.433,2.818,0,0
Neptune,2042-08-13T09:10Z,40.3642,Taurus,2043-01-17T17:05Z,37.5465,Taurus,157.329,2.818,0,0
Neptune,2043-08-15T21:57Z,42.6123,Taurus,2044-01-20T05:45Z,39.7955,Taurus,157.325,2.817,0,0
Neptune,2044-08-17T12:37Z,44.8624,Taurus,2045-01-21T16:17Z,42.0464,Taurus,157.152,2.816,0,0
Neptune,2045-08-20T00:17Z,47.1147,Taurus,2046-01-24T03:36Z,44.2999,Taurus,157.138,2.815,0,0
Neptune,2046-08-22T13:24Z,49.369,Taurus,2047-01-26T14:53Z,46.5547,Taurus,157.061,2.814,0,0
Neptune,2047-08-25T01:15Z,51.6245,Taurus,2048-01-29T01:25Z,48.8101,Taurus,157.007,2.814,0,0
Neptune,2048-08-26T15:00Z,53.8796,Taurus,2049-01-30T13:24Z,51.0644,Taurus,156.933,2.815,0,0
Neptune,2049-08-29T03:11Z,56.1331,Taurus,2050-02-02T01:13Z,53.3168,Taurus,156.918,2.816,0,0
Neptune,2050-08-31T16:35Z,58.3839,Taurus,2051-02-04T14:59Z,55.5662,Taurus,156.933,2.818,0,0
Neptune,2051-09-03T05:39Z,60.6322,Gemini,2052-02-07T02:11Z,57.813,Taurus,156.856,2.819,0,0
Neptune,2052-09-04T18:31Z,62.8775,Gemini,2053-02-08T15:35Z,60.0576,Gemini,156.878,2.82,0,0
Neptune,2053-09-07T08:47Z,65.1211,Gemini,2054-02-11T03:06Z,62.3006,Gemini,156.763,2.82,0,0
Neptune,2054-09-09T19:52Z,67.3634,Gemini,2055-02-13T15:03Z,64.5434,Gemini,156.8,2.82,0,0
Neptune,2055-09-12T09:05Z,69.6056,Gemini,2056-02-16T02:09Z,66.7864,Gemini,156.711,2.819,0,0
Neptune,2056-09-13T20:47Z,71.8489,Gemini,2057-02-17T12:15Z,69.0313,Gemini,156.645,2.818,0,0
Neptune,2057-09-16T09:53Z,74.0941,Gemini,2058-02-19T23:29Z,71.2783,Gemini,156.566,2.816,0,0
Neptune,2058-09-18T21:36Z,76.3419,Gemini,2059-02-22T10:33Z,73.5277,Gemini,156.54,2.814,0,0
Neptune,2059-09-21T10:43Z,78.5913,Gemini,2060-02-24T23:39Z,75.7782,Gemini,156.538,2.813,0,0
Neptune,2060-09-22T23:44Z,80.8416,Gemini,2061-02-26T10:24Z,78.0288,Gemini,156.444,2.813,0,0
Neptune,2061-09-25T12:52Z,83.0908,Gemini,2062-03-01T00:25Z,80.2782,Gemini,156.481,2.813,0,0
Neptune,2062-09-28T02:46Z,85.3382,Gemini,2063-03-03T13:00Z,82.5246,Gemini,156.427,2.814,0,0
Neptune,2063-09-30T13:40Z,87.5824,Gemini,2064-03-05T01:40Z,84.768,Gemini,156.5,2.814,0,0
Neptune,2064-10-02T03:07Z,89.8231,Gemini,2065-03-07T13:48Z,87.0077,Gemini,156.446,2.815,0,0
Neptune,2065-10-04T14:11Z,92.0604,Cancer,2066-03-10T00:48Z,89.2443,Gemini,156.442,2.816,0,0
Neptune,2066-10-07T01:51Z,94.2943,Cancer,2067-03-12T12:41Z,91.4778,Cancer,156.451,2.817,0,0
Neptune,2067-10-09T12:02Z,96.5258,Cancer,2068-03-13T23:23Z,93.7095,Cancer,156.473,2.816,0,0
Neptune,2068-10-10T23:53Z,98.7555,Cancer,2069-03-16T11:23Z,95.9401,Cancer,156.479,2.815,0,0
Neptune,2069-10-13T11:43Z,100.9852,Cancer,2070-03-18T21:33Z,98.171,Cancer,156.41,2.814,0,0
Neptune,2070-10-15T23:38Z,103.2151,Cancer,2071-03-21T10:58Z,100.4028,Cancer,156.472,2.812,0,0
Neptune,2071-10-18T12:58Z,105.446,Cancer,2072-03-22T22:48Z,102.6349,Cancer,156.41,2.811,0,0
Neptune,2072-10-20T00:17Z,107.6771,Cancer,2073-03-25T11:17Z,104.8673,Cancer,156.458,2.81,0,0
Neptune,2073-10-22T13:55Z,109.9077,Cancer,2074-03-27T23:46Z,107.0984,Cancer,156.411,2.809,0,0
Neptune,2074-10-25T00:55Z,112.1367,Cancer,2075-03-30T11:12Z,109.3276,Cancer,156.428,2.809,0,0
Neptune,2075-10-27T12:34Z,114.3633,Cancer,2076-03-31T23:43Z,111.5541,Cancer,156.464,2.809,0,0
Neptune,2076-10-28T22:21Z,116.5872,Cancer,2077-04-03T10:21Z,113.7777,Cancer,156.5,2.81,0,0
Neptune,2077-10-31T09:30Z,118.808,Cancer,2078-04-05T22:03Z,115.9983,Cancer,156.523,2.81,0,0
Neptune,2078-11-02T19:49Z,121.0262,Leo,2079-04-08T08:16Z,118.2162,Cancer,156.519,2.81,0,0
Neptune,2079-11-05T06:09Z,123.2415,Leo,2080-04-09T21:31Z,120.4319,Leo,156.64,2.81,0,0
Neptune,2080-11-06T18:21Z,125.4553,Leo,2081-04-12T08:54Z,122.6466,Leo,156.606,2.809,0,0
Neptune,2081-11-09T04:55Z,127.6684,Leo,2082-04-14T20:44Z,124.8616,Leo,156.659,2.807,0,0
Neptune,2082-11-11T18:30Z,129.8818,Leo,2083-04-17T09:32Z,127.0769,Leo,156.626,2.805,0,0
Neptune,2083-11-14T05:15Z,132.0961,Leo,2084-04-18T21:26Z,129.2932,Leo,156.674,2.803,0,0
Neptune,2084-11-15T17:08Z,134.3106,Leo,2085-04-21T10:02Z,131.5094,Leo,156.704,2.801,0,0
Neptune,2085-11-18T03:41Z,136.5249,Leo,2086-04-23T20:38Z,133.7248,Leo,156.706,2.8,0,0
Neptune,2086-11-20T14:43Z,138.7376,Leo,2087-04-26T08:47Z,135.938,Leo,156.753,2.8,0,0
Neptune,2087-11-23T00:17Z,140.948,Leo,2088-04-27T19:22Z,138.1483,Leo,156.795,2.8,0,0
Neptune,2088-11-24T09:37Z,143.1552,Leo,2089-04-30T08:10Z,140.3554,Leo,156.94,2.8,0,0
Neptune,2089-11-26T20:52Z,145.3592,Leo,2090-05-02T19:10Z,142.5588,Leo,156.929,2.8,0,0
Neptune,2090-11-29T06:25Z,147.5597,Leo,2091-05-05T07:18Z,144.7592,Leo,157.037,2.8,0,0
Neptune,2091-12-01T18:50Z,149.7572,Leo,2092-05-06T20:21Z,146.9568,Leo,157.063,2.8,0,0
Neptune,2092-12-03T04:43Z,151.9527,Virgo,2093-05-09T08:23Z,149.1534,Leo,157.153,2.799,0,0
Neptune,2093-12-05T16:16Z,154.1474,Virgo,2094-05-11T20:53Z,151.3498,Virgo,157.192,2.798,0,0
Neptune,2094-12-08T02:51Z,156.3427,Virgo,2095-05-14T07:30Z,153.5475,Virgo,157.194,2.795,0,0
Neptune,2095-12-10T13:41Z,158.5394,Virgo,2096-05-15T19:20Z,155.7467,Virgo,157.236,2.793,0,0
Neptune,2096-12-11T23:20Z,160.738,Virgo,2097-05-18T05:33Z,157.9475,Virgo,157.259,2.791,0,0
Neptune,2097-12-14T08:16Z,162.9376,Virgo,2098-05-20T17:32Z,160.1488,Virgo,157.386,2.789,0,0
Neptune,2098-12-16T19:31Z,165.1373,Virgo,2099-05-23T03:31Z,162.3492,Virgo,157.334,2.788,0,0
Neptune,2099-12-19T04:40Z,167.336,Virgo,2100-05-25T15:40Z,164.5484,Virgo,157.459,2.788,0,0
Neptune,2100-12-21T16:31Z,169.5326,Virgo,2101-01-01T00:00Z,169.5024,Virgo,10.312,0.03,0,1
Pluto,1900-01-01T00:00Z,75.2514,Gemini,1900-02-27T14:50Z,74.6956,Gemini,57.618,0.556,1,0
Pluto,1900-09-17T19:23Z,77.6987,Gemini,1901-02-28T18:17Z,75.6846,Gemini,163.954,2.014,0,0
Pluto,1901-09-19T00:36Z,78.6954,Gemini,1902-03-02T01:05Z,76.6776,Gemini,164.02,2.018,0,0
Pluto,1902-09-20T06:48Z,79.6971,Gemini,1903-03-03T07:12Z,77.6762,Gemini,164.017,2.021,0,0
Pluto,1903-09-21T12:38Z,80.7053,Gemini,1904-03-03T13:41Z,78.6812,Gemini,164.043,2.024,0,0
Pluto,1904-09-21T20:44Z,81.7202,Gemini,1905-03-04T18:30Z,79.6929,Gemini,163.907,2.027,0,0
Pluto,1905-09-23T07:11Z,82.7423,Gemini,1906-03-05T21:25Z,80.7114,Gemini,163.593,2.031,0,0
Pluto,1906-09-24T14:11Z,83.7713,Gemini,1907-03-07T04:17Z,81.7362,Gemini,163.587,2.035,0,0
Pluto,1907-09-25T20:53Z,84.8067,Gemini,1908-03-07T11:13Z,82.7669,Gemini,163.598,2.04,0,0
Pluto,1908-09-26T02:04Z,85.8481,Gemini,1909-03-08T19:54Z,83.8032,Gemini,163.744,2.045,0,0
Pluto,1909-09-27T10:44Z,86.8953,Gemini,1910-03-10T01:15Z,84.8448,Gemini,163.605,2.05,0,0
Pluto,1910-09-28T20:28Z,87.9484,Gemini,1911-03-11T05:17Z,85.8923,Gemini,163.367,2.056,0,0
Pluto,1911-09-30T04:38Z,89.0075,Gemini,1912-03-11T12:45Z,86.9456,Gemini,163.338,2.062,0,0
Pluto,1912-09-30T13:09Z,90.0733,Cancer,1913-03-12T20:19Z,88.0056,Gemini,163.298,2.068,0,0
Pluto,1913-10-01T19:26Z,91.1466,Cancer,1914-03-14T05:02Z,89.0734,Gemini,163.4,2.073,0,0
Pluto,1914-10-03T03:15Z,92.2283,Cancer,1915-03-15T12:30Z,90.1497,Cancer,163.386,2.079,0,0
Pluto,1915-10-04T14:44Z,93.3193,Cancer,1916-03-15T16:59Z,91.2353,Cancer,163.094,2.084,0,0
Pluto,1916-10-05T01:22Z,94.4201,Cancer,1917-03-16T23:11Z,92.3303,Cancer,162.91,2.09,0,0
Pluto,1917-10-06T12:13Z,95.5308,Cancer,1918-03-18T06:18Z,93.4349,Cancer,162.754,2.096,0,0
Pluto,1918-10-07T19:12Z,96.651,Cancer,1919-03-19T17:34Z,94.5483,Cancer,162.932,2.103,0,0
Pluto,1919-10-09T04:01Z,97.7802,Cancer,1920-03-20T02:47Z,95.6699,Cancer,162.949,2.11,0,0
Pluto,1920-10-09T14:24Z,98.9182,Cancer,1921-03-21T10:01Z,96.7998,Cancer,162.817,2.118,0,0
Pluto,1921-10-11T01:05Z,100.0643,Cancer,1922-03-22T18:40Z,97.9376,Cancer,162.733,2.127,0,0
Pluto,1922-10-12T14:08Z,101.2193,Cancer,1923-03-24T02:06Z,99.0839,Cancer,162.499,2.135,0,0
Pluto,1923-10-14T00:01Z,102.3838,Cancer,1924-03-24T12:43Z,100.2398,Cancer,162.529,2.144,0,0
Pluto,1924-10-14T09:40Z,103.5583,Cancer,1925-03-25T23:07Z,101.406,Cancer,162.561,2.152,0,0
Pluto,1925-10-15T20:16Z,104.7447,Cancer,1926-03-27T08:08Z,102.5842,Cancer,162.495,2.16,0,0
Pluto,1926-10-17T08:51Z,105.9438,Cancer,1927-03-28T16:01Z,103.7755,Cancer,162.299,2.168,0,0
Pluto,1927-10-18T23:12Z,107.1572,Cancer,1928-03-28T23:45Z,104.9812,Cancer,162.023,2.176,0,0
Pluto,1928-10-19T12:08Z,108.3859,Cancer,1929-03-30T11:50Z,106.2021,Cancer,161.988,2.184,0,0
Pluto,1929-10-21T02:06Z,109.6304,Cancer,1930-03-31T23:39Z,107.4382,Cancer,161.898,2.192,0,0
Pluto,1930-10-22T13:32Z,110.8908,Cancer,1931-04-02T11:25Z,108.6896,Cancer,161.911,2.201,0,0
Pluto,1931-10-24T01:49Z,112.1662,Cancer,1932-04-02T22:59Z,109.9552,Cancer,161.882,2.211,0,0
Pluto,1932-10-24T17:44Z,113.4563,Cancer,1933-04-04T07:29Z,111.2347,Cancer,161.573,2.222,0,0
Pluto,1933-10-26T08:09Z,114.7608,Cancer,1934-04-05T19:22Z,112.528,Cancer,161.468,2.233,0,0
Pluto,1934-10-28T00:34Z,116.0796,Cancer,1935-04-07T07:54Z,113.8353,Cancer,161.306,2.244,0,0
Pluto,1935-10-29T14:18Z,117.4131,Cancer,1936-04-07T23:24Z,115.1571,Cancer,161.379,2.256,0,0
Pluto,1936-10-30T05:20Z,118.762,Cancer,1937-04-09T13:47Z,116.4944,Cancer,161.352,2.268,0,0
Pluto,1937-10-31T20:07Z,120.1278,Leo,1938-04-11T01:54Z,117.8487,Cancer,161.241,2.279,0,0
Pluto,1938-11-02T12:20Z,121.5115,Leo,1939-04-12T15:16Z,119.2212,Cancer,161.122,2.29,0,0
Pluto,1939-11-04T08:07Z,122.9151,Leo,1940-04-13T03:16Z,120.6139,Leo,160.797,2.301,0,0
Pluto,1940-11-05T01:30Z,124.3401,Leo,1941-04-14T18:26Z,122.028,Leo,160.705,2.312,0,0
Pluto,1941-11-06T20:46Z,125.7875,Leo,1942-04-16T11:02Z,123.4643,Leo,160.595,2.323,0,0
Pluto,1942-11-08T14:42Z,127.2581,Leo,1943-04-18T03:04Z,124.9232,Leo,160.516,2.335,0,0
Pluto,1943-11-10T09:00Z,128.7515,Leo,1944-04-18T19:22Z,126.4043,Leo,160.432,2.347,0,0
Pluto,1944-11-11T05:11Z,130.268,Leo,1945-04-20T10:22Z,127.9076,Leo,160.216,2.36,0,0
Pluto,1945-11-13T01:54Z,131.8072,Leo,1946-04-22T03:52Z,129.4332,Leo,160.082,2.374,0,0
Pluto,1946-11-15T00:42Z,133.3696,Leo,1947-04-23T20:47Z,130.9813,Leo,159.837,2.388,0,0
Pluto,1947-11-16T21:42Z,134.9553,Leo,1948-04-24T16:58Z,132.5528,Leo,159.803,2.402,0,0
Pluto,1948-11-17T20:18Z,136.5649,Leo,1949-04-26T14:00Z,134.148,Leo,159.738,2.417,0,0
Pluto,1949-11-19T18:23Z,138.1999,Leo,1950-04-28T08:40Z,135.7688,Leo,159.595,2.431,0,0
Pluto,1950-11-21T15:56Z,139.8612,Leo,1951-04-30T05:20Z,137.4162,Leo,159.558,2.445,0,0
Pluto,1951-11-23T16:28Z,141.5508,Leo,1952-04-30T23:21Z,139.0919,Leo,159.287,2.459,0,0
Pluto,1952-11-24T17:04Z,143.27,Leo,1953-05-02T20:21Z,140.7975,Leo,159.137,2.472,0,0
Pluto,1953-11-26T20:44Z,145.0199,Leo,1954-05-04T17:45Z,142.5336,Leo,158.876,2.486,0,0
Pluto,1954-11-28T23:44Z,146.8009,Leo,1955-05-06T18:29Z,144.3003,Leo,158.781,2.501,0,0
Pluto,1955-12-01T04:48Z,148.6128,Leo,1956-05-07T20:00Z,146.0974,Leo,158.633,2.515,0,0
Pluto,1956-12-02T07:16Z,150.4557,Virgo,1957-05-09T19:51Z,147.9249,Leo,158.524,2.531,0,0
Pluto,1957-12-04T10:31Z,152.3288,Virgo,1958-05-11T22:01Z,149.7824,Leo,158.479,2.546,0,0
Pluto,1958-12-06T15:43Z,154.2328,Virgo,1959-05-13T21:52Z,151.6701,Virgo,158.256,2.563,0,0
Pluto,1959-12-08T20:27Z,156.1674,Virgo,1960-05-15T00:48Z,153.5886,Virgo,158.182,2.579,0,0
Pluto,1960-12-10T04:38Z,158.1333,Virgo,1961-05-17T04:24Z,155.5384,Virgo,157.99,2.595,0,0
Pluto,1961-12-12T11:54Z,160.1313,Virgo,1962-05-19T09:39Z,157.5209,Virgo,157.906,2.61,0,0
Pluto,1962-12-14T21:45Z,162.1625,Virgo,1963-05-21T15:41Z,159.5374,Virgo,157.747,2.625,0,0
Pluto,1963-12-17T07:08Z,164.2287,Virgo,1964-05-22T21:30Z,161.59,Virgo,157.599,2.639,0,0
Pluto,1964-12-18T18:38Z,166.331,Virgo,1965-05-25T05:22Z,163.6795,Virgo,157.447,2.652,0,0
Pluto,1965-12-21T05:05Z,168.4709,Virgo,1966-05-27T11:12Z,165.8067,Virgo,157.255,2.664,0,0
Pluto,1966-12-23T15:37Z,170.6479,Virgo,1967-05-29T20:30Z,167.9713,Virgo,157.204,2.677,0,0
Pluto,1967-12-26T04:47Z,172.8615,Virgo,1968-05-31T04:01Z,170.172,Virgo,156.968,2.689,0,0
Pluto,1968-12-27T17:05Z,175.1104,Virgo,1969-06-02T14:00Z,172.4082,Virgo,156.872,2.702,0,0
Pluto,1969-12-30T08:07Z,177.3931,Virgo,1970-06-05T02:24Z,174.6778,Virgo,156.761,2.715,0,0
Pluto,1971-01-01T21:59Z,179.7079,Virgo,1971-06-07T15:16Z,176.9796,Virgo,156.72,2.728,0,0
Pluto,1972-01-04T14:44Z,182.053,Libra,1972-06-09T05:44Z,179.3119,Virgo,156.625,2.741,0,0
Pluto,1973-01-06T06:56Z,184.4271,Libra,1973-06-11T20:11Z,181.6737,Libra,156.552,2.753,0,0
Pluto,1974-01-09T00:53Z,186.8286,Libra,1974-06-14T13:17Z,184.0635,Libra,156.516,2.765,0,0
Pluto,1975-01-11T17:40Z,189.2567,Libra,1975-06-17T04:04Z,186.4812,Libra,156.433,2.776,0,0
Pluto,1976-01-14T11:41Z,191.7107,Libra,1976-06-18T21:43Z,188.9265,Libra,156.418,2.784,0,0
Pluto,1977-01-16T07:05Z,194.1908,Libra,1977-06-21T13:21Z,191.3991,Libra,156.261,2.792,0,0
Pluto,1978-01-19T00:46Z,196.6959,Libra,1978-06-24T07:43Z,193.8983,Libra,156.289,2.798,0,0
Pluto,1979-01-21T20:46Z,199.225,Libra,1979-06-27T01:26Z,196.4219,Libra,156.194,2.803,0,0
Pluto,1980-01-24T15:49Z,201.7758,Libra,1980-06-28T20:09Z,198.9682,Libra,156.181,2.808,0,0
Pluto,1981-01-26T12:51Z,204.3457,Libra,1981-07-01T16:12Z,201.5339,Libra,156.14,2.812,0,0
Pluto,1982-01-29T08:18Z,206.9315,Libra,1982-07-04T13:11Z,204.1159,Libra,156.204,2.816,0,0
Pluto,1983-02-01T05:53Z,209.5296,Libra,1983-07-07T11:25Z,206.7105,Libra,156.231,2.819,0,0
Pluto,1984-02-04T02:05Z,212.1366,Scorpio,1984-07-09T08:23Z,209.3146,Libra,156.262,2.822,0,0
Pluto,1985-02-05T23:58Z,214.7487,Scorpio,1985-07-12T08:41Z,211.9243,Scorpio,156.363,2.824,0,0
Pluto,1986-02-08T20:16Z,217.3628,Scorpio,1986-07-15T06:32Z,214.5365,Scorpio,156.428,2.826,0,0
Pluto,1987-02-11T16:55Z,219.9754,Scorpio,1987-07-18T06:11Z,217.1488,Scorpio,156.552,2.827,0,0
Pluto,1988-02-14T14:51Z,222.5849,Scorpio,1988-07-20T04:21Z,219.7593,Scorpio,156.563,2.826,0,0
Pluto,1989-02-16T09:47Z,225.1895,Scorpio,1989-07-23T03:55Z,222.3666,Scorpio,156.756,2.823,0,0
Pluto,1990-02-19T06:30Z,227.7875,Scorpio,1990-07-26T01:25Z,224.9686,Scorpio,156.788,2.819,0,0
Pluto,1991-02-22T01:28Z,230.3773,Scorpio,1991-07-28T23:48Z,227.5635,Scorpio,156.931,2.814,0,0
Pluto,1992-02-24T21:33Z,232.9566,Scorpio,1992-07-30T21:35Z,230.1484,Scorpio,157.002,2.808,0,0
Pluto,1993-02-26T14:30Z,235.5228,Scorpio,1993-08-02T19:29Z,232.721,Scorpio,157.208,2.802,0,0
Pluto,1994-03-01T10:01Z,238.0732,Scorpio,1994-08-05T17:08Z,235.2777,Scorpio,157.297,2.795,0,0
Pluto,1995-03-04T02:34Z,240.605,Sagittarius,1995-08-08T13:34Z,237.8164,Scorpio,157.458,2.789,0,0
Pluto,1996-03-05T20:18Z,243.1156,Sagittarius,1996-08-10T12:34Z,240.3339,Sagittarius,157.678,2.782,0,0
Pluto,1997-03-08T12:54Z,245.6027,Sagittarius,1997-08-13T08:32Z,242.8279,Sagittarius,157.818,2.775,0,0
Pluto,1998-03-11T04:54Z,248.0634,Sagittarius,1998-08-16T06:09Z,245.2961,Sagittarius,158.051,2.767,0,0
Pluto,1999-03-13T21:34Z,250.4969,Sagittarius,1999-08-19T01:46Z,247.7376,Sagittarius,158.175,2.759,0,0
Pluto,2000-03-15T11:51Z,252.902,Sagittarius,2000-08-20T22:43Z,250.152,Sagittarius,158.453,2.75,0,0
Pluto,2001-03-18T02:38Z,255.2793,Sagittarius,2001-08-23T16:07Z,252.5395,Sagittarius,158.561,2.74,0,0
Pluto,2002-03-20T14:55Z,257.6287,Sagittarius,2002-08-26T11:01Z,254.9006,Sagittarius,158.837,2.728,0,0
Pluto,2003-03-23T05:13Z,259.9511,Sagittarius,2003-08-29T03:34Z,257.2352,Sagittarius,158.931,2.716,0,0
Pluto,2004-03-24T15:09Z,262.2467,Sagittarius,2004-08-30T19:38Z,259.5436,Sagittarius,159.187,2.703,0,0
Pluto,2005-03-27T02:28Z,264.5148,Sagittarius,2005-09-02T10:53Z,261.8245,Sagittarius,159.35,2.69,0,0
Pluto,2006-03-29T12:39Z,266.7552,Sagittarius,2006-09-04T23:21Z,264.0776,Sagittarius,159.446,2.678,0,0
Pluto,2007-03-31T22:45Z,268.9668,Sagittarius,2007-09-07T14:55Z,266.3017,Sagittarius,159.673,2.665,0,0
Pluto,2008-04-02T09:23Z,271.1491,Capricorn,2008-09-09T03:14Z,268.496,Sagittarius,159.743,2.653,0,0
Pluto,2009-04-04T17:35Z,273.3006,Capricorn,2009-09-11T16:57Z,270.6589,Capricorn,159.974,2.642,0,0
Pluto,2010-04-07T02:34Z,275.4203,Capricorn,2010-09-14T04:36Z,272.7897,Capricorn,160.085,2.631,0,0
Pluto,2011-04-09T08:50Z,277.5075,Capricorn,2011-09-16T18:24Z,274.8879,Capricorn,160.399,2.62,0,0
Pluto,2012-04-10T16:24Z,279.5626,Capricorn,2012-09-18T05:07Z,276.9541,Capricorn,160.53,2.609,0,0
Pluto,2013-04-12T19:34Z,281.5864,Capricorn,2013-09-20T15:29Z,278.9897,Capricorn,160.83,2.597,0,0
Pluto,2014-04-14T23:46Z,283.5801,Capricorn,2014-09-23T00:35Z,280.9959,Capricorn,161.034,2.584,0,0
Pluto,2015-04-17T03:55Z,285.5459,Capricorn,2015-09-25T06:57Z,282.9747,Capricorn,161.127,2.571,0,0
Pluto,2016-04-18T07:26Z,287.485,Capricorn,2016-09-26T15:02Z,284.9271,Capricorn,161.316,2.558,0,0
Pluto,2017-04-20T12:48Z,289.3985,Capricorn,2017-09-28T19:36Z,286.854,Capricorn,161.283,2.544,0,0
Pluto,2018-04-22T15:25Z,291.2873,Capricorn,2018-10-01T02:04Z,288.7561,Capricorn,161.443,2.531,0,0
Pluto,2019-04-24T18:47Z,293.1517,Capricorn,2019-10-03T06:39Z,290.6336,Capricorn,161.494,2.518,0,0
Pluto,2020-04-25T18:54Z,294.9921,Capricorn,2020-10-04T13:32Z,292.4865,Capricorn,161.776,2.506,0,0
Pluto,2021-04-27T20:02Z,296.808,Capricorn,2021-10-06T18:29Z,294.3141,Capricorn,161.935,2.494,0,0
Pluto,2022-04-29T18:36Z,298.5989,Capricorn,2022-10-08T21:56Z,296.1161,Capricorn,162.139,2.483,0,0
Pluto,2023-05-01T17:08Z,300.3641,Aquarius,2023-10-11T01:10Z,297.8918,Capricorn,162.335,2.472,0,0
Pluto,2024-05-02T17:46Z,302.1039,Aquarius,2024-10-12T00:33Z,299.6418,Capricorn,162.283,2.462,0,0
Pluto,2025-05-04T15:26Z,303.8186,Aquarius,2025-10-14T02:53Z,301.3669,Aquarius,162.477,2.452,0,0
Pluto,2026-05-06T15:34Z,305.5094,Aquarius,2026-10-16T02:40Z,303.0685,Aquarius,162.462,2.441,0,0
Pluto,2027-05-08T12:56Z,307.178,Aquarius,2027-10-18T03:50Z,304.7482,Aquarius,162.621,2.43,0,0
Pluto,2028-05-09T09:33Z,308.8253,Aquarius,2028-10-19T03:42Z,306.4068,Aquarius,162.756,2.419,0,0
Pluto,2029-05-11T04:17Z,310.4528,Aquarius,2029-10-21T03:54Z,308.0456,Aquarius,162.984,2.407,0,0
Pluto,2030-05-12T23:12Z,312.0607,Aquarius,2030-10-23T03:06Z,309.6647,Aquarius,163.162,2.396,0,0
Pluto,2031-05-14T20:27Z,313.6502,Aquarius,2031-10-24T23:13Z,311.2652,Aquarius,163.115,2.385,0,0
Pluto,2032-05-15T15:53Z,315.2212,Aquarius,2032-10-25T21:09Z,312.8466,Aquarius,163.22,2.375,0,0
Pluto,2033-05-17T12:59Z,316.7736,Aquarius,2033-10-27T16:40Z,314.4087,Aquarius,163.153,2.365,0,0
Pluto,2034-05-19T07:00Z,318.3072,Aquarius,2034-10-29T13:42Z,315.9516,Aquarius,163.279,2.356,0,0
Pluto,2035-05-20T23:00Z,319.8215,Aquarius,2035-10-31T11:35Z,317.4748,Aquarius,163.524,2.347,0,0
Pluto,2036-05-21T15:37Z,321.3169,Aquarius,2036-11-01T07:54Z,318.9787,Aquarius,163.678,2.338,0,0
Pluto,2037-05-23T07:49Z,322.7937,Aquarius,2037-11-03T03:37Z,320.4642,Aquarius,163.825,2.329,0,0
Pluto,2038-05-25T02:20Z,324.2531,Aquarius,2038-11-04T20:21Z,321.9328,Aquarius,163.751,2.32,0,0
Pluto,2039-05-26T19:20Z,325.6966,Aquarius,2039-11-06T13:54Z,323.3857,Aquarius,163.774,2.311,0,0
Pluto,2040-05-27T13:24Z,327.1253,Aquarius,2040-11-07T06:03Z,324.8242,Aquarius,163.694,2.301,0,0
Pluto,2041-05-29T03:32Z,328.5405,Aquarius,2041-11-09T00:10Z,326.2493,Aquarius,163.86,2.291,0,0
Pluto,2042-05-30T16:36Z,329.9428,Aquarius,2042-11-10T19:21Z,327.6614,Aquarius,164.115,2.281,0,0
Pluto,2043-06-01T08:39Z,331.3329,Pisces,2043-11-12T11:27Z,329.0611,Aquarius,164.117,2.272,0,0
Pluto,2044-06-01T23:11Z,332.7108,Pisces,2044-11-13T04:07Z,330.448,Pisces,164.205,2.263,0,0
Pluto,2045-06-03T16:36Z,334.0759,Pisces,2045-11-14T17:33Z,331.8216,Pisces,164.04,2.254,0,0
Pluto,2046-06-05T07:26Z,335.4277,Pisces,2046-11-16T08:46Z,333.181,Pisces,164.056,2.247,0,0
Pluto,2047-06-06T20:54Z,336.7652,Pisces,2047-11-17T23:55Z,334.5255,Pisces,164.126,2.24,0,0
Pluto,2048-06-07T08:19Z,338.0882,Pisces,2048-11-18T16:54Z,335.855,Pisces,164.358,2.233,0,0
Pluto,2049-06-08T19:14Z,339.3964,Pisces,2049-11-20T09:39Z,337.1697,Pisces,164.601,2.227,0,0
Pluto,2050-06-10T09:59Z,340.6906,Pisces,2050-11-21T22:13Z,338.4707,Pisces,164.509,2.22,0,0
Pluto,2051-06-11T22:43Z,341.972,Pisces,2051-11-23T12:13Z,339.7592,Pisces,164.563,2.213,0,0
Pluto,2052-06-12T12:11Z,343.2414,Pisces,2052-11-23T23:59Z,341.0362,Pisces,164.492,2.205,0,0
Pluto,2053-06-14T00:08Z,344.5005,Pisces,2053-11-25T13:09Z,342.303,Pisces,164.542,2.197,0,0
Pluto,2054-06-15T10:07Z,345.75,Pisces,2054-11-27T03:42Z,343.5605,Pisces,164.733,2.189,0,0
Pluto,2055-06-16T22:47Z,346.991,Pisces,2055-11-28T16:12Z,344.8095,Pisces,164.726,2.181,0,0
Pluto,2056-06-17T11:19Z,348.2237,Pisces,2056-11-29T04:16Z,346.0498,Pisces,164.706,2.174,0,0
Pluto,2057-06-19T01:26Z,349.4479,Pisces,2057-11-30T13:44Z,347.2812,Pisces,164.513,2.167,0,0
Pluto,2058-06-20T11:42Z,350.6633,Pisces,2058-12-02T02:01Z,348.5031,Pisces,164.596,2.16,0,0
Pluto,2059-06-21T20:09Z,351.8688,Pisces,2059-12-03T15:22Z,349.7144,Pisces,164.801,2.154,0,0
Pluto,2060-06-22T06:09Z,353.0641,Pisces,2060-12-04T03:50Z,350.915,Pisces,164.903,2.149,0,0
Pluto,2061-06-23T15:04Z,354.2486,Pisces,2061-12-05T16:55Z,352.1047,Pisces,165.077,2.144,0,0
Pluto,2062-06-25T03:50Z,355.4226,Pisces,2062-12-07T01:44Z,353.2839,Pisces,164.913,2.139,0,0
Pluto,2063-06-26T15:44Z,356.5868,Pisces,2063-12-08T10:32Z,354.4536,Pisces,164.783,2.133,0,0
Pluto,2064-06-27T00:46Z,357.7418,Pisces,2064-12-08T20:02Z,355.6144,Pisces,164.803,2.127,0,0
Pluto,2065-06-28T08:19Z,358.8886,Pisces,2065-12-10T07:48Z,356.7671,Pisces,164.979,2.121,0,0
Pluto,2066-06-29T15:15Z,0.0279,Aries,2066-12-11T20:19Z,357.9125,Pisces,165.211,2.115,0,0
Pluto,2067-07-01T02:17Z,1.1605,Aries,2067-12-13T05:02Z,359.0511,Pisces,165.115,2.109,0,0
Pluto,2068-07-01T12:26Z,2.2865,Aries,2068-12-13T14:17Z,0.183,Aries,165.077,2.103,0,0
Pluto,2069-07-02T22:48Z,3.4057,Aries,2069-12-14T21:37Z,1.3078,Aries,164.951,2.098,0,0
Pluto,2070-07-04T07:25Z,4.5182,Aries,2070-12-16T06:18Z,2.4253,Aries,164.954,2.093,0,0
Pluto,2071-07-05T13:16Z,5.6232,Aries,2071-12-17T18:02Z,3.5348,Aries,165.199,2.088,0,0
Pluto,2072-07-05T22:09Z,6.7202,Aries,2072-12-18T03:27Z,4.636,Aries,165.221,2.084,0,0
Pluto,2073-07-07T07:12Z,7.8092,Aries,2073-12-19T12:04Z,5.729,Aries,165.203,2.08,0,0
Pluto,2074-07-08T16:57Z,8.8904,Aries,2074-12-20T18:11Z,6.8146,Aries,165.051,2.076,0,0
Pluto,2075-07-09T23:48Z,9.9648,Aries,2075-12-22T02:36Z,7.8935,Aries,165.117,2.071,0,0
Pluto,2076-07-10T04:28Z,11.0331,Aries,2076-12-22T12:32Z,8.9666,Aries,165.336,2.067,0,0
Pluto,2077-07-11T12:48Z,12.0964,Aries,2077-12-23T20:41Z,10.035,Aries,165.329,2.061,0,0
Pluto,2078-07-12T20:24Z,13.1554,Aries,2078-12-25T05:34Z,11.0993,Aries,165.382,2.056,0,0
Pluto,2079-07-14T06:59Z,14.2104,Aries,2079-12-26T10:00Z,12.1596,Aries,165.126,2.051,0,0
Pluto,2080-07-14T16:38Z,15.2619,Aries,2080-12-26T14:47Z,13.2162,Aries,164.923,2.046,0,0
Pluto,2081-07-15T21:16Z,16.3096,Aries,2081-12-27T23:34Z,14.2684,Aries,165.096,2.041,0,0
Pluto,2082-07-17T02:48Z,17.3531,Aries,2082-12-29T08:41Z,15.3158,Aries,165.245,2.037,0,0
Pluto,2083-07-18T08:53Z,18.3913,Aries,2083-12-30T18:23Z,16.3573,Aries,165.396,2.034,0,0
Pluto,2084-07-18T18:01Z,19.4232,Aries,2084-12-31T00:01Z,17.3919,Aries,165.25,2.031,0,0
Pluto,2085-07-20T01:23Z,20.4483,Aries,2086-01-01T05:47Z,18.4197,Aries,165.183,2.029,0,0
Pluto,2086-07-21T06:16Z,21.4666,Aries,2087-01-02T12:24Z,19.4405,Aries,165.255,2.026,0,0
Pluto,2087-07-22T11:56Z,22.4789,Aries,2088-01-03T19:25Z,20.4554,Aries,165.312,2.023,0,0
Pluto,2088-07-22T16:16Z,23.4857,Aries,2089-01-04T04:21Z,21.4652,Aries,165.504,2.021,0,0
Pluto,2089-07-24T00:27Z,24.4878,Aries,2090-01-05T09:38Z,22.4708,Aries,165.382,2.017,0,0
Pluto,2090-07-25T09:05Z,25.4865,Aries,2091-01-06T13:45Z,23.4731,Aries,165.195,2.013,0,0
Pluto,2091-07-26T14:31Z,26.4823,Aries,2092-01-07T18:59Z,24.4728,Aries,165.186,2.009,0,0
Pluto,2092-07-26T19:38Z,27.4761,Aries,2093-01-08T01:54Z,25.4704,Aries,165.261,2.006,0,0
Pluto,2093-07-27T23:51Z,28.4681,Aries,2094-01-09T10:38Z,26.466,Aries,165.45,2.002,0,0
Pluto,2094-07-29T08:03Z,29.458,Aries,2095-01-10T15:27Z,27.4589,Aries,165.308,1.999,0,0
Pluto,2095-07-30T15:20Z,30.445,Taurus,2096-01-11T20:09Z,28.4484,Aries,165.201,1.997,0,0
Pluto,2096-07-30T20:45Z,31.4281,Taurus,2097-01-12T00:47Z,29.4335,Aries,165.168,1.995,0,0
Pluto,2097-08-01T01:10Z,32.4071,Taurus,2098-01-13T06:23Z,30.4142,Taurus,165.217,1.993,0,0
Pluto,2098-08-02T03:51Z,33.3819,Taurus,2099-01-14T14:42Z,31.3906,Taurus,165.452,1.991,0,0
Pluto,2099-08-03T10:13Z,34.3526,Taurus,2100-01-15T20:43Z,32.363,Taurus,165.438,1.99,0,0
Pluto,2100-08-04T18:18Z,35.3197,Taurus,2101-01-01T00:00Z,33.3791,Taurus,149.238,1.941,0,1
